2025-12-23T07:37:34.018Z  INFO 7 --- [deepapp_main] [main] c.deepapp.vn.io.DeepappMainApplication   : Starting DeepappMainApplication v0.0.1-SNAPSHOT using Java 17.0.17 with PID 7 (/app/app.jar started by root in /app)
2025-12-23T07:37:34.020Z DEBUG 7 --- [deepapp_main] [main] c.deepapp.vn.io.DeepappMainApplication   : Running with Spring Boot v4.0.1, Spring v7.0.2
2025-12-23T07:37:34.021Z  INFO 7 --- [deepapp_main] [main] c.deepapp.vn.io.DeepappMainApplication   : The following 1 profile is active: "docker"
2025-12-23T07:37:35.006Z  INFO 7 --- [deepapp_main] [main] o.s.boot.tomcat.TomcatWebServer          : Tomcat initialized with port 8080 (http)
2025-12-23T07:37:35.023Z  INFO 7 --- [deepapp_main] [main] o.apache.catalina.core.StandardService   : Starting service [Tomcat]
2025-12-23T07:37:35.024Z  INFO 7 --- [deepapp_main] [main] o.apache.catalina.core.StandardEngine    : Starting Servlet engine: [Apache Tomcat/11.0.15]
2025-12-23T07:37:35.054Z  INFO 7 --- [deepapp_main] [main] b.w.c.s.WebApplicationContextInitializer : Root WebApplicationContext: initialization completed in 992 ms
2025-12-23T07:37:35.229Z  INFO 7 --- [deepapp_main] [main] c.d.v.i.i.cpp.CppWorkerManager           : ========================================
2025-12-23T07:37:35.229Z  INFO 7 --- [deepapp_main] [main] c.d.v.i.i.cpp.CppWorkerManager           : C++ Worker Manager - Initialization
2025-12-23T07:37:35.229Z  INFO 7 --- [deepapp_main] [main] c.d.v.i.i.cpp.CppWorkerManager           : ========================================
2025-12-23T07:37:35.229Z  INFO 7 --- [deepapp_main] [main] c.d.v.i.i.cpp.CppWorkerManager           : Starting C++ worker process...
2025-12-23T07:37:35.229Z  INFO 7 --- [deepapp_main] [main] c.d.v.i.i.cpp.CppWorkerManager           :   gRPC Server: 72.60.111.138:50051:50051
2025-12-23T07:37:35.230Z  INFO 7 --- [deepapp_main] [main] c.d.v.i.i.cpp.CppWorkerManager           :   Client ID: cpp-worker
2025-12-23T07:37:35.236Z ERROR 7 --- [deepapp_main] [cpp-worker-error] c.d.v.i.i.cpp.CppWorkerManager           : [C++ Worker ERROR] /app/build/deepapp_worker_main: error while loading shared libraries: libgrpc++.so.1: cannot open shared object file: No such file or directory
2025-12-23T07:37:37.337Z ERROR 7 --- [deepapp_main] [main] c.d.v.i.i.cpp.CppWorkerManager           : Failed to start C++ worker

java.lang.RuntimeException: C++ worker process terminated immediately
	at com.deepapp.vn.io.infrastructure.cpp.CppWorkerManager.startCppWorker(CppWorkerManager.java:222) ~[!/:0.0.1-SNAPSHOT]
	at com.deepapp.vn.io.infrastructure.cpp.CppWorkerManager.initialize(CppWorkerManager.java:73) ~[!/:0.0.1-SNAPSHOT]
	at java.base/jdk.internal.reflect.NativeMethodAccessorImpl.invoke0(Native Method) ~[na:na]
	at java.base/jdk.internal.reflect.NativeMethodAccessorImpl.invoke(Unknown Source) ~[na:na]
	at java.base/jdk.internal.reflect.DelegatingMethodAccessorImpl.invoke(Unknown Source) ~[na:na]
	at java.base/java.lang.reflect.Method.invoke(Unknown Source) ~[na:na]
	at org.springframework.beans.factory.annotation.InitDestroyAnnotationBeanPostProcessor$LifecycleMethod.invoke(InitDestroyAnnotationBeanPostProcessor.java:453) ~[spring-beans-7.0.2.jar!/:7.0.2]
	at org.springframework.beans.factory.annotation.InitDestroyAnnotationBeanPostProcessor$LifecycleMetadata.invokeInitMethods(InitDestroyAnnotationBeanPostProcessor.java:397) ~[spring-beans-7.0.2.jar!/:7.0.2]
	at org.springframework.beans.factory.annotation.InitDestroyAnnotationBeanPostProcessor.postProcessBeforeInitialization(InitDestroyAnnotationBeanPostProcessor.java:217) ~[spring-beans-7.0.2.jar!/:7.0.2]
	at org.springframework.beans.factory.support.AbstractAutowireCapableBeanFactory.applyBeanPostProcessorsBeforeInitialization(AbstractAutowireCapableBeanFactory.java:426) ~[spring-beans-7.0.2.jar!/:7.0.2]
	at org.springframework.beans.factory.support.AbstractAutowireCapableBeanFactory.initializeBean(AbstractAutowireCapableBeanFactory.java:1809) ~[spring-beans-7.0.2.jar!/:7.0.2]
	at org.springframework.beans.factory.support.AbstractAutowireCapableBeanFactory.doCreateBean(AbstractAutowireCapableBeanFactory.java:603) ~[spring-beans-7.0.2.jar!/:7.0.2]
	at org.springframework.beans.factory.support.AbstractAutowireCapableBeanFactory.createBean(AbstractAutowireCapableBeanFactory.java:525) ~[spring-beans-7.0.2.jar!/:7.0.2]
	at org.springframework.beans.factory.support.AbstractBeanFactory.lambda$doGetBean$0(AbstractBeanFactory.java:333) ~[spring-beans-7.0.2.jar!/:7.0.2]
	at org.springframework.beans.factory.support.DefaultSingletonBeanRegistry.getSingleton(DefaultSingletonBeanRegistry.java:371) ~[spring-beans-7.0.2.jar!/:7.0.2]
	at org.springframework.beans.factory.support.AbstractBeanFactory.doGetBean(AbstractBeanFactory.java:331) ~[spring-beans-7.0.2.jar!/:7.0.2]
	at org.springframework.beans.factory.support.AbstractBeanFactory.getBean(AbstractBeanFactory.java:196) ~[spring-beans-7.0.2.jar!/:7.0.2]
	at org.springframework.beans.factory.support.DefaultListableBeanFactory.instantiateSingleton(DefaultListableBeanFactory.java:1218) ~[spring-beans-7.0.2.jar!/:7.0.2]
	at org.springframework.beans.factory.support.DefaultListableBeanFactory.preInstantiateSingleton(DefaultListableBeanFactory.java:1184) ~[spring-beans-7.0.2.jar!/:7.0.2]
	at org.springframework.beans.factory.support.DefaultListableBeanFactory.preInstantiateSingletons(DefaultListableBeanFactory.java:1121) ~[spring-beans-7.0.2.jar!/:7.0.2]
	at org.springframework.context.support.AbstractApplicationContext.finishBeanFactoryInitialization(AbstractApplicationContext.java:993) ~[spring-context-7.0.2.jar!/:7.0.2]
	at org.springframework.context.support.AbstractApplicationContext.refresh(AbstractApplicationContext.java:620) ~[spring-context-7.0.2.jar!/:7.0.2]
	at org.springframework.boot.web.server.servlet.context.ServletWebServerApplicationContext.refresh(ServletWebServerApplicationContext.java:143) ~[spring-boot-web-server-4.0.1.jar!/:4.0.1]
	at org.springframework.boot.SpringApplication.refresh(SpringApplication.java:756) ~[spring-boot-4.0.1.jar!/:4.0.1]
	at org.springframework.boot.SpringApplication.refreshContext(SpringApplication.java:445) ~[spring-boot-4.0.1.jar!/:4.0.1]
	at org.springframework.boot.SpringApplication.run(SpringApplication.java:321) ~[spring-boot-4.0.1.jar!/:4.0.1]
	at org.springframework.boot.SpringApplication.run(SpringApplication.java:1365) ~[spring-boot-4.0.1.jar!/:4.0.1]
	at org.springframework.boot.SpringApplication.run(SpringApplication.java:1354) ~[spring-boot-4.0.1.jar!/:4.0.1]
	at com.deepapp.vn.io.DeepappMainApplication.main(DeepappMainApplication.java:10) ~[!/:0.0.1-SNAPSHOT]
	at java.base/jdk.internal.reflect.NativeMethodAccessorImpl.invoke0(Native Method) ~[na:na]
	at java.base/jdk.internal.reflect.NativeMethodAccessorImpl.invoke(Unknown Source) ~[na:na]
	at java.base/jdk.internal.reflect.DelegatingMethodAccessorImpl.invoke(Unknown Source) ~[na:na]
	at java.base/java.lang.reflect.Method.invoke(Unknown Source) ~[na:na]
	at org.springframework.boot.loader.launch.Launcher.launch(Launcher.java:106) ~[app.jar:0.0.1-SNAPSHOT]
	at org.springframework.boot.loader.launch.Launcher.launch(Launcher.java:64) ~[app.jar:0.0.1-SNAPSHOT]
	at org.springframework.boot.loader.launch.JarLauncher.main(JarLauncher.java:40) ~[app.jar:0.0.1-SNAPSHOT]

2025-12-23T07:37:37.346Z ERROR 7 --- [deepapp_main] [main] c.d.v.i.i.cpp.CppWorkerManager           : Failed to initialize C++ worker manager

java.lang.RuntimeException: C++ worker start failed
	at com.deepapp.vn.io.infrastructure.cpp.CppWorkerManager.startCppWorker(CppWorkerManager.java:230) ~[!/:0.0.1-SNAPSHOT]
	at com.deepapp.vn.io.infrastructure.cpp.CppWorkerManager.initialize(CppWorkerManager.java:73) ~[!/:0.0.1-SNAPSHOT]
	at java.base/jdk.internal.reflect.NativeMethodAccessorImpl.invoke0(Native Method) ~[na:na]
	at java.base/jdk.internal.reflect.NativeMethodAccessorImpl.invoke(Unknown Source) ~[na:na]
	at java.base/jdk.internal.reflect.DelegatingMethodAccessorImpl.invoke(Unknown Source) ~[na:na]
	at java.base/java.lang.reflect.Method.invoke(Unknown Source) ~[na:na]
	at org.springframework.beans.factory.annotation.InitDestroyAnnotationBeanPostProcessor$LifecycleMethod.invoke(InitDestroyAnnotationBeanPostProcessor.java:453) ~[spring-beans-7.0.2.jar!/:7.0.2]
	at org.springframework.beans.factory.annotation.InitDestroyAnnotationBeanPostProcessor$LifecycleMetadata.invokeInitMethods(InitDestroyAnnotationBeanPostProcessor.java:397) ~[spring-beans-7.0.2.jar!/:7.0.2]
	at org.springframework.beans.factory.annotation.InitDestroyAnnotationBeanPostProcessor.postProcessBeforeInitialization(InitDestroyAnnotationBeanPostProcessor.java:217) ~[spring-beans-7.0.2.jar!/:7.0.2]
	at org.springframework.beans.factory.support.AbstractAutowireCapableBeanFactory.applyBeanPostProcessorsBeforeInitialization(AbstractAutowireCapableBeanFactory.java:426) ~[spring-beans-7.0.2.jar!/:7.0.2]
	at org.springframework.beans.factory.support.AbstractAutowireCapableBeanFactory.initializeBean(AbstractAutowireCapableBeanFactory.java:1809) ~[spring-beans-7.0.2.jar!/:7.0.2]
	at org.springframework.beans.factory.support.AbstractAutowireCapableBeanFactory.doCreateBean(AbstractAutowireCapableBeanFactory.java:603) ~[spring-beans-7.0.2.jar!/:7.0.2]
	at org.springframework.beans.factory.support.AbstractAutowireCapableBeanFactory.createBean(AbstractAutowireCapableBeanFactory.java:525) ~[spring-beans-7.0.2.jar!/:7.0.2]
	at org.springframework.beans.factory.support.AbstractBeanFactory.lambda$doGetBean$0(AbstractBeanFactory.java:333) ~[spring-beans-7.0.2.jar!/:7.0.2]
	at org.springframework.beans.factory.support.DefaultSingletonBeanRegistry.getSingleton(DefaultSingletonBeanRegistry.java:371) ~[spring-beans-7.0.2.jar!/:7.0.2]
	at org.springframework.beans.factory.support.AbstractBeanFactory.doGetBean(AbstractBeanFactory.java:331) ~[spring-beans-7.0.2.jar!/:7.0.2]
	at org.springframework.beans.factory.support.AbstractBeanFactory.getBean(AbstractBeanFactory.java:196) ~[spring-beans-7.0.2.jar!/:7.0.2]
	at org.springframework.beans.factory.support.DefaultListableBeanFactory.instantiateSingleton(DefaultListableBeanFactory.java:1218) ~[spring-beans-7.0.2.jar!/:7.0.2]
	at org.springframework.beans.factory.support.DefaultListableBeanFactory.preInstantiateSingleton(DefaultListableBeanFactory.java:1184) ~[spring-beans-7.0.2.jar!/:7.0.2]
	at org.springframework.beans.factory.support.DefaultListableBeanFactory.preInstantiateSingletons(DefaultListableBeanFactory.java:1121) ~[spring-beans-7.0.2.jar!/:7.0.2]
	at org.springframework.context.support.AbstractApplicationContext.finishBeanFactoryInitialization(AbstractApplicationContext.java:993) ~[spring-context-7.0.2.jar!/:7.0.2]
	at org.springframework.context.support.AbstractApplicationContext.refresh(AbstractApplicationContext.java:620) ~[spring-context-7.0.2.jar!/:7.0.2]
	at org.springframework.boot.web.server.servlet.context.ServletWebServerApplicationContext.refresh(ServletWebServerApplicationContext.java:143) ~[spring-boot-web-server-4.0.1.jar!/:4.0.1]
	at org.springframework.boot.SpringApplication.refresh(SpringApplication.java:756) ~[spring-boot-4.0.1.jar!/:4.0.1]
	at org.springframework.boot.SpringApplication.refreshContext(SpringApplication.java:445) ~[spring-boot-4.0.1.jar!/:4.0.1]
	at org.springframework.boot.SpringApplication.run(SpringApplication.java:321) ~[spring-boot-4.0.1.jar!/:4.0.1]
	at org.springframework.boot.SpringApplication.run(SpringApplication.java:1365) ~[spring-boot-4.0.1.jar!/:4.0.1]
	at org.springframework.boot.SpringApplication.run(SpringApplication.java:1354) ~[spring-boot-4.0.1.jar!/:4.0.1]
	at com.deepapp.vn.io.DeepappMainApplication.main(DeepappMainApplication.java:10) ~[!/:0.0.1-SNAPSHOT]
	at java.base/jdk.internal.reflect.NativeMethodAccessorImpl.invoke0(Native Method) ~[na:na]
	at java.base/jdk.internal.reflect.NativeMethodAccessorImpl.invoke(Unknown Source) ~[na:na]
	at java.base/jdk.internal.reflect.DelegatingMethodAccessorImpl.invoke(Unknown Source) ~[na:na]
	at java.base/java.lang.reflect.Method.invoke(Unknown Source) ~[na:na]
	at org.springframework.boot.loader.launch.Launcher.launch(Launcher.java:106) ~[app.jar:0.0.1-SNAPSHOT]
	at org.springframework.boot.loader.launch.Launcher.launch(Launcher.java:64) ~[app.jar:0.0.1-SNAPSHOT]
	at org.springframework.boot.loader.launch.JarLauncher.main(JarLauncher.java:40) ~[app.jar:0.0.1-SNAPSHOT]
Caused by: java.lang.RuntimeException: C++ worker process terminated immediately
	at com.deepapp.vn.io.infrastructure.cpp.CppWorkerManager.startCppWorker(CppWorkerManager.java:222) ~[!/:0.0.1-SNAPSHOT]
	... 35 common frames omitted

2025-12-23T07:37:37.350Z  WARN 7 --- [deepapp_main] [main] ConfigServletWebServerApplicationContext : Exception encountered during context initialization - cancelling refresh attempt: org.springframework.beans.factory.BeanCreationException: Error creating bean with name 'cppWorkerManager': Invocation of init method failed
2025-12-23T07:37:37.352Z  INFO 7 --- [deepapp_main] [main] o.apache.catalina.core.StandardService   : Stopping service [Tomcat]
2025-12-23T07:37:37.360Z  INFO 7 --- [deepapp_main] [main] .s.b.a.l.ConditionEvaluationReportLogger : 

Error starting ApplicationContext. To display the condition evaluation report re-run your application with 'debug' enabled.
2025-12-23T07:37:37.370Z ERROR 7 --- [deepapp_main] [main] o.s.boot.SpringApplication               : Application run failed

org.springframework.beans.factory.BeanCreationException: Error creating bean with name 'cppWorkerManager': Invocation of init method failed
	at org.springframework.beans.factory.annotation.InitDestroyAnnotationBeanPostProcessor.postProcessBeforeInitialization(InitDestroyAnnotationBeanPostProcessor.java:220) ~[spring-beans-7.0.2.jar!/:7.0.2]
	at org.springframework.beans.factory.support.AbstractAutowireCapableBeanFactory.applyBeanPostProcessorsBeforeInitialization(AbstractAutowireCapableBeanFactory.java:426) ~[spring-beans-7.0.2.jar!/:7.0.2]
	at org.springframework.beans.factory.support.AbstractAutowireCapableBeanFactory.initializeBean(AbstractAutowireCapableBeanFactory.java:1809) ~[spring-beans-7.0.2.jar!/:7.0.2]
	at org.springframework.beans.factory.support.AbstractAutowireCapableBeanFactory.doCreateBean(AbstractAutowireCapableBeanFactory.java:603) ~[spring-beans-7.0.2.jar!/:7.0.2]
	at org.springframework.beans.factory.support.AbstractAutowireCapableBeanFactory.createBean(AbstractAutowireCapableBeanFactory.java:525) ~[spring-beans-7.0.2.jar!/:7.0.2]
	at org.springframework.beans.factory.support.AbstractBeanFactory.lambda$doGetBean$0(AbstractBeanFactory.java:333) ~[spring-beans-7.0.2.jar!/:7.0.2]
	at org.springframework.beans.factory.support.DefaultSingletonBeanRegistry.getSingleton(DefaultSingletonBeanRegistry.java:371) ~[spring-beans-7.0.2.jar!/:7.0.2]
	at org.springframework.beans.factory.support.AbstractBeanFactory.doGetBean(AbstractBeanFactory.java:331) ~[spring-beans-7.0.2.jar!/:7.0.2]
	at org.springframework.beans.factory.support.AbstractBeanFactory.getBean(AbstractBeanFactory.java:196) ~[spring-beans-7.0.2.jar!/:7.0.2]
	at org.springframework.beans.factory.support.DefaultListableBeanFactory.instantiateSingleton(DefaultListableBeanFactory.java:1218) ~[spring-beans-7.0.2.jar!/:7.0.2]
	at org.springframework.beans.factory.support.DefaultListableBeanFactory.preInstantiateSingleton(DefaultListableBeanFactory.java:1184) ~[spring-beans-7.0.2.jar!/:7.0.2]
	at org.springframework.beans.factory.support.DefaultListableBeanFactory.preInstantiateSingletons(DefaultListableBeanFactory.java:1121) ~[spring-beans-7.0.2.jar!/:7.0.2]
	at org.springframework.context.support.AbstractApplicationContext.finishBeanFactoryInitialization(AbstractApplicationContext.java:993) ~[spring-context-7.0.2.jar!/:7.0.2]
	at org.springframework.context.support.AbstractApplicationContext.refresh(AbstractApplicationContext.java:620) ~[spring-context-7.0.2.jar!/:7.0.2]
	at org.springframework.boot.web.server.servlet.context.ServletWebServerApplicationContext.refresh(ServletWebServerApplicationContext.java:143) ~[spring-boot-web-server-4.0.1.jar!/:4.0.1]
	at org.springframework.boot.SpringApplication.refresh(SpringApplication.java:756) ~[spring-boot-4.0.1.jar!/:4.0.1]
	at org.springframework.boot.SpringApplication.refreshContext(SpringApplication.java:445) ~[spring-boot-4.0.1.jar!/:4.0.1]
	at org.springframework.boot.SpringApplication.run(SpringApplication.java:321) ~[spring-boot-4.0.1.jar!/:4.0.1]
	at org.springframework.boot.SpringApplication.run(SpringApplication.java:1365) ~[spring-boot-4.0.1.jar!/:4.0.1]
	at org.springframework.boot.SpringApplication.run(SpringApplication.java:1354) ~[spring-boot-4.0.1.jar!/:4.0.1]
	at com.deepapp.vn.io.DeepappMainApplication.main(DeepappMainApplication.java:10) ~[!/:0.0.1-SNAPSHOT]
	at java.base/jdk.internal.reflect.NativeMethodAccessorImpl.invoke0(Native Method) ~[na:na]
	at java.base/jdk.internal.reflect.NativeMethodAccessorImpl.invoke(Unknown Source) ~[na:na]
	at java.base/jdk.internal.reflect.DelegatingMethodAccessorImpl.invoke(Unknown Source) ~[na:na]
	at java.base/java.lang.reflect.Method.invoke(Unknown Source) ~[na:na]
	at org.springframework.boot.loader.launch.Launcher.launch(Launcher.java:106) ~[app.jar:0.0.1-SNAPSHOT]
	at org.springframework.boot.loader.launch.Launcher.launch(Launcher.java:64) ~[app.jar:0.0.1-SNAPSHOT]
	at org.springframework.boot.loader.launch.JarLauncher.main(JarLauncher.java:40) ~[app.jar:0.0.1-SNAPSHOT]
Caused by: java.lang.RuntimeException: C++ worker initialization failed
	at com.deepapp.vn.io.infrastructure.cpp.CppWorkerManager.initialize(CppWorkerManager.java:80) ~[!/:0.0.1-SNAPSHOT]
	at java.base/jdk.internal.reflect.NativeMethodAccessorImpl.invoke0(Native Method) ~[na:na]
	at java.base/jdk.internal.reflect.NativeMethodAccessorImpl.invoke(Unknown Source) ~[na:na]
	at java.base/jdk.internal.reflect.DelegatingMethodAccessorImpl.invoke(Unknown Source) ~[na:na]
	at java.base/java.lang.reflect.Method.invoke(Unknown Source) ~[na:na]
	at org.springframework.beans.factory.annotation.InitDestroyAnnotationBeanPostProcessor$LifecycleMethod.invoke(InitDestroyAnnotationBeanPostProcessor.java:453) ~[spring-beans-7.0.2.jar!/:7.0.2]
	at org.springframework.beans.factory.annotation.InitDestroyAnnotationBeanPostProcessor$LifecycleMetadata.invokeInitMethods(InitDestroyAnnotationBeanPostProcessor.java:397) ~[spring-beans-7.0.2.jar!/:7.0.2]
	at org.springframework.beans.factory.annotation.InitDestroyAnnotationBeanPostProcessor.postProcessBeforeInitialization(InitDestroyAnnotationBeanPostProcessor.java:217) ~[spring-beans-7.0.2.jar!/:7.0.2]
	... 27 common frames omitted
Caused by: java.lang.RuntimeException: C++ worker start failed
	at com.deepapp.vn.io.infrastructure.cpp.CppWorkerManager.startCppWorker(CppWorkerManager.java:230) ~[!/:0.0.1-SNAPSHOT]
	at com.deepapp.vn.io.infrastructure.cpp.CppWorkerManager.initialize(CppWorkerManager.java:73) ~[!/:0.0.1-SNAPSHOT]
	... 34 common frames omitted
Caused by: java.lang.RuntimeException: C++ worker process terminated immediately
	at com.deepapp.vn.io.infrastructure.cpp.CppWorkerManager.startCppWorker(CppWorkerManager.java:222) ~[!/:0.0.1-SNAPSHOT]
	... 35 common frames omitted

2025-12-23T07:37:38.609Z  INFO 7 --- [deepapp_main] [main] c.deepapp.vn.io.DeepappMainApplication   : Starting DeepappMainApplication v0.0.1-SNAPSHOT using Java 17.0.17 with PID 7 (/app/app.jar started by root in /app)
2025-12-23T07:37:38.611Z DEBUG 7 --- [deepapp_main] [main] c.deepapp.vn.io.DeepappMainApplication   : Running with Spring Boot v4.0.1, Spring v7.0.2
2025-12-23T07:37:38.612Z  INFO 7 --- [deepapp_main] [main] c.deepapp.vn.io.DeepappMainApplication   : The following 1 profile is active: "docker"
2025-12-23T07:37:39.524Z  INFO 7 --- [deepapp_main] [main] o.s.boot.tomcat.TomcatWebServer          : Tomcat initialized with port 8080 (http)
2025-12-23T07:37:39.535Z  INFO 7 --- [deepapp_main] [main] o.apache.catalina.core.StandardService   : Starting service [Tomcat]
2025-12-23T07:37:39.535Z  INFO 7 --- [deepapp_main] [main] o.apache.catalina.core.StandardEngine    : Starting Servlet engine: [Apache Tomcat/11.0.15]
2025-12-23T07:37:39.560Z  INFO 7 --- [deepapp_main] [main] b.w.c.s.WebApplicationContextInitializer : Root WebApplicationContext: initialization completed in 910 ms
2025-12-23T07:37:39.722Z  INFO 7 --- [deepapp_main] [main] c.d.v.i.i.cpp.CppWorkerManager           : ========================================
2025-12-23T07:37:39.722Z  INFO 7 --- [deepapp_main] [main] c.d.v.i.i.cpp.CppWorkerManager           : C++ Worker Manager - Initialization
2025-12-23T07:37:39.722Z  INFO 7 --- [deepapp_main] [main] c.d.v.i.i.cpp.CppWorkerManager           : ========================================
2025-12-23T07:37:39.723Z  INFO 7 --- [deepapp_main] [main] c.d.v.i.i.cpp.CppWorkerManager           : Starting C++ worker process...
2025-12-23T07:37:39.723Z  INFO 7 --- [deepapp_main] [main] c.d.v.i.i.cpp.CppWorkerManager           :   gRPC Server: 72.60.111.138:50051:50051
2025-12-23T07:37:39.723Z  INFO 7 --- [deepapp_main] [main] c.d.v.i.i.cpp.CppWorkerManager           :   Client ID: cpp-worker
2025-12-23T07:37:39.728Z ERROR 7 --- [deepapp_main] [cpp-worker-error] c.d.v.i.i.cpp.CppWorkerManager           : [C++ Worker ERROR] /app/build/deepapp_worker_main: error while loading shared libraries: libgrpc++.so.1: cannot open shared object file: No such file or directory
2025-12-23T07:37:41.728Z ERROR 7 --- [deepapp_main] [main] c.d.v.i.i.cpp.CppWorkerManager           : Failed to start C++ worker

java.lang.RuntimeException: C++ worker process terminated immediately
	at com.deepapp.vn.io.infrastructure.cpp.CppWorkerManager.startCppWorker(CppWorkerManager.java:222) ~[!/:0.0.1-SNAPSHOT]
	at com.deepapp.vn.io.infrastructure.cpp.CppWorkerManager.initialize(CppWorkerManager.java:73) ~[!/:0.0.1-SNAPSHOT]
	at java.base/jdk.internal.reflect.NativeMethodAccessorImpl.invoke0(Native Method) ~[na:na]
	at java.base/jdk.internal.reflect.NativeMethodAccessorImpl.invoke(Unknown Source) ~[na:na]
	at java.base/jdk.internal.reflect.DelegatingMethodAccessorImpl.invoke(Unknown Source) ~[na:na]
	at java.base/java.lang.reflect.Method.invoke(Unknown Source) ~[na:na]
	at org.springframework.beans.factory.annotation.InitDestroyAnnotationBeanPostProcessor$LifecycleMethod.invoke(InitDestroyAnnotationBeanPostProcessor.java:453) ~[spring-beans-7.0.2.jar!/:7.0.2]
	at org.springframework.beans.factory.annotation.InitDestroyAnnotationBeanPostProcessor$LifecycleMetadata.invokeInitMethods(InitDestroyAnnotationBeanPostProcessor.java:397) ~[spring-beans-7.0.2.jar!/:7.0.2]
	at org.springframework.beans.factory.annotation.InitDestroyAnnotationBeanPostProcessor.postProcessBeforeInitialization(InitDestroyAnnotationBeanPostProcessor.java:217) ~[spring-beans-7.0.2.jar!/:7.0.2]
	at org.springframework.beans.factory.support.AbstractAutowireCapableBeanFactory.applyBeanPostProcessorsBeforeInitialization(AbstractAutowireCapableBeanFactory.java:426) ~[spring-beans-7.0.2.jar!/:7.0.2]
	at org.springframework.beans.factory.support.AbstractAutowireCapableBeanFactory.initializeBean(AbstractAutowireCapableBeanFactory.java:1809) ~[spring-beans-7.0.2.jar!/:7.0.2]
	at org.springframework.beans.factory.support.AbstractAutowireCapableBeanFactory.doCreateBean(AbstractAutowireCapableBeanFactory.java:603) ~[spring-beans-7.0.2.jar!/:7.0.2]
	at org.springframework.beans.factory.support.AbstractAutowireCapableBeanFactory.createBean(AbstractAutowireCapableBeanFactory.java:525) ~[spring-beans-7.0.2.jar!/:7.0.2]
	at org.springframework.beans.factory.support.AbstractBeanFactory.lambda$doGetBean$0(AbstractBeanFactory.java:333) ~[spring-beans-7.0.2.jar!/:7.0.2]
	at org.springframework.beans.factory.support.DefaultSingletonBeanRegistry.getSingleton(DefaultSingletonBeanRegistry.java:371) ~[spring-beans-7.0.2.jar!/:7.0.2]
	at org.springframework.beans.factory.support.AbstractBeanFactory.doGetBean(AbstractBeanFactory.java:331) ~[spring-beans-7.0.2.jar!/:7.0.2]
	at org.springframework.beans.factory.support.AbstractBeanFactory.getBean(AbstractBeanFactory.java:196) ~[spring-beans-7.0.2.jar!/:7.0.2]
	at org.springframework.beans.factory.support.DefaultListableBeanFactory.instantiateSingleton(DefaultListableBeanFactory.java:1218) ~[spring-beans-7.0.2.jar!/:7.0.2]
	at org.springframework.beans.factory.support.DefaultListableBeanFactory.preInstantiateSingleton(DefaultListableBeanFactory.java:1184) ~[spring-beans-7.0.2.jar!/:7.0.2]
	at org.springframework.beans.factory.support.DefaultListableBeanFactory.preInstantiateSingletons(DefaultListableBeanFactory.java:1121) ~[spring-beans-7.0.2.jar!/:7.0.2]
	at org.springframework.context.support.AbstractApplicationContext.finishBeanFactoryInitialization(AbstractApplicationContext.java:993) ~[spring-context-7.0.2.jar!/:7.0.2]
	at org.springframework.context.support.AbstractApplicationContext.refresh(AbstractApplicationContext.java:620) ~[spring-context-7.0.2.jar!/:7.0.2]
	at org.springframework.boot.web.server.servlet.context.ServletWebServerApplicationContext.refresh(ServletWebServerApplicationContext.java:143) ~[spring-boot-web-server-4.0.1.jar!/:4.0.1]
	at org.springframework.boot.SpringApplication.refresh(SpringApplication.java:756) ~[spring-boot-4.0.1.jar!/:4.0.1]
	at org.springframework.boot.SpringApplication.refreshContext(SpringApplication.java:445) ~[spring-boot-4.0.1.jar!/:4.0.1]
	at org.springframework.boot.SpringApplication.run(SpringApplication.java:321) ~[spring-boot-4.0.1.jar!/:4.0.1]
	at org.springframework.boot.SpringApplication.run(SpringApplication.java:1365) ~[spring-boot-4.0.1.jar!/:4.0.1]
	at org.springframework.boot.SpringApplication.run(SpringApplication.java:1354) ~[spring-boot-4.0.1.jar!/:4.0.1]
	at com.deepapp.vn.io.DeepappMainApplication.main(DeepappMainApplication.java:10) ~[!/:0.0.1-SNAPSHOT]
	at java.base/jdk.internal.reflect.NativeMethodAccessorImpl.invoke0(Native Method) ~[na:na]
	at java.base/jdk.internal.reflect.NativeMethodAccessorImpl.invoke(Unknown Source) ~[na:na]
	at java.base/jdk.internal.reflect.DelegatingMethodAccessorImpl.invoke(Unknown Source) ~[na:na]
	at java.base/java.lang.reflect.Method.invoke(Unknown Source) ~[na:na]
	at org.springframework.boot.loader.launch.Launcher.launch(Launcher.java:106) ~[app.jar:0.0.1-SNAPSHOT]
	at org.springframework.boot.loader.launch.Launcher.launch(Launcher.java:64) ~[app.jar:0.0.1-SNAPSHOT]
	at org.springframework.boot.loader.launch.JarLauncher.main(JarLauncher.java:40) ~[app.jar:0.0.1-SNAPSHOT]

2025-12-23T07:37:41.731Z ERROR 7 --- [deepapp_main] [main] c.d.v.i.i.cpp.CppWorkerManager           : Failed to initialize C++ worker manager

java.lang.RuntimeException: C++ worker start failed
	at com.deepapp.vn.io.infrastructure.cpp.CppWorkerManager.startCppWorker(CppWorkerManager.java:230) ~[!/:0.0.1-SNAPSHOT]
	at com.deepapp.vn.io.infrastructure.cpp.CppWorkerManager.initialize(CppWorkerManager.java:73) ~[!/:0.0.1-SNAPSHOT]
	at java.base/jdk.internal.reflect.NativeMethodAccessorImpl.invoke0(Native Method) ~[na:na]
	at java.base/jdk.internal.reflect.NativeMethodAccessorImpl.invoke(Unknown Source) ~[na:na]
	at java.base/jdk.internal.reflect.DelegatingMethodAccessorImpl.invoke(Unknown Source) ~[na:na]
	at java.base/java.lang.reflect.Method.invoke(Unknown Source) ~[na:na]
	at org.springframework.beans.factory.annotation.InitDestroyAnnotationBeanPostProcessor$LifecycleMethod.invoke(InitDestroyAnnotationBeanPostProcessor.java:453) ~[spring-beans-7.0.2.jar!/:7.0.2]
	at org.springframework.beans.factory.annotation.InitDestroyAnnotationBeanPostProcessor$LifecycleMetadata.invokeInitMethods(InitDestroyAnnotationBeanPostProcessor.java:397) ~[spring-beans-7.0.2.jar!/:7.0.2]
	at org.springframework.beans.factory.annotation.InitDestroyAnnotationBeanPostProcessor.postProcessBeforeInitialization(InitDestroyAnnotationBeanPostProcessor.java:217) ~[spring-beans-7.0.2.jar!/:7.0.2]
	at org.springframework.beans.factory.support.AbstractAutowireCapableBeanFactory.applyBeanPostProcessorsBeforeInitialization(AbstractAutowireCapableBeanFactory.java:426) ~[spring-beans-7.0.2.jar!/:7.0.2]
	at org.springframework.beans.factory.support.AbstractAutowireCapableBeanFactory.initializeBean(AbstractAutowireCapableBeanFactory.java:1809) ~[spring-beans-7.0.2.jar!/:7.0.2]
	at org.springframework.beans.factory.support.AbstractAutowireCapableBeanFactory.doCreateBean(AbstractAutowireCapableBeanFactory.java:603) ~[spring-beans-7.0.2.jar!/:7.0.2]
	at org.springframework.beans.factory.support.AbstractAutowireCapableBeanFactory.createBean(AbstractAutowireCapableBeanFactory.java:525) ~[spring-beans-7.0.2.jar!/:7.0.2]
	at org.springframework.beans.factory.support.AbstractBeanFactory.lambda$doGetBean$0(AbstractBeanFactory.java:333) ~[spring-beans-7.0.2.jar!/:7.0.2]
	at org.springframework.beans.factory.support.DefaultSingletonBeanRegistry.getSingleton(DefaultSingletonBeanRegistry.java:371) ~[spring-beans-7.0.2.jar!/:7.0.2]
	at org.springframework.beans.factory.support.AbstractBeanFactory.doGetBean(AbstractBeanFactory.java:331) ~[spring-beans-7.0.2.jar!/:7.0.2]
	at org.springframework.beans.factory.support.AbstractBeanFactory.getBean(AbstractBeanFactory.java:196) ~[spring-beans-7.0.2.jar!/:7.0.2]
	at org.springframework.beans.factory.support.DefaultListableBeanFactory.instantiateSingleton(DefaultListableBeanFactory.java:1218) ~[spring-beans-7.0.2.jar!/:7.0.2]
	at org.springframework.beans.factory.support.DefaultListableBeanFactory.preInstantiateSingleton(DefaultListableBeanFactory.java:1184) ~[spring-beans-7.0.2.jar!/:7.0.2]
	at org.springframework.beans.factory.support.DefaultListableBeanFactory.preInstantiateSingletons(DefaultListableBeanFactory.java:1121) ~[spring-beans-7.0.2.jar!/:7.0.2]
	at org.springframework.context.support.AbstractApplicationContext.finishBeanFactoryInitialization(AbstractApplicationContext.java:993) ~[spring-context-7.0.2.jar!/:7.0.2]
	at org.springframework.context.support.AbstractApplicationContext.refresh(AbstractApplicationContext.java:620) ~[spring-context-7.0.2.jar!/:7.0.2]
	at org.springframework.boot.web.server.servlet.context.ServletWebServerApplicationContext.refresh(ServletWebServerApplicationContext.java:143) ~[spring-boot-web-server-4.0.1.jar!/:4.0.1]
	at org.springframework.boot.SpringApplication.refresh(SpringApplication.java:756) ~[spring-boot-4.0.1.jar!/:4.0.1]
	at org.springframework.boot.SpringApplication.refreshContext(SpringApplication.java:445) ~[spring-boot-4.0.1.jar!/:4.0.1]
	at org.springframework.boot.SpringApplication.run(SpringApplication.java:321) ~[spring-boot-4.0.1.jar!/:4.0.1]
	at org.springframework.boot.SpringApplication.run(SpringApplication.java:1365) ~[spring-boot-4.0.1.jar!/:4.0.1]
	at org.springframework.boot.SpringApplication.run(SpringApplication.java:1354) ~[spring-boot-4.0.1.jar!/:4.0.1]
	at com.deepapp.vn.io.DeepappMainApplication.main(DeepappMainApplication.java:10) ~[!/:0.0.1-SNAPSHOT]
	at java.base/jdk.internal.reflect.NativeMethodAccessorImpl.invoke0(Native Method) ~[na:na]
	at java.base/jdk.internal.reflect.NativeMethodAccessorImpl.invoke(Unknown Source) ~[na:na]
	at java.base/jdk.internal.reflect.DelegatingMethodAccessorImpl.invoke(Unknown Source) ~[na:na]
	at java.base/java.lang.reflect.Method.invoke(Unknown Source) ~[na:na]
	at org.springframework.boot.loader.launch.Launcher.launch(Launcher.java:106) ~[app.jar:0.0.1-SNAPSHOT]
	at org.springframework.boot.loader.launch.Launcher.launch(Launcher.java:64) ~[app.jar:0.0.1-SNAPSHOT]
	at org.springframework.boot.loader.launch.JarLauncher.main(JarLauncher.java:40) ~[app.jar:0.0.1-SNAPSHOT]
Caused by: java.lang.RuntimeException: C++ worker process terminated immediately
	at com.deepapp.vn.io.infrastructure.cpp.CppWorkerManager.startCppWorker(CppWorkerManager.java:222) ~[!/:0.0.1-SNAPSHOT]
	... 35 common frames omitted

2025-12-23T07:37:41.735Z  WARN 7 --- [deepapp_main] [main] ConfigServletWebServerApplicationContext : Exception encountered during context initialization - cancelling refresh attempt: org.springframework.beans.factory.BeanCreationException: Error creating bean with name 'cppWorkerManager': Invocation of init method failed
2025-12-23T07:37:41.738Z  INFO 7 --- [deepapp_main] [main] o.apache.catalina.core.StandardService   : Stopping service [Tomcat]
2025-12-23T07:37:41.748Z  INFO 7 --- [deepapp_main] [main] .s.b.a.l.ConditionEvaluationReportLogger : 

Error starting ApplicationContext. To display the condition evaluation report re-run your application with 'debug' enabled.
2025-12-23T07:37:41.758Z ERROR 7 --- [deepapp_main] [main] o.s.boot.SpringApplication               : Application run failed

org.springframework.beans.factory.BeanCreationException: Error creating bean with name 'cppWorkerManager': Invocation of init method failed
	at org.springframework.beans.factory.annotation.InitDestroyAnnotationBeanPostProcessor.postProcessBeforeInitialization(InitDestroyAnnotationBeanPostProcessor.java:220) ~[spring-beans-7.0.2.jar!/:7.0.2]
	at org.springframework.beans.factory.support.AbstractAutowireCapableBeanFactory.applyBeanPostProcessorsBeforeInitialization(AbstractAutowireCapableBeanFactory.java:426) ~[spring-beans-7.0.2.jar!/:7.0.2]
	at org.springframework.beans.factory.support.AbstractAutowireCapableBeanFactory.initializeBean(AbstractAutowireCapableBeanFactory.java:1809) ~[spring-beans-7.0.2.jar!/:7.0.2]
	at org.springframework.beans.factory.support.AbstractAutowireCapableBeanFactory.doCreateBean(AbstractAutowireCapableBeanFactory.java:603) ~[spring-beans-7.0.2.jar!/:7.0.2]
	at org.springframework.beans.factory.support.AbstractAutowireCapableBeanFactory.createBean(AbstractAutowireCapableBeanFactory.java:525) ~[spring-beans-7.0.2.jar!/:7.0.2]
	at org.springframework.beans.factory.support.AbstractBeanFactory.lambda$doGetBean$0(AbstractBeanFactory.java:333) ~[spring-beans-7.0.2.jar!/:7.0.2]
	at org.springframework.beans.factory.support.DefaultSingletonBeanRegistry.getSingleton(DefaultSingletonBeanRegistry.java:371) ~[spring-beans-7.0.2.jar!/:7.0.2]
	at org.springframework.beans.factory.support.AbstractBeanFactory.doGetBean(AbstractBeanFactory.java:331) ~[spring-beans-7.0.2.jar!/:7.0.2]
	at org.springframework.beans.factory.support.AbstractBeanFactory.getBean(AbstractBeanFactory.java:196) ~[spring-beans-7.0.2.jar!/:7.0.2]
	at org.springframework.beans.factory.support.DefaultListableBeanFactory.instantiateSingleton(DefaultListableBeanFactory.java:1218) ~[spring-beans-7.0.2.jar!/:7.0.2]
	at org.springframework.beans.factory.support.DefaultListableBeanFactory.preInstantiateSingleton(DefaultListableBeanFactory.java:1184) ~[spring-beans-7.0.2.jar!/:7.0.2]
	at org.springframework.beans.factory.support.DefaultListableBeanFactory.preInstantiateSingletons(DefaultListableBeanFactory.java:1121) ~[spring-beans-7.0.2.jar!/:7.0.2]
	at org.springframework.context.support.AbstractApplicationContext.finishBeanFactoryInitialization(AbstractApplicationContext.java:993) ~[spring-context-7.0.2.jar!/:7.0.2]
	at org.springframework.context.support.AbstractApplicationContext.refresh(AbstractApplicationContext.java:620) ~[spring-context-7.0.2.jar!/:7.0.2]
	at org.springframework.boot.web.server.servlet.context.ServletWebServerApplicationContext.refresh(ServletWebServerApplicationContext.java:143) ~[spring-boot-web-server-4.0.1.jar!/:4.0.1]
	at org.springframework.boot.SpringApplication.refresh(SpringApplication.java:756) ~[spring-boot-4.0.1.jar!/:4.0.1]
	at org.springframework.boot.SpringApplication.refreshContext(SpringApplication.java:445) ~[spring-boot-4.0.1.jar!/:4.0.1]
	at org.springframework.boot.SpringApplication.run(SpringApplication.java:321) ~[spring-boot-4.0.1.jar!/:4.0.1]
	at org.springframework.boot.SpringApplication.run(SpringApplication.java:1365) ~[spring-boot-4.0.1.jar!/:4.0.1]
	at org.springframework.boot.SpringApplication.run(SpringApplication.java:1354) ~[spring-boot-4.0.1.jar!/:4.0.1]
	at com.deepapp.vn.io.DeepappMainApplication.main(DeepappMainApplication.java:10) ~[!/:0.0.1-SNAPSHOT]
	at java.base/jdk.internal.reflect.NativeMethodAccessorImpl.invoke0(Native Method) ~[na:na]
	at java.base/jdk.internal.reflect.NativeMethodAccessorImpl.invoke(Unknown Source) ~[na:na]
	at java.base/jdk.internal.reflect.DelegatingMethodAccessorImpl.invoke(Unknown Source) ~[na:na]
	at java.base/java.lang.reflect.Method.invoke(Unknown Source) ~[na:na]
	at org.springframework.boot.loader.launch.Launcher.launch(Launcher.java:106) ~[app.jar:0.0.1-SNAPSHOT]
	at org.springframework.boot.loader.launch.Launcher.launch(Launcher.java:64) ~[app.jar:0.0.1-SNAPSHOT]
	at org.springframework.boot.loader.launch.JarLauncher.main(JarLauncher.java:40) ~[app.jar:0.0.1-SNAPSHOT]
Caused by: java.lang.RuntimeException: C++ worker initialization failed
	at com.deepapp.vn.io.infrastructure.cpp.CppWorkerManager.initialize(CppWorkerManager.java:80) ~[!/:0.0.1-SNAPSHOT]
	at java.base/jdk.internal.reflect.NativeMethodAccessorImpl.invoke0(Native Method) ~[na:na]
	at java.base/jdk.internal.reflect.NativeMethodAccessorImpl.invoke(Unknown Source) ~[na:na]
	at java.base/jdk.internal.reflect.DelegatingMethodAccessorImpl.invoke(Unknown Source) ~[na:na]
	at java.base/java.lang.reflect.Method.invoke(Unknown Source) ~[na:na]
	at org.springframework.beans.factory.annotation.InitDestroyAnnotationBeanPostProcessor$LifecycleMethod.invoke(InitDestroyAnnotationBeanPostProcessor.java:453) ~[spring-beans-7.0.2.jar!/:7.0.2]
	at org.springframework.beans.factory.annotation.InitDestroyAnnotationBeanPostProcessor$LifecycleMetadata.invokeInitMethods(InitDestroyAnnotationBeanPostProcessor.java:397) ~[spring-beans-7.0.2.jar!/:7.0.2]
	at org.springframework.beans.factory.annotation.InitDestroyAnnotationBeanPostProcessor.postProcessBeforeInitialization(InitDestroyAnnotationBeanPostProcessor.java:217) ~[spring-beans-7.0.2.jar!/:7.0.2]
	... 27 common frames omitted
Caused by: java.lang.RuntimeException: C++ worker start failed
	at com.deepapp.vn.io.infrastructure.cpp.CppWorkerManager.startCppWorker(CppWorkerManager.java:230) ~[!/:0.0.1-SNAPSHOT]
	at com.deepapp.vn.io.infrastructure.cpp.CppWorkerManager.initialize(CppWorkerManager.java:73) ~[!/:0.0.1-SNAPSHOT]
	... 34 common frames omitted
Caused by: java.lang.RuntimeException: C++ worker process terminated immediately
	at com.deepapp.vn.io.infrastructure.cpp.CppWorkerManager.startCppWorker(CppWorkerManager.java:222) ~[!/:0.0.1-SNAPSHOT]
	... 35 common frames omitted

2025-12-23T07:37:43.210Z  INFO 7 --- [deepapp_main] [main] c.deepapp.vn.io.DeepappMainApplication   : Starting DeepappMainApplication v0.0.1-SNAPSHOT using Java 17.0.17 with PID 7 (/app/app.jar started by root in /app)
2025-12-23T07:37:43.212Z DEBUG 7 --- [deepapp_main] [main] c.deepapp.vn.io.DeepappMainApplication   : Running with Spring Boot v4.0.1, Spring v7.0.2
2025-12-23T07:37:43.213Z  INFO 7 --- [deepapp_main] [main] c.deepapp.vn.io.DeepappMainApplication   : The following 1 profile is active: "docker"
2025-12-23T07:37:44.090Z  INFO 7 --- [deepapp_main] [main] o.s.boot.tomcat.TomcatWebServer          : Tomcat initialized with port 8080 (http)
2025-12-23T07:37:44.101Z  INFO 7 --- [deepapp_main] [main] o.apache.catalina.core.StandardService   : Starting service [Tomcat]
2025-12-23T07:37:44.102Z  INFO 7 --- [deepapp_main] [main] o.apache.catalina.core.StandardEngine    : Starting Servlet engine: [Apache Tomcat/11.0.15]
2025-12-23T07:37:44.130Z  INFO 7 --- [deepapp_main] [main] b.w.c.s.WebApplicationContextInitializer : Root WebApplicationContext: initialization completed in 878 ms
2025-12-23T07:37:44.309Z  INFO 7 --- [deepapp_main] [main] c.d.v.i.i.cpp.CppWorkerManager           : ========================================
2025-12-23T07:37:44.310Z  INFO 7 --- [deepapp_main] [main] c.d.v.i.i.cpp.CppWorkerManager           : C++ Worker Manager - Initialization
2025-12-23T07:37:44.310Z  INFO 7 --- [deepapp_main] [main] c.d.v.i.i.cpp.CppWorkerManager           : ========================================
2025-12-23T07:37:44.310Z  INFO 7 --- [deepapp_main] [main] c.d.v.i.i.cpp.CppWorkerManager           : Starting C++ worker process...
2025-12-23T07:37:44.310Z  INFO 7 --- [deepapp_main] [main] c.d.v.i.i.cpp.CppWorkerManager           :   gRPC Server: 72.60.111.138:50051:50051
2025-12-23T07:37:44.310Z  INFO 7 --- [deepapp_main] [main] c.d.v.i.i.cpp.CppWorkerManager           :   Client ID: cpp-worker
2025-12-23T07:37:44.317Z ERROR 7 --- [deepapp_main] [cpp-worker-error] c.d.v.i.i.cpp.CppWorkerManager           : [C++ Worker ERROR] /app/build/deepapp_worker_main: error while loading shared libraries: libgrpc++.so.1: cannot open shared object file: No such file or directory
2025-12-23T07:37:46.317Z ERROR 7 --- [deepapp_main] [main] c.d.v.i.i.cpp.CppWorkerManager           : Failed to start C++ worker

java.lang.RuntimeException: C++ worker process terminated immediately
	at com.deepapp.vn.io.infrastructure.cpp.CppWorkerManager.startCppWorker(CppWorkerManager.java:222) ~[!/:0.0.1-SNAPSHOT]
	at com.deepapp.vn.io.infrastructure.cpp.CppWorkerManager.initialize(CppWorkerManager.java:73) ~[!/:0.0.1-SNAPSHOT]
	at java.base/jdk.internal.reflect.NativeMethodAccessorImpl.invoke0(Native Method) ~[na:na]
	at java.base/jdk.internal.reflect.NativeMethodAccessorImpl.invoke(Unknown Source) ~[na:na]
	at java.base/jdk.internal.reflect.DelegatingMethodAccessorImpl.invoke(Unknown Source) ~[na:na]
	at java.base/java.lang.reflect.Method.invoke(Unknown Source) ~[na:na]
	at org.springframework.beans.factory.annotation.InitDestroyAnnotationBeanPostProcessor$LifecycleMethod.invoke(InitDestroyAnnotationBeanPostProcessor.java:453) ~[spring-beans-7.0.2.jar!/:7.0.2]
	at org.springframework.beans.factory.annotation.InitDestroyAnnotationBeanPostProcessor$LifecycleMetadata.invokeInitMethods(InitDestroyAnnotationBeanPostProcessor.java:397) ~[spring-beans-7.0.2.jar!/:7.0.2]
	at org.springframework.beans.factory.annotation.InitDestroyAnnotationBeanPostProcessor.postProcessBeforeInitialization(InitDestroyAnnotationBeanPostProcessor.java:217) ~[spring-beans-7.0.2.jar!/:7.0.2]
	at org.springframework.beans.factory.support.AbstractAutowireCapableBeanFactory.applyBeanPostProcessorsBeforeInitialization(AbstractAutowireCapableBeanFactory.java:426) ~[spring-beans-7.0.2.jar!/:7.0.2]
	at org.springframework.beans.factory.support.AbstractAutowireCapableBeanFactory.initializeBean(AbstractAutowireCapableBeanFactory.java:1809) ~[spring-beans-7.0.2.jar!/:7.0.2]
	at org.springframework.beans.factory.support.AbstractAutowireCapableBeanFactory.doCreateBean(AbstractAutowireCapableBeanFactory.java:603) ~[spring-beans-7.0.2.jar!/:7.0.2]
	at org.springframework.beans.factory.support.AbstractAutowireCapableBeanFactory.createBean(AbstractAutowireCapableBeanFactory.java:525) ~[spring-beans-7.0.2.jar!/:7.0.2]
	at org.springframework.beans.factory.support.AbstractBeanFactory.lambda$doGetBean$0(AbstractBeanFactory.java:333) ~[spring-beans-7.0.2.jar!/:7.0.2]
	at org.springframework.beans.factory.support.DefaultSingletonBeanRegistry.getSingleton(DefaultSingletonBeanRegistry.java:371) ~[spring-beans-7.0.2.jar!/:7.0.2]
	at org.springframework.beans.factory.support.AbstractBeanFactory.doGetBean(AbstractBeanFactory.java:331) ~[spring-beans-7.0.2.jar!/:7.0.2]
	at org.springframework.beans.factory.support.AbstractBeanFactory.getBean(AbstractBeanFactory.java:196) ~[spring-beans-7.0.2.jar!/:7.0.2]
	at org.springframework.beans.factory.support.DefaultListableBeanFactory.instantiateSingleton(DefaultListableBeanFactory.java:1218) ~[spring-beans-7.0.2.jar!/:7.0.2]
	at org.springframework.beans.factory.support.DefaultListableBeanFactory.preInstantiateSingleton(DefaultListableBeanFactory.java:1184) ~[spring-beans-7.0.2.jar!/:7.0.2]
	at org.springframework.beans.factory.support.DefaultListableBeanFactory.preInstantiateSingletons(DefaultListableBeanFactory.java:1121) ~[spring-beans-7.0.2.jar!/:7.0.2]
	at org.springframework.context.support.AbstractApplicationContext.finishBeanFactoryInitialization(AbstractApplicationContext.java:993) ~[spring-context-7.0.2.jar!/:7.0.2]
	at org.springframework.context.support.AbstractApplicationContext.refresh(AbstractApplicationContext.java:620) ~[spring-context-7.0.2.jar!/:7.0.2]
	at org.springframework.boot.web.server.servlet.context.ServletWebServerApplicationContext.refresh(ServletWebServerApplicationContext.java:143) ~[spring-boot-web-server-4.0.1.jar!/:4.0.1]
	at org.springframework.boot.SpringApplication.refresh(SpringApplication.java:756) ~[spring-boot-4.0.1.jar!/:4.0.1]
	at org.springframework.boot.SpringApplication.refreshContext(SpringApplication.java:445) ~[spring-boot-4.0.1.jar!/:4.0.1]
	at org.springframework.boot.SpringApplication.run(SpringApplication.java:321) ~[spring-boot-4.0.1.jar!/:4.0.1]
	at org.springframework.boot.SpringApplication.run(SpringApplication.java:1365) ~[spring-boot-4.0.1.jar!/:4.0.1]
	at org.springframework.boot.SpringApplication.run(SpringApplication.java:1354) ~[spring-boot-4.0.1.jar!/:4.0.1]
	at com.deepapp.vn.io.DeepappMainApplication.main(DeepappMainApplication.java:10) ~[!/:0.0.1-SNAPSHOT]
	at java.base/jdk.internal.reflect.NativeMethodAccessorImpl.invoke0(Native Method) ~[na:na]
	at java.base/jdk.internal.reflect.NativeMethodAccessorImpl.invoke(Unknown Source) ~[na:na]
	at java.base/jdk.internal.reflect.DelegatingMethodAccessorImpl.invoke(Unknown Source) ~[na:na]
	at java.base/java.lang.reflect.Method.invoke(Unknown Source) ~[na:na]
	at org.springframework.boot.loader.launch.Launcher.launch(Launcher.java:106) ~[app.jar:0.0.1-SNAPSHOT]
	at org.springframework.boot.loader.launch.Launcher.launch(Launcher.java:64) ~[app.jar:0.0.1-SNAPSHOT]
	at org.springframework.boot.loader.launch.JarLauncher.main(JarLauncher.java:40) ~[app.jar:0.0.1-SNAPSHOT]

2025-12-23T07:37:46.322Z ERROR 7 --- [deepapp_main] [main] c.d.v.i.i.cpp.CppWorkerManager           : Failed to initialize C++ worker manager

java.lang.RuntimeException: C++ worker start failed
	at com.deepapp.vn.io.infrastructure.cpp.CppWorkerManager.startCppWorker(CppWorkerManager.java:230) ~[!/:0.0.1-SNAPSHOT]
	at com.deepapp.vn.io.infrastructure.cpp.CppWorkerManager.initialize(CppWorkerManager.java:73) ~[!/:0.0.1-SNAPSHOT]
	at java.base/jdk.internal.reflect.NativeMethodAccessorImpl.invoke0(Native Method) ~[na:na]
	at java.base/jdk.internal.reflect.NativeMethodAccessorImpl.invoke(Unknown Source) ~[na:na]
	at java.base/jdk.internal.reflect.DelegatingMethodAccessorImpl.invoke(Unknown Source) ~[na:na]
	at java.base/java.lang.reflect.Method.invoke(Unknown Source) ~[na:na]
	at org.springframework.beans.factory.annotation.InitDestroyAnnotationBeanPostProcessor$LifecycleMethod.invoke(InitDestroyAnnotationBeanPostProcessor.java:453) ~[spring-beans-7.0.2.jar!/:7.0.2]
	at org.springframework.beans.factory.annotation.InitDestroyAnnotationBeanPostProcessor$LifecycleMetadata.invokeInitMethods(InitDestroyAnnotationBeanPostProcessor.java:397) ~[spring-beans-7.0.2.jar!/:7.0.2]
	at org.springframework.beans.factory.annotation.InitDestroyAnnotationBeanPostProcessor.postProcessBeforeInitialization(InitDestroyAnnotationBeanPostProcessor.java:217) ~[spring-beans-7.0.2.jar!/:7.0.2]
	at org.springframework.beans.factory.support.AbstractAutowireCapableBeanFactory.applyBeanPostProcessorsBeforeInitialization(AbstractAutowireCapableBeanFactory.java:426) ~[spring-beans-7.0.2.jar!/:7.0.2]
	at org.springframework.beans.factory.support.AbstractAutowireCapableBeanFactory.initializeBean(AbstractAutowireCapableBeanFactory.java:1809) ~[spring-beans-7.0.2.jar!/:7.0.2]
	at org.springframework.beans.factory.support.AbstractAutowireCapableBeanFactory.doCreateBean(AbstractAutowireCapableBeanFactory.java:603) ~[spring-beans-7.0.2.jar!/:7.0.2]
	at org.springframework.beans.factory.support.AbstractAutowireCapableBeanFactory.createBean(AbstractAutowireCapableBeanFactory.java:525) ~[spring-beans-7.0.2.jar!/:7.0.2]
	at org.springframework.beans.factory.support.AbstractBeanFactory.lambda$doGetBean$0(AbstractBeanFactory.java:333) ~[spring-beans-7.0.2.jar!/:7.0.2]
	at org.springframework.beans.factory.support.DefaultSingletonBeanRegistry.getSingleton(DefaultSingletonBeanRegistry.java:371) ~[spring-beans-7.0.2.jar!/:7.0.2]
	at org.springframework.beans.factory.support.AbstractBeanFactory.doGetBean(AbstractBeanFactory.java:331) ~[spring-beans-7.0.2.jar!/:7.0.2]
	at org.springframework.beans.factory.support.AbstractBeanFactory.getBean(AbstractBeanFactory.java:196) ~[spring-beans-7.0.2.jar!/:7.0.2]
	at org.springframework.beans.factory.support.DefaultListableBeanFactory.instantiateSingleton(DefaultListableBeanFactory.java:1218) ~[spring-beans-7.0.2.jar!/:7.0.2]
	at org.springframework.beans.factory.support.DefaultListableBeanFactory.preInstantiateSingleton(DefaultListableBeanFactory.java:1184) ~[spring-beans-7.0.2.jar!/:7.0.2]
	at org.springframework.beans.factory.support.DefaultListableBeanFactory.preInstantiateSingletons(DefaultListableBeanFactory.java:1121) ~[spring-beans-7.0.2.jar!/:7.0.2]
	at org.springframework.context.support.AbstractApplicationContext.finishBeanFactoryInitialization(AbstractApplicationContext.java:993) ~[spring-context-7.0.2.jar!/:7.0.2]
	at org.springframework.context.support.AbstractApplicationContext.refresh(AbstractApplicationContext.java:620) ~[spring-context-7.0.2.jar!/:7.0.2]
	at org.springframework.boot.web.server.servlet.context.ServletWebServerApplicationContext.refresh(ServletWebServerApplicationContext.java:143) ~[spring-boot-web-server-4.0.1.jar!/:4.0.1]
	at org.springframework.boot.SpringApplication.refresh(SpringApplication.java:756) ~[spring-boot-4.0.1.jar!/:4.0.1]
	at org.springframework.boot.SpringApplication.refreshContext(SpringApplication.java:445) ~[spring-boot-4.0.1.jar!/:4.0.1]
	at org.springframework.boot.SpringApplication.run(SpringApplication.java:321) ~[spring-boot-4.0.1.jar!/:4.0.1]
	at org.springframework.boot.SpringApplication.run(SpringApplication.java:1365) ~[spring-boot-4.0.1.jar!/:4.0.1]
	at org.springframework.boot.SpringApplication.run(SpringApplication.java:1354) ~[spring-boot-4.0.1.jar!/:4.0.1]
	at com.deepapp.vn.io.DeepappMainApplication.main(DeepappMainApplication.java:10) ~[!/:0.0.1-SNAPSHOT]
	at java.base/jdk.internal.reflect.NativeMethodAccessorImpl.invoke0(Native Method) ~[na:na]
	at java.base/jdk.internal.reflect.NativeMethodAccessorImpl.invoke(Unknown Source) ~[na:na]
	at java.base/jdk.internal.reflect.DelegatingMethodAccessorImpl.invoke(Unknown Source) ~[na:na]
	at java.base/java.lang.reflect.Method.invoke(Unknown Source) ~[na:na]
	at org.springframework.boot.loader.launch.Launcher.launch(Launcher.java:106) ~[app.jar:0.0.1-SNAPSHOT]
	at org.springframework.boot.loader.launch.Launcher.launch(Launcher.java:64) ~[app.jar:0.0.1-SNAPSHOT]
	at org.springframework.boot.loader.launch.JarLauncher.main(JarLauncher.java:40) ~[app.jar:0.0.1-SNAPSHOT]
Caused by: java.lang.RuntimeException: C++ worker process terminated immediately
	at com.deepapp.vn.io.infrastructure.cpp.CppWorkerManager.startCppWorker(CppWorkerManager.java:222) ~[!/:0.0.1-SNAPSHOT]
	... 35 common frames omitted

2025-12-23T07:37:46.324Z  WARN 7 --- [deepapp_main] [main] ConfigServletWebServerApplicationContext : Exception encountered during context initialization - cancelling refresh attempt: org.springframework.beans.factory.BeanCreationException: Error creating bean with name 'cppWorkerManager': Invocation of init method failed
2025-12-23T07:37:46.327Z  INFO 7 --- [deepapp_main] [main] o.apache.catalina.core.StandardService   : Stopping service [Tomcat]
2025-12-23T07:37:46.334Z  INFO 7 --- [deepapp_main] [main] .s.b.a.l.ConditionEvaluationReportLogger : 

Error starting ApplicationContext. To display the condition evaluation report re-run your application with 'debug' enabled.
2025-12-23T07:37:46.344Z ERROR 7 --- [deepapp_main] [main] o.s.boot.SpringApplication               : Application run failed

org.springframework.beans.factory.BeanCreationException: Error creating bean with name 'cppWorkerManager': Invocation of init method failed
	at org.springframework.beans.factory.annotation.InitDestroyAnnotationBeanPostProcessor.postProcessBeforeInitialization(InitDestroyAnnotationBeanPostProcessor.java:220) ~[spring-beans-7.0.2.jar!/:7.0.2]
	at org.springframework.beans.factory.support.AbstractAutowireCapableBeanFactory.applyBeanPostProcessorsBeforeInitialization(AbstractAutowireCapableBeanFactory.java:426) ~[spring-beans-7.0.2.jar!/:7.0.2]
	at org.springframework.beans.factory.support.AbstractAutowireCapableBeanFactory.initializeBean(AbstractAutowireCapableBeanFactory.java:1809) ~[spring-beans-7.0.2.jar!/:7.0.2]
	at org.springframework.beans.factory.support.AbstractAutowireCapableBeanFactory.doCreateBean(AbstractAutowireCapableBeanFactory.java:603) ~[spring-beans-7.0.2.jar!/:7.0.2]
	at org.springframework.beans.factory.support.AbstractAutowireCapableBeanFactory.createBean(AbstractAutowireCapableBeanFactory.java:525) ~[spring-beans-7.0.2.jar!/:7.0.2]
	at org.springframework.beans.factory.support.AbstractBeanFactory.lambda$doGetBean$0(AbstractBeanFactory.java:333) ~[spring-beans-7.0.2.jar!/:7.0.2]
	at org.springframework.beans.factory.support.DefaultSingletonBeanRegistry.getSingleton(DefaultSingletonBeanRegistry.java:371) ~[spring-beans-7.0.2.jar!/:7.0.2]
	at org.springframework.beans.factory.support.AbstractBeanFactory.doGetBean(AbstractBeanFactory.java:331) ~[spring-beans-7.0.2.jar!/:7.0.2]
	at org.springframework.beans.factory.support.AbstractBeanFactory.getBean(AbstractBeanFactory.java:196) ~[spring-beans-7.0.2.jar!/:7.0.2]
	at org.springframework.beans.factory.support.DefaultListableBeanFactory.instantiateSingleton(DefaultListableBeanFactory.java:1218) ~[spring-beans-7.0.2.jar!/:7.0.2]
	at org.springframework.beans.factory.support.DefaultListableBeanFactory.preInstantiateSingleton(DefaultListableBeanFactory.java:1184) ~[spring-beans-7.0.2.jar!/:7.0.2]
	at org.springframework.beans.factory.support.DefaultListableBeanFactory.preInstantiateSingletons(DefaultListableBeanFactory.java:1121) ~[spring-beans-7.0.2.jar!/:7.0.2]
	at org.springframework.context.support.AbstractApplicationContext.finishBeanFactoryInitialization(AbstractApplicationContext.java:993) ~[spring-context-7.0.2.jar!/:7.0.2]
	at org.springframework.context.support.AbstractApplicationContext.refresh(AbstractApplicationContext.java:620) ~[spring-context-7.0.2.jar!/:7.0.2]
	at org.springframework.boot.web.server.servlet.context.ServletWebServerApplicationContext.refresh(ServletWebServerApplicationContext.java:143) ~[spring-boot-web-server-4.0.1.jar!/:4.0.1]
	at org.springframework.boot.SpringApplication.refresh(SpringApplication.java:756) ~[spring-boot-4.0.1.jar!/:4.0.1]
	at org.springframework.boot.SpringApplication.refreshContext(SpringApplication.java:445) ~[spring-boot-4.0.1.jar!/:4.0.1]
	at org.springframework.boot.SpringApplication.run(SpringApplication.java:321) ~[spring-boot-4.0.1.jar!/:4.0.1]
	at org.springframework.boot.SpringApplication.run(SpringApplication.java:1365) ~[spring-boot-4.0.1.jar!/:4.0.1]
	at org.springframework.boot.SpringApplication.run(SpringApplication.java:1354) ~[spring-boot-4.0.1.jar!/:4.0.1]
	at com.deepapp.vn.io.DeepappMainApplication.main(DeepappMainApplication.java:10) ~[!/:0.0.1-SNAPSHOT]
	at java.base/jdk.internal.reflect.NativeMethodAccessorImpl.invoke0(Native Method) ~[na:na]
	at java.base/jdk.internal.reflect.NativeMethodAccessorImpl.invoke(Unknown Source) ~[na:na]
	at java.base/jdk.internal.reflect.DelegatingMethodAccessorImpl.invoke(Unknown Source) ~[na:na]
	at java.base/java.lang.reflect.Method.invoke(Unknown Source) ~[na:na]
	at org.springframework.boot.loader.launch.Launcher.launch(Launcher.java:106) ~[app.jar:0.0.1-SNAPSHOT]
	at org.springframework.boot.loader.launch.Launcher.launch(Launcher.java:64) ~[app.jar:0.0.1-SNAPSHOT]
	at org.springframework.boot.loader.launch.JarLauncher.main(JarLauncher.java:40) ~[app.jar:0.0.1-SNAPSHOT]
Caused by: java.lang.RuntimeException: C++ worker initialization failed
	at com.deepapp.vn.io.infrastructure.cpp.CppWorkerManager.initialize(CppWorkerManager.java:80) ~[!/:0.0.1-SNAPSHOT]
	at java.base/jdk.internal.reflect.NativeMethodAccessorImpl.invoke0(Native Method) ~[na:na]
	at java.base/jdk.internal.reflect.NativeMethodAccessorImpl.invoke(Unknown Source) ~[na:na]
	at java.base/jdk.internal.reflect.DelegatingMethodAccessorImpl.invoke(Unknown Source) ~[na:na]
	at java.base/java.lang.reflect.Method.invoke(Unknown Source) ~[na:na]
	at org.springframework.beans.factory.annotation.InitDestroyAnnotationBeanPostProcessor$LifecycleMethod.invoke(InitDestroyAnnotationBeanPostProcessor.java:453) ~[spring-beans-7.0.2.jar!/:7.0.2]
	at org.springframework.beans.factory.annotation.InitDestroyAnnotationBeanPostProcessor$LifecycleMetadata.invokeInitMethods(InitDestroyAnnotationBeanPostProcessor.java:397) ~[spring-beans-7.0.2.jar!/:7.0.2]
	at org.springframework.beans.factory.annotation.InitDestroyAnnotationBeanPostProcessor.postProcessBeforeInitialization(InitDestroyAnnotationBeanPostProcessor.java:217) ~[spring-beans-7.0.2.jar!/:7.0.2]
	... 27 common frames omitted
Caused by: java.lang.RuntimeException: C++ worker start failed
	at com.deepapp.vn.io.infrastructure.cpp.CppWorkerManager.startCppWorker(CppWorkerManager.java:230) ~[!/:0.0.1-SNAPSHOT]
	at com.deepapp.vn.io.infrastructure.cpp.CppWorkerManager.initialize(CppWorkerManager.java:73) ~[!/:0.0.1-SNAPSHOT]
	... 34 common frames omitted
Caused by: java.lang.RuntimeException: C++ worker process terminated immediately
	at com.deepapp.vn.io.infrastructure.cpp.CppWorkerManager.startCppWorker(CppWorkerManager.java:222) ~[!/:0.0.1-SNAPSHOT]
	... 35 common frames omitted

2025-12-23T07:37:47.863Z  INFO 7 --- [deepapp_main] [main] c.deepapp.vn.io.DeepappMainApplication   : Starting DeepappMainApplication v0.0.1-SNAPSHOT using Java 17.0.17 with PID 7 (/app/app.jar started by root in /app)
2025-12-23T07:37:47.865Z DEBUG 7 --- [deepapp_main] [main] c.deepapp.vn.io.DeepappMainApplication   : Running with Spring Boot v4.0.1, Spring v7.0.2
2025-12-23T07:37:47.865Z  INFO 7 --- [deepapp_main] [main] c.deepapp.vn.io.DeepappMainApplication   : The following 1 profile is active: "docker"
2025-12-23T07:37:48.816Z  INFO 7 --- [deepapp_main] [main] o.s.boot.tomcat.TomcatWebServer          : Tomcat initialized with port 8080 (http)
2025-12-23T07:37:48.828Z  INFO 7 --- [deepapp_main] [main] o.apache.catalina.core.StandardService   : Starting service [Tomcat]
2025-12-23T07:37:48.829Z  INFO 7 --- [deepapp_main] [main] o.apache.catalina.core.StandardEngine    : Starting Servlet engine: [Apache Tomcat/11.0.15]
2025-12-23T07:37:48.858Z  INFO 7 --- [deepapp_main] [main] b.w.c.s.WebApplicationContextInitializer : Root WebApplicationContext: initialization completed in 943 ms
2025-12-23T07:37:49.041Z  INFO 7 --- [deepapp_main] [main] c.d.v.i.i.cpp.CppWorkerManager           : ========================================
2025-12-23T07:37:49.041Z  INFO 7 --- [deepapp_main] [main] c.d.v.i.i.cpp.CppWorkerManager           : C++ Worker Manager - Initialization
2025-12-23T07:37:49.041Z  INFO 7 --- [deepapp_main] [main] c.d.v.i.i.cpp.CppWorkerManager           : ========================================
2025-12-23T07:37:49.041Z  INFO 7 --- [deepapp_main] [main] c.d.v.i.i.cpp.CppWorkerManager           : Starting C++ worker process...
2025-12-23T07:37:49.041Z  INFO 7 --- [deepapp_main] [main] c.d.v.i.i.cpp.CppWorkerManager           :   gRPC Server: 72.60.111.138:50051:50051
2025-12-23T07:37:49.041Z  INFO 7 --- [deepapp_main] [main] c.d.v.i.i.cpp.CppWorkerManager           :   Client ID: cpp-worker
2025-12-23T07:37:49.046Z ERROR 7 --- [deepapp_main] [cpp-worker-error] c.d.v.i.i.cpp.CppWorkerManager           : [C++ Worker ERROR] /app/build/deepapp_worker_main: error while loading shared libraries: libgrpc++.so.1: cannot open shared object file: No such file or directory
2025-12-23T07:37:51.046Z ERROR 7 --- [deepapp_main] [main] c.d.v.i.i.cpp.CppWorkerManager           : Failed to start C++ worker

java.lang.RuntimeException: C++ worker process terminated immediately
	at com.deepapp.vn.io.infrastructure.cpp.CppWorkerManager.startCppWorker(CppWorkerManager.java:222) ~[!/:0.0.1-SNAPSHOT]
	at com.deepapp.vn.io.infrastructure.cpp.CppWorkerManager.initialize(CppWorkerManager.java:73) ~[!/:0.0.1-SNAPSHOT]
	at java.base/jdk.internal.reflect.NativeMethodAccessorImpl.invoke0(Native Method) ~[na:na]
	at java.base/jdk.internal.reflect.NativeMethodAccessorImpl.invoke(Unknown Source) ~[na:na]
	at java.base/jdk.internal.reflect.DelegatingMethodAccessorImpl.invoke(Unknown Source) ~[na:na]
	at java.base/java.lang.reflect.Method.invoke(Unknown Source) ~[na:na]
	at org.springframework.beans.factory.annotation.InitDestroyAnnotationBeanPostProcessor$LifecycleMethod.invoke(InitDestroyAnnotationBeanPostProcessor.java:453) ~[spring-beans-7.0.2.jar!/:7.0.2]
	at org.springframework.beans.factory.annotation.InitDestroyAnnotationBeanPostProcessor$LifecycleMetadata.invokeInitMethods(InitDestroyAnnotationBeanPostProcessor.java:397) ~[spring-beans-7.0.2.jar!/:7.0.2]
	at org.springframework.beans.factory.annotation.InitDestroyAnnotationBeanPostProcessor.postProcessBeforeInitialization(InitDestroyAnnotationBeanPostProcessor.java:217) ~[spring-beans-7.0.2.jar!/:7.0.2]
	at org.springframework.beans.factory.support.AbstractAutowireCapableBeanFactory.applyBeanPostProcessorsBeforeInitialization(AbstractAutowireCapableBeanFactory.java:426) ~[spring-beans-7.0.2.jar!/:7.0.2]
	at org.springframework.beans.factory.support.AbstractAutowireCapableBeanFactory.initializeBean(AbstractAutowireCapableBeanFactory.java:1809) ~[spring-beans-7.0.2.jar!/:7.0.2]
	at org.springframework.beans.factory.support.AbstractAutowireCapableBeanFactory.doCreateBean(AbstractAutowireCapableBeanFactory.java:603) ~[spring-beans-7.0.2.jar!/:7.0.2]
	at org.springframework.beans.factory.support.AbstractAutowireCapableBeanFactory.createBean(AbstractAutowireCapableBeanFactory.java:525) ~[spring-beans-7.0.2.jar!/:7.0.2]
	at org.springframework.beans.factory.support.AbstractBeanFactory.lambda$doGetBean$0(AbstractBeanFactory.java:333) ~[spring-beans-7.0.2.jar!/:7.0.2]
	at org.springframework.beans.factory.support.DefaultSingletonBeanRegistry.getSingleton(DefaultSingletonBeanRegistry.java:371) ~[spring-beans-7.0.2.jar!/:7.0.2]
	at org.springframework.beans.factory.support.AbstractBeanFactory.doGetBean(AbstractBeanFactory.java:331) ~[spring-beans-7.0.2.jar!/:7.0.2]
	at org.springframework.beans.factory.support.AbstractBeanFactory.getBean(AbstractBeanFactory.java:196) ~[spring-beans-7.0.2.jar!/:7.0.2]
	at org.springframework.beans.factory.support.DefaultListableBeanFactory.instantiateSingleton(DefaultListableBeanFactory.java:1218) ~[spring-beans-7.0.2.jar!/:7.0.2]
	at org.springframework.beans.factory.support.DefaultListableBeanFactory.preInstantiateSingleton(DefaultListableBeanFactory.java:1184) ~[spring-beans-7.0.2.jar!/:7.0.2]
	at org.springframework.beans.factory.support.DefaultListableBeanFactory.preInstantiateSingletons(DefaultListableBeanFactory.java:1121) ~[spring-beans-7.0.2.jar!/:7.0.2]
	at org.springframework.context.support.AbstractApplicationContext.finishBeanFactoryInitialization(AbstractApplicationContext.java:993) ~[spring-context-7.0.2.jar!/:7.0.2]
	at org.springframework.context.support.AbstractApplicationContext.refresh(AbstractApplicationContext.java:620) ~[spring-context-7.0.2.jar!/:7.0.2]
	at org.springframework.boot.web.server.servlet.context.ServletWebServerApplicationContext.refresh(ServletWebServerApplicationContext.java:143) ~[spring-boot-web-server-4.0.1.jar!/:4.0.1]
	at org.springframework.boot.SpringApplication.refresh(SpringApplication.java:756) ~[spring-boot-4.0.1.jar!/:4.0.1]
	at org.springframework.boot.SpringApplication.refreshContext(SpringApplication.java:445) ~[spring-boot-4.0.1.jar!/:4.0.1]
	at org.springframework.boot.SpringApplication.run(SpringApplication.java:321) ~[spring-boot-4.0.1.jar!/:4.0.1]
	at org.springframework.boot.SpringApplication.run(SpringApplication.java:1365) ~[spring-boot-4.0.1.jar!/:4.0.1]
	at org.springframework.boot.SpringApplication.run(SpringApplication.java:1354) ~[spring-boot-4.0.1.jar!/:4.0.1]
	at com.deepapp.vn.io.DeepappMainApplication.main(DeepappMainApplication.java:10) ~[!/:0.0.1-SNAPSHOT]
	at java.base/jdk.internal.reflect.NativeMethodAccessorImpl.invoke0(Native Method) ~[na:na]
	at java.base/jdk.internal.reflect.NativeMethodAccessorImpl.invoke(Unknown Source) ~[na:na]
	at java.base/jdk.internal.reflect.DelegatingMethodAccessorImpl.invoke(Unknown Source) ~[na:na]
	at java.base/java.lang.reflect.Method.invoke(Unknown Source) ~[na:na]
	at org.springframework.boot.loader.launch.Launcher.launch(Launcher.java:106) ~[app.jar:0.0.1-SNAPSHOT]
	at org.springframework.boot.loader.launch.Launcher.launch(Launcher.java:64) ~[app.jar:0.0.1-SNAPSHOT]
	at org.springframework.boot.loader.launch.JarLauncher.main(JarLauncher.java:40) ~[app.jar:0.0.1-SNAPSHOT]

2025-12-23T07:37:51.051Z ERROR 7 --- [deepapp_main] [main] c.d.v.i.i.cpp.CppWorkerManager           : Failed to initialize C++ worker manager

java.lang.RuntimeException: C++ worker start failed
	at com.deepapp.vn.io.infrastructure.cpp.CppWorkerManager.startCppWorker(CppWorkerManager.java:230) ~[!/:0.0.1-SNAPSHOT]
	at com.deepapp.vn.io.infrastructure.cpp.CppWorkerManager.initialize(CppWorkerManager.java:73) ~[!/:0.0.1-SNAPSHOT]
	at java.base/jdk.internal.reflect.NativeMethodAccessorImpl.invoke0(Native Method) ~[na:na]
	at java.base/jdk.internal.reflect.NativeMethodAccessorImpl.invoke(Unknown Source) ~[na:na]
	at java.base/jdk.internal.reflect.DelegatingMethodAccessorImpl.invoke(Unknown Source) ~[na:na]
	at java.base/java.lang.reflect.Method.invoke(Unknown Source) ~[na:na]
	at org.springframework.beans.factory.annotation.InitDestroyAnnotationBeanPostProcessor$LifecycleMethod.invoke(InitDestroyAnnotationBeanPostProcessor.java:453) ~[spring-beans-7.0.2.jar!/:7.0.2]
	at org.springframework.beans.factory.annotation.InitDestroyAnnotationBeanPostProcessor$LifecycleMetadata.invokeInitMethods(InitDestroyAnnotationBeanPostProcessor.java:397) ~[spring-beans-7.0.2.jar!/:7.0.2]
	at org.springframework.beans.factory.annotation.InitDestroyAnnotationBeanPostProcessor.postProcessBeforeInitialization(InitDestroyAnnotationBeanPostProcessor.java:217) ~[spring-beans-7.0.2.jar!/:7.0.2]
	at org.springframework.beans.factory.support.AbstractAutowireCapableBeanFactory.applyBeanPostProcessorsBeforeInitialization(AbstractAutowireCapableBeanFactory.java:426) ~[spring-beans-7.0.2.jar!/:7.0.2]
	at org.springframework.beans.factory.support.AbstractAutowireCapableBeanFactory.initializeBean(AbstractAutowireCapableBeanFactory.java:1809) ~[spring-beans-7.0.2.jar!/:7.0.2]
	at org.springframework.beans.factory.support.AbstractAutowireCapableBeanFactory.doCreateBean(AbstractAutowireCapableBeanFactory.java:603) ~[spring-beans-7.0.2.jar!/:7.0.2]
	at org.springframework.beans.factory.support.AbstractAutowireCapableBeanFactory.createBean(AbstractAutowireCapableBeanFactory.java:525) ~[spring-beans-7.0.2.jar!/:7.0.2]
	at org.springframework.beans.factory.support.AbstractBeanFactory.lambda$doGetBean$0(AbstractBeanFactory.java:333) ~[spring-beans-7.0.2.jar!/:7.0.2]
	at org.springframework.beans.factory.support.DefaultSingletonBeanRegistry.getSingleton(DefaultSingletonBeanRegistry.java:371) ~[spring-beans-7.0.2.jar!/:7.0.2]
	at org.springframework.beans.factory.support.AbstractBeanFactory.doGetBean(AbstractBeanFactory.java:331) ~[spring-beans-7.0.2.jar!/:7.0.2]
	at org.springframework.beans.factory.support.AbstractBeanFactory.getBean(AbstractBeanFactory.java:196) ~[spring-beans-7.0.2.jar!/:7.0.2]
	at org.springframework.beans.factory.support.DefaultListableBeanFactory.instantiateSingleton(DefaultListableBeanFactory.java:1218) ~[spring-beans-7.0.2.jar!/:7.0.2]
	at org.springframework.beans.factory.support.DefaultListableBeanFactory.preInstantiateSingleton(DefaultListableBeanFactory.java:1184) ~[spring-beans-7.0.2.jar!/:7.0.2]
	at org.springframework.beans.factory.support.DefaultListableBeanFactory.preInstantiateSingletons(DefaultListableBeanFactory.java:1121) ~[spring-beans-7.0.2.jar!/:7.0.2]
	at org.springframework.context.support.AbstractApplicationContext.finishBeanFactoryInitialization(AbstractApplicationContext.java:993) ~[spring-context-7.0.2.jar!/:7.0.2]
	at org.springframework.context.support.AbstractApplicationContext.refresh(AbstractApplicationContext.java:620) ~[spring-context-7.0.2.jar!/:7.0.2]
	at org.springframework.boot.web.server.servlet.context.ServletWebServerApplicationContext.refresh(ServletWebServerApplicationContext.java:143) ~[spring-boot-web-server-4.0.1.jar!/:4.0.1]
	at org.springframework.boot.SpringApplication.refresh(SpringApplication.java:756) ~[spring-boot-4.0.1.jar!/:4.0.1]
	at org.springframework.boot.SpringApplication.refreshContext(SpringApplication.java:445) ~[spring-boot-4.0.1.jar!/:4.0.1]
	at org.springframework.boot.SpringApplication.run(SpringApplication.java:321) ~[spring-boot-4.0.1.jar!/:4.0.1]
	at org.springframework.boot.SpringApplication.run(SpringApplication.java:1365) ~[spring-boot-4.0.1.jar!/:4.0.1]
	at org.springframework.boot.SpringApplication.run(SpringApplication.java:1354) ~[spring-boot-4.0.1.jar!/:4.0.1]
	at com.deepapp.vn.io.DeepappMainApplication.main(DeepappMainApplication.java:10) ~[!/:0.0.1-SNAPSHOT]
	at java.base/jdk.internal.reflect.NativeMethodAccessorImpl.invoke0(Native Method) ~[na:na]
	at java.base/jdk.internal.reflect.NativeMethodAccessorImpl.invoke(Unknown Source) ~[na:na]
	at java.base/jdk.internal.reflect.DelegatingMethodAccessorImpl.invoke(Unknown Source) ~[na:na]
	at java.base/java.lang.reflect.Method.invoke(Unknown Source) ~[na:na]
	at org.springframework.boot.loader.launch.Launcher.launch(Launcher.java:106) ~[app.jar:0.0.1-SNAPSHOT]
	at org.springframework.boot.loader.launch.Launcher.launch(Launcher.java:64) ~[app.jar:0.0.1-SNAPSHOT]
	at org.springframework.boot.loader.launch.JarLauncher.main(JarLauncher.java:40) ~[app.jar:0.0.1-SNAPSHOT]
Caused by: java.lang.RuntimeException: C++ worker process terminated immediately
	at com.deepapp.vn.io.infrastructure.cpp.CppWorkerManager.startCppWorker(CppWorkerManager.java:222) ~[!/:0.0.1-SNAPSHOT]
	... 35 common frames omitted

2025-12-23T07:37:51.053Z  WARN 7 --- [deepapp_main] [main] ConfigServletWebServerApplicationContext : Exception encountered during context initialization - cancelling refresh attempt: org.springframework.beans.factory.BeanCreationException: Error creating bean with name 'cppWorkerManager': Invocation of init method failed
2025-12-23T07:37:51.055Z  INFO 7 --- [deepapp_main] [main] o.apache.catalina.core.StandardService   : Stopping service [Tomcat]
2025-12-23T07:37:51.064Z  INFO 7 --- [deepapp_main] [main] .s.b.a.l.ConditionEvaluationReportLogger : 

Error starting ApplicationContext. To display the condition evaluation report re-run your application with 'debug' enabled.
2025-12-23T07:37:51.076Z ERROR 7 --- [deepapp_main] [main] o.s.boot.SpringApplication               : Application run failed

org.springframework.beans.factory.BeanCreationException: Error creating bean with name 'cppWorkerManager': Invocation of init method failed
	at org.springframework.beans.factory.annotation.InitDestroyAnnotationBeanPostProcessor.postProcessBeforeInitialization(InitDestroyAnnotationBeanPostProcessor.java:220) ~[spring-beans-7.0.2.jar!/:7.0.2]
	at org.springframework.beans.factory.support.AbstractAutowireCapableBeanFactory.applyBeanPostProcessorsBeforeInitialization(AbstractAutowireCapableBeanFactory.java:426) ~[spring-beans-7.0.2.jar!/:7.0.2]
	at org.springframework.beans.factory.support.AbstractAutowireCapableBeanFactory.initializeBean(AbstractAutowireCapableBeanFactory.java:1809) ~[spring-beans-7.0.2.jar!/:7.0.2]
	at org.springframework.beans.factory.support.AbstractAutowireCapableBeanFactory.doCreateBean(AbstractAutowireCapableBeanFactory.java:603) ~[spring-beans-7.0.2.jar!/:7.0.2]
	at org.springframework.beans.factory.support.AbstractAutowireCapableBeanFactory.createBean(AbstractAutowireCapableBeanFactory.java:525) ~[spring-beans-7.0.2.jar!/:7.0.2]
	at org.springframework.beans.factory.support.AbstractBeanFactory.lambda$doGetBean$0(AbstractBeanFactory.java:333) ~[spring-beans-7.0.2.jar!/:7.0.2]
	at org.springframework.beans.factory.support.DefaultSingletonBeanRegistry.getSingleton(DefaultSingletonBeanRegistry.java:371) ~[spring-beans-7.0.2.jar!/:7.0.2]
	at org.springframework.beans.factory.support.AbstractBeanFactory.doGetBean(AbstractBeanFactory.java:331) ~[spring-beans-7.0.2.jar!/:7.0.2]
	at org.springframework.beans.factory.support.AbstractBeanFactory.getBean(AbstractBeanFactory.java:196) ~[spring-beans-7.0.2.jar!/:7.0.2]
	at org.springframework.beans.factory.support.DefaultListableBeanFactory.instantiateSingleton(DefaultListableBeanFactory.java:1218) ~[spring-beans-7.0.2.jar!/:7.0.2]
	at org.springframework.beans.factory.support.DefaultListableBeanFactory.preInstantiateSingleton(DefaultListableBeanFactory.java:1184) ~[spring-beans-7.0.2.jar!/:7.0.2]
	at org.springframework.beans.factory.support.DefaultListableBeanFactory.preInstantiateSingletons(DefaultListableBeanFactory.java:1121) ~[spring-beans-7.0.2.jar!/:7.0.2]
	at org.springframework.context.support.AbstractApplicationContext.finishBeanFactoryInitialization(AbstractApplicationContext.java:993) ~[spring-context-7.0.2.jar!/:7.0.2]
	at org.springframework.context.support.AbstractApplicationContext.refresh(AbstractApplicationContext.java:620) ~[spring-context-7.0.2.jar!/:7.0.2]
	at org.springframework.boot.web.server.servlet.context.ServletWebServerApplicationContext.refresh(ServletWebServerApplicationContext.java:143) ~[spring-boot-web-server-4.0.1.jar!/:4.0.1]
	at org.springframework.boot.SpringApplication.refresh(SpringApplication.java:756) ~[spring-boot-4.0.1.jar!/:4.0.1]
	at org.springframework.boot.SpringApplication.refreshContext(SpringApplication.java:445) ~[spring-boot-4.0.1.jar!/:4.0.1]
	at org.springframework.boot.SpringApplication.run(SpringApplication.java:321) ~[spring-boot-4.0.1.jar!/:4.0.1]
	at org.springframework.boot.SpringApplication.run(SpringApplication.java:1365) ~[spring-boot-4.0.1.jar!/:4.0.1]
	at org.springframework.boot.SpringApplication.run(SpringApplication.java:1354) ~[spring-boot-4.0.1.jar!/:4.0.1]
	at com.deepapp.vn.io.DeepappMainApplication.main(DeepappMainApplication.java:10) ~[!/:0.0.1-SNAPSHOT]
	at java.base/jdk.internal.reflect.NativeMethodAccessorImpl.invoke0(Native Method) ~[na:na]
	at java.base/jdk.internal.reflect.NativeMethodAccessorImpl.invoke(Unknown Source) ~[na:na]
	at java.base/jdk.internal.reflect.DelegatingMethodAccessorImpl.invoke(Unknown Source) ~[na:na]
	at java.base/java.lang.reflect.Method.invoke(Unknown Source) ~[na:na]
	at org.springframework.boot.loader.launch.Launcher.launch(Launcher.java:106) ~[app.jar:0.0.1-SNAPSHOT]
	at org.springframework.boot.loader.launch.Launcher.launch(Launcher.java:64) ~[app.jar:0.0.1-SNAPSHOT]
	at org.springframework.boot.loader.launch.JarLauncher.main(JarLauncher.java:40) ~[app.jar:0.0.1-SNAPSHOT]
Caused by: java.lang.RuntimeException: C++ worker initialization failed
	at com.deepapp.vn.io.infrastructure.cpp.CppWorkerManager.initialize(CppWorkerManager.java:80) ~[!/:0.0.1-SNAPSHOT]
	at java.base/jdk.internal.reflect.NativeMethodAccessorImpl.invoke0(Native Method) ~[na:na]
	at java.base/jdk.internal.reflect.NativeMethodAccessorImpl.invoke(Unknown Source) ~[na:na]
	at java.base/jdk.internal.reflect.DelegatingMethodAccessorImpl.invoke(Unknown Source) ~[na:na]
	at java.base/java.lang.reflect.Method.invoke(Unknown Source) ~[na:na]
	at org.springframework.beans.factory.annotation.InitDestroyAnnotationBeanPostProcessor$LifecycleMethod.invoke(InitDestroyAnnotationBeanPostProcessor.java:453) ~[spring-beans-7.0.2.jar!/:7.0.2]
	at org.springframework.beans.factory.annotation.InitDestroyAnnotationBeanPostProcessor$LifecycleMetadata.invokeInitMethods(InitDestroyAnnotationBeanPostProcessor.java:397) ~[spring-beans-7.0.2.jar!/:7.0.2]
	at org.springframework.beans.factory.annotation.InitDestroyAnnotationBeanPostProcessor.postProcessBeforeInitialization(InitDestroyAnnotationBeanPostProcessor.java:217) ~[spring-beans-7.0.2.jar!/:7.0.2]
	... 27 common frames omitted
Caused by: java.lang.RuntimeException: C++ worker start failed
	at com.deepapp.vn.io.infrastructure.cpp.CppWorkerManager.startCppWorker(CppWorkerManager.java:230) ~[!/:0.0.1-SNAPSHOT]
	at com.deepapp.vn.io.infrastructure.cpp.CppWorkerManager.initialize(CppWorkerManager.java:73) ~[!/:0.0.1-SNAPSHOT]
	... 34 common frames omitted
Caused by: java.lang.RuntimeException: C++ worker process terminated immediately
	at com.deepapp.vn.io.infrastructure.cpp.CppWorkerManager.startCppWorker(CppWorkerManager.java:222) ~[!/:0.0.1-SNAPSHOT]
	... 35 common frames omitted

2025-12-23T07:37:52.921Z  INFO 7 --- [deepapp_main] [main] c.deepapp.vn.io.DeepappMainApplication   : Starting DeepappMainApplication v0.0.1-SNAPSHOT using Java 17.0.17 with PID 7 (/app/app.jar started by root in /app)
2025-12-23T07:37:52.923Z DEBUG 7 --- [deepapp_main] [main] c.deepapp.vn.io.DeepappMainApplication   : Running with Spring Boot v4.0.1, Spring v7.0.2
2025-12-23T07:37:52.924Z  INFO 7 --- [deepapp_main] [main] c.deepapp.vn.io.DeepappMainApplication   : The following 1 profile is active: "docker"
2025-12-23T07:37:53.748Z  INFO 7 --- [deepapp_main] [main] o.s.boot.tomcat.TomcatWebServer          : Tomcat initialized with port 8080 (http)
2025-12-23T07:37:53.759Z  INFO 7 --- [deepapp_main] [main] o.apache.catalina.core.StandardService   : Starting service [Tomcat]
2025-12-23T07:37:53.760Z  INFO 7 --- [deepapp_main] [main] o.apache.catalina.core.StandardEngine    : Starting Servlet engine: [Apache Tomcat/11.0.15]
2025-12-23T07:37:53.784Z  INFO 7 --- [deepapp_main] [main] b.w.c.s.WebApplicationContextInitializer : Root WebApplicationContext: initialization completed in 818 ms
2025-12-23T07:37:53.923Z  INFO 7 --- [deepapp_main] [main] c.d.v.i.i.cpp.CppWorkerManager           : ========================================
2025-12-23T07:37:53.924Z  INFO 7 --- [deepapp_main] [main] c.d.v.i.i.cpp.CppWorkerManager           : C++ Worker Manager - Initialization
2025-12-23T07:37:53.924Z  INFO 7 --- [deepapp_main] [main] c.d.v.i.i.cpp.CppWorkerManager           : ========================================
2025-12-23T07:37:53.924Z  INFO 7 --- [deepapp_main] [main] c.d.v.i.i.cpp.CppWorkerManager           : Starting C++ worker process...
2025-12-23T07:37:53.924Z  INFO 7 --- [deepapp_main] [main] c.d.v.i.i.cpp.CppWorkerManager           :   gRPC Server: 72.60.111.138:50051:50051
2025-12-23T07:37:53.925Z  INFO 7 --- [deepapp_main] [main] c.d.v.i.i.cpp.CppWorkerManager           :   Client ID: cpp-worker
2025-12-23T07:37:53.930Z ERROR 7 --- [deepapp_main] [cpp-worker-error] c.d.v.i.i.cpp.CppWorkerManager           : [C++ Worker ERROR] /app/build/deepapp_worker_main: error while loading shared libraries: libgrpc++.so.1: cannot open shared object file: No such file or directory
2025-12-23T07:37:55.930Z ERROR 7 --- [deepapp_main] [main] c.d.v.i.i.cpp.CppWorkerManager           : Failed to start C++ worker

java.lang.RuntimeException: C++ worker process terminated immediately
	at com.deepapp.vn.io.infrastructure.cpp.CppWorkerManager.startCppWorker(CppWorkerManager.java:222) ~[!/:0.0.1-SNAPSHOT]
	at com.deepapp.vn.io.infrastructure.cpp.CppWorkerManager.initialize(CppWorkerManager.java:73) ~[!/:0.0.1-SNAPSHOT]
	at java.base/jdk.internal.reflect.NativeMethodAccessorImpl.invoke0(Native Method) ~[na:na]
	at java.base/jdk.internal.reflect.NativeMethodAccessorImpl.invoke(Unknown Source) ~[na:na]
	at java.base/jdk.internal.reflect.DelegatingMethodAccessorImpl.invoke(Unknown Source) ~[na:na]
	at java.base/java.lang.reflect.Method.invoke(Unknown Source) ~[na:na]
	at org.springframework.beans.factory.annotation.InitDestroyAnnotationBeanPostProcessor$LifecycleMethod.invoke(InitDestroyAnnotationBeanPostProcessor.java:453) ~[spring-beans-7.0.2.jar!/:7.0.2]
	at org.springframework.beans.factory.annotation.InitDestroyAnnotationBeanPostProcessor$LifecycleMetadata.invokeInitMethods(InitDestroyAnnotationBeanPostProcessor.java:397) ~[spring-beans-7.0.2.jar!/:7.0.2]
	at org.springframework.beans.factory.annotation.InitDestroyAnnotationBeanPostProcessor.postProcessBeforeInitialization(InitDestroyAnnotationBeanPostProcessor.java:217) ~[spring-beans-7.0.2.jar!/:7.0.2]
	at org.springframework.beans.factory.support.AbstractAutowireCapableBeanFactory.applyBeanPostProcessorsBeforeInitialization(AbstractAutowireCapableBeanFactory.java:426) ~[spring-beans-7.0.2.jar!/:7.0.2]
	at org.springframework.beans.factory.support.AbstractAutowireCapableBeanFactory.initializeBean(AbstractAutowireCapableBeanFactory.java:1809) ~[spring-beans-7.0.2.jar!/:7.0.2]
	at org.springframework.beans.factory.support.AbstractAutowireCapableBeanFactory.doCreateBean(AbstractAutowireCapableBeanFactory.java:603) ~[spring-beans-7.0.2.jar!/:7.0.2]
	at org.springframework.beans.factory.support.AbstractAutowireCapableBeanFactory.createBean(AbstractAutowireCapableBeanFactory.java:525) ~[spring-beans-7.0.2.jar!/:7.0.2]
	at org.springframework.beans.factory.support.AbstractBeanFactory.lambda$doGetBean$0(AbstractBeanFactory.java:333) ~[spring-beans-7.0.2.jar!/:7.0.2]
	at org.springframework.beans.factory.support.DefaultSingletonBeanRegistry.getSingleton(DefaultSingletonBeanRegistry.java:371) ~[spring-beans-7.0.2.jar!/:7.0.2]
	at org.springframework.beans.factory.support.AbstractBeanFactory.doGetBean(AbstractBeanFactory.java:331) ~[spring-beans-7.0.2.jar!/:7.0.2]
	at org.springframework.beans.factory.support.AbstractBeanFactory.getBean(AbstractBeanFactory.java:196) ~[spring-beans-7.0.2.jar!/:7.0.2]
	at org.springframework.beans.factory.support.DefaultListableBeanFactory.instantiateSingleton(DefaultListableBeanFactory.java:1218) ~[spring-beans-7.0.2.jar!/:7.0.2]
	at org.springframework.beans.factory.support.DefaultListableBeanFactory.preInstantiateSingleton(DefaultListableBeanFactory.java:1184) ~[spring-beans-7.0.2.jar!/:7.0.2]
	at org.springframework.beans.factory.support.DefaultListableBeanFactory.preInstantiateSingletons(DefaultListableBeanFactory.java:1121) ~[spring-beans-7.0.2.jar!/:7.0.2]
	at org.springframework.context.support.AbstractApplicationContext.finishBeanFactoryInitialization(AbstractApplicationContext.java:993) ~[spring-context-7.0.2.jar!/:7.0.2]
	at org.springframework.context.support.AbstractApplicationContext.refresh(AbstractApplicationContext.java:620) ~[spring-context-7.0.2.jar!/:7.0.2]
	at org.springframework.boot.web.server.servlet.context.ServletWebServerApplicationContext.refresh(ServletWebServerApplicationContext.java:143) ~[spring-boot-web-server-4.0.1.jar!/:4.0.1]
	at org.springframework.boot.SpringApplication.refresh(SpringApplication.java:756) ~[spring-boot-4.0.1.jar!/:4.0.1]
	at org.springframework.boot.SpringApplication.refreshContext(SpringApplication.java:445) ~[spring-boot-4.0.1.jar!/:4.0.1]
	at org.springframework.boot.SpringApplication.run(SpringApplication.java:321) ~[spring-boot-4.0.1.jar!/:4.0.1]
	at org.springframework.boot.SpringApplication.run(SpringApplication.java:1365) ~[spring-boot-4.0.1.jar!/:4.0.1]
	at org.springframework.boot.SpringApplication.run(SpringApplication.java:1354) ~[spring-boot-4.0.1.jar!/:4.0.1]
	at com.deepapp.vn.io.DeepappMainApplication.main(DeepappMainApplication.java:10) ~[!/:0.0.1-SNAPSHOT]
	at java.base/jdk.internal.reflect.NativeMethodAccessorImpl.invoke0(Native Method) ~[na:na]
	at java.base/jdk.internal.reflect.NativeMethodAccessorImpl.invoke(Unknown Source) ~[na:na]
	at java.base/jdk.internal.reflect.DelegatingMethodAccessorImpl.invoke(Unknown Source) ~[na:na]
	at java.base/java.lang.reflect.Method.invoke(Unknown Source) ~[na:na]
	at org.springframework.boot.loader.launch.Launcher.launch(Launcher.java:106) ~[app.jar:0.0.1-SNAPSHOT]
	at org.springframework.boot.loader.launch.Launcher.launch(Launcher.java:64) ~[app.jar:0.0.1-SNAPSHOT]
	at org.springframework.boot.loader.launch.JarLauncher.main(JarLauncher.java:40) ~[app.jar:0.0.1-SNAPSHOT]

2025-12-23T07:37:55.933Z ERROR 7 --- [deepapp_main] [main] c.d.v.i.i.cpp.CppWorkerManager           : Failed to initialize C++ worker manager

java.lang.RuntimeException: C++ worker start failed
	at com.deepapp.vn.io.infrastructure.cpp.CppWorkerManager.startCppWorker(CppWorkerManager.java:230) ~[!/:0.0.1-SNAPSHOT]
	at com.deepapp.vn.io.infrastructure.cpp.CppWorkerManager.initialize(CppWorkerManager.java:73) ~[!/:0.0.1-SNAPSHOT]
	at java.base/jdk.internal.reflect.NativeMethodAccessorImpl.invoke0(Native Method) ~[na:na]
	at java.base/jdk.internal.reflect.NativeMethodAccessorImpl.invoke(Unknown Source) ~[na:na]
	at java.base/jdk.internal.reflect.DelegatingMethodAccessorImpl.invoke(Unknown Source) ~[na:na]
	at java.base/java.lang.reflect.Method.invoke(Unknown Source) ~[na:na]
	at org.springframework.beans.factory.annotation.InitDestroyAnnotationBeanPostProcessor$LifecycleMethod.invoke(InitDestroyAnnotationBeanPostProcessor.java:453) ~[spring-beans-7.0.2.jar!/:7.0.2]
	at org.springframework.beans.factory.annotation.InitDestroyAnnotationBeanPostProcessor$LifecycleMetadata.invokeInitMethods(InitDestroyAnnotationBeanPostProcessor.java:397) ~[spring-beans-7.0.2.jar!/:7.0.2]
	at org.springframework.beans.factory.annotation.InitDestroyAnnotationBeanPostProcessor.postProcessBeforeInitialization(InitDestroyAnnotationBeanPostProcessor.java:217) ~[spring-beans-7.0.2.jar!/:7.0.2]
	at org.springframework.beans.factory.support.AbstractAutowireCapableBeanFactory.applyBeanPostProcessorsBeforeInitialization(AbstractAutowireCapableBeanFactory.java:426) ~[spring-beans-7.0.2.jar!/:7.0.2]
	at org.springframework.beans.factory.support.AbstractAutowireCapableBeanFactory.initializeBean(AbstractAutowireCapableBeanFactory.java:1809) ~[spring-beans-7.0.2.jar!/:7.0.2]
	at org.springframework.beans.factory.support.AbstractAutowireCapableBeanFactory.doCreateBean(AbstractAutowireCapableBeanFactory.java:603) ~[spring-beans-7.0.2.jar!/:7.0.2]
	at org.springframework.beans.factory.support.AbstractAutowireCapableBeanFactory.createBean(AbstractAutowireCapableBeanFactory.java:525) ~[spring-beans-7.0.2.jar!/:7.0.2]
	at org.springframework.beans.factory.support.AbstractBeanFactory.lambda$doGetBean$0(AbstractBeanFactory.java:333) ~[spring-beans-7.0.2.jar!/:7.0.2]
	at org.springframework.beans.factory.support.DefaultSingletonBeanRegistry.getSingleton(DefaultSingletonBeanRegistry.java:371) ~[spring-beans-7.0.2.jar!/:7.0.2]
	at org.springframework.beans.factory.support.AbstractBeanFactory.doGetBean(AbstractBeanFactory.java:331) ~[spring-beans-7.0.2.jar!/:7.0.2]
	at org.springframework.beans.factory.support.AbstractBeanFactory.getBean(AbstractBeanFactory.java:196) ~[spring-beans-7.0.2.jar!/:7.0.2]
	at org.springframework.beans.factory.support.DefaultListableBeanFactory.instantiateSingleton(DefaultListableBeanFactory.java:1218) ~[spring-beans-7.0.2.jar!/:7.0.2]
	at org.springframework.beans.factory.support.DefaultListableBeanFactory.preInstantiateSingleton(DefaultListableBeanFactory.java:1184) ~[spring-beans-7.0.2.jar!/:7.0.2]
	at org.springframework.beans.factory.support.DefaultListableBeanFactory.preInstantiateSingletons(DefaultListableBeanFactory.java:1121) ~[spring-beans-7.0.2.jar!/:7.0.2]
	at org.springframework.context.support.AbstractApplicationContext.finishBeanFactoryInitialization(AbstractApplicationContext.java:993) ~[spring-context-7.0.2.jar!/:7.0.2]
	at org.springframework.context.support.AbstractApplicationContext.refresh(AbstractApplicationContext.java:620) ~[spring-context-7.0.2.jar!/:7.0.2]
	at org.springframework.boot.web.server.servlet.context.ServletWebServerApplicationContext.refresh(ServletWebServerApplicationContext.java:143) ~[spring-boot-web-server-4.0.1.jar!/:4.0.1]
	at org.springframework.boot.SpringApplication.refresh(SpringApplication.java:756) ~[spring-boot-4.0.1.jar!/:4.0.1]
	at org.springframework.boot.SpringApplication.refreshContext(SpringApplication.java:445) ~[spring-boot-4.0.1.jar!/:4.0.1]
	at org.springframework.boot.SpringApplication.run(SpringApplication.java:321) ~[spring-boot-4.0.1.jar!/:4.0.1]
	at org.springframework.boot.SpringApplication.run(SpringApplication.java:1365) ~[spring-boot-4.0.1.jar!/:4.0.1]
	at org.springframework.boot.SpringApplication.run(SpringApplication.java:1354) ~[spring-boot-4.0.1.jar!/:4.0.1]
	at com.deepapp.vn.io.DeepappMainApplication.main(DeepappMainApplication.java:10) ~[!/:0.0.1-SNAPSHOT]
	at java.base/jdk.internal.reflect.NativeMethodAccessorImpl.invoke0(Native Method) ~[na:na]
	at java.base/jdk.internal.reflect.NativeMethodAccessorImpl.invoke(Unknown Source) ~[na:na]
	at java.base/jdk.internal.reflect.DelegatingMethodAccessorImpl.invoke(Unknown Source) ~[na:na]
	at java.base/java.lang.reflect.Method.invoke(Unknown Source) ~[na:na]
	at org.springframework.boot.loader.launch.Launcher.launch(Launcher.java:106) ~[app.jar:0.0.1-SNAPSHOT]
	at org.springframework.boot.loader.launch.Launcher.launch(Launcher.java:64) ~[app.jar:0.0.1-SNAPSHOT]
	at org.springframework.boot.loader.launch.JarLauncher.main(JarLauncher.java:40) ~[app.jar:0.0.1-SNAPSHOT]
Caused by: java.lang.RuntimeException: C++ worker process terminated immediately
	at com.deepapp.vn.io.infrastructure.cpp.CppWorkerManager.startCppWorker(CppWorkerManager.java:222) ~[!/:0.0.1-SNAPSHOT]
	... 35 common frames omitted

2025-12-23T07:37:55.935Z  WARN 7 --- [deepapp_main] [main] ConfigServletWebServerApplicationContext : Exception encountered during context initialization - cancelling refresh attempt: org.springframework.beans.factory.BeanCreationException: Error creating bean with name 'cppWorkerManager': Invocation of init method failed
2025-12-23T07:37:55.937Z  INFO 7 --- [deepapp_main] [main] o.apache.catalina.core.StandardService   : Stopping service [Tomcat]
2025-12-23T07:37:55.946Z  INFO 7 --- [deepapp_main] [main] .s.b.a.l.ConditionEvaluationReportLogger : 

Error starting ApplicationContext. To display the condition evaluation report re-run your application with 'debug' enabled.
2025-12-23T07:37:55.955Z ERROR 7 --- [deepapp_main] [main] o.s.boot.SpringApplication               : Application run failed

org.springframework.beans.factory.BeanCreationException: Error creating bean with name 'cppWorkerManager': Invocation of init method failed
	at org.springframework.beans.factory.annotation.InitDestroyAnnotationBeanPostProcessor.postProcessBeforeInitialization(InitDestroyAnnotationBeanPostProcessor.java:220) ~[spring-beans-7.0.2.jar!/:7.0.2]
	at org.springframework.beans.factory.support.AbstractAutowireCapableBeanFactory.applyBeanPostProcessorsBeforeInitialization(AbstractAutowireCapableBeanFactory.java:426) ~[spring-beans-7.0.2.jar!/:7.0.2]
	at org.springframework.beans.factory.support.AbstractAutowireCapableBeanFactory.initializeBean(AbstractAutowireCapableBeanFactory.java:1809) ~[spring-beans-7.0.2.jar!/:7.0.2]
	at org.springframework.beans.factory.support.AbstractAutowireCapableBeanFactory.doCreateBean(AbstractAutowireCapableBeanFactory.java:603) ~[spring-beans-7.0.2.jar!/:7.0.2]
	at org.springframework.beans.factory.support.AbstractAutowireCapableBeanFactory.createBean(AbstractAutowireCapableBeanFactory.java:525) ~[spring-beans-7.0.2.jar!/:7.0.2]
	at org.springframework.beans.factory.support.AbstractBeanFactory.lambda$doGetBean$0(AbstractBeanFactory.java:333) ~[spring-beans-7.0.2.jar!/:7.0.2]
	at org.springframework.beans.factory.support.DefaultSingletonBeanRegistry.getSingleton(DefaultSingletonBeanRegistry.java:371) ~[spring-beans-7.0.2.jar!/:7.0.2]
	at org.springframework.beans.factory.support.AbstractBeanFactory.doGetBean(AbstractBeanFactory.java:331) ~[spring-beans-7.0.2.jar!/:7.0.2]
	at org.springframework.beans.factory.support.AbstractBeanFactory.getBean(AbstractBeanFactory.java:196) ~[spring-beans-7.0.2.jar!/:7.0.2]
	at org.springframework.beans.factory.support.DefaultListableBeanFactory.instantiateSingleton(DefaultListableBeanFactory.java:1218) ~[spring-beans-7.0.2.jar!/:7.0.2]
	at org.springframework.beans.factory.support.DefaultListableBeanFactory.preInstantiateSingleton(DefaultListableBeanFactory.java:1184) ~[spring-beans-7.0.2.jar!/:7.0.2]
	at org.springframework.beans.factory.support.DefaultListableBeanFactory.preInstantiateSingletons(DefaultListableBeanFactory.java:1121) ~[spring-beans-7.0.2.jar!/:7.0.2]
	at org.springframework.context.support.AbstractApplicationContext.finishBeanFactoryInitialization(AbstractApplicationContext.java:993) ~[spring-context-7.0.2.jar!/:7.0.2]
	at org.springframework.context.support.AbstractApplicationContext.refresh(AbstractApplicationContext.java:620) ~[spring-context-7.0.2.jar!/:7.0.2]
	at org.springframework.boot.web.server.servlet.context.ServletWebServerApplicationContext.refresh(ServletWebServerApplicationContext.java:143) ~[spring-boot-web-server-4.0.1.jar!/:4.0.1]
	at org.springframework.boot.SpringApplication.refresh(SpringApplication.java:756) ~[spring-boot-4.0.1.jar!/:4.0.1]
	at org.springframework.boot.SpringApplication.refreshContext(SpringApplication.java:445) ~[spring-boot-4.0.1.jar!/:4.0.1]
	at org.springframework.boot.SpringApplication.run(SpringApplication.java:321) ~[spring-boot-4.0.1.jar!/:4.0.1]
	at org.springframework.boot.SpringApplication.run(SpringApplication.java:1365) ~[spring-boot-4.0.1.jar!/:4.0.1]
	at org.springframework.boot.SpringApplication.run(SpringApplication.java:1354) ~[spring-boot-4.0.1.jar!/:4.0.1]
	at com.deepapp.vn.io.DeepappMainApplication.main(DeepappMainApplication.java:10) ~[!/:0.0.1-SNAPSHOT]
	at java.base/jdk.internal.reflect.NativeMethodAccessorImpl.invoke0(Native Method) ~[na:na]
	at java.base/jdk.internal.reflect.NativeMethodAccessorImpl.invoke(Unknown Source) ~[na:na]
	at java.base/jdk.internal.reflect.DelegatingMethodAccessorImpl.invoke(Unknown Source) ~[na:na]
	at java.base/java.lang.reflect.Method.invoke(Unknown Source) ~[na:na]
	at org.springframework.boot.loader.launch.Launcher.launch(Launcher.java:106) ~[app.jar:0.0.1-SNAPSHOT]
	at org.springframework.boot.loader.launch.Launcher.launch(Launcher.java:64) ~[app.jar:0.0.1-SNAPSHOT]
	at org.springframework.boot.loader.launch.JarLauncher.main(JarLauncher.java:40) ~[app.jar:0.0.1-SNAPSHOT]
Caused by: java.lang.RuntimeException: C++ worker initialization failed
	at com.deepapp.vn.io.infrastructure.cpp.CppWorkerManager.initialize(CppWorkerManager.java:80) ~[!/:0.0.1-SNAPSHOT]
	at java.base/jdk.internal.reflect.NativeMethodAccessorImpl.invoke0(Native Method) ~[na:na]
	at java.base/jdk.internal.reflect.NativeMethodAccessorImpl.invoke(Unknown Source) ~[na:na]
	at java.base/jdk.internal.reflect.DelegatingMethodAccessorImpl.invoke(Unknown Source) ~[na:na]
	at java.base/java.lang.reflect.Method.invoke(Unknown Source) ~[na:na]
	at org.springframework.beans.factory.annotation.InitDestroyAnnotationBeanPostProcessor$LifecycleMethod.invoke(InitDestroyAnnotationBeanPostProcessor.java:453) ~[spring-beans-7.0.2.jar!/:7.0.2]
	at org.springframework.beans.factory.annotation.InitDestroyAnnotationBeanPostProcessor$LifecycleMetadata.invokeInitMethods(InitDestroyAnnotationBeanPostProcessor.java:397) ~[spring-beans-7.0.2.jar!/:7.0.2]
	at org.springframework.beans.factory.annotation.InitDestroyAnnotationBeanPostProcessor.postProcessBeforeInitialization(InitDestroyAnnotationBeanPostProcessor.java:217) ~[spring-beans-7.0.2.jar!/:7.0.2]
	... 27 common frames omitted
Caused by: java.lang.RuntimeException: C++ worker start failed
	at com.deepapp.vn.io.infrastructure.cpp.CppWorkerManager.startCppWorker(CppWorkerManager.java:230) ~[!/:0.0.1-SNAPSHOT]
	at com.deepapp.vn.io.infrastructure.cpp.CppWorkerManager.initialize(CppWorkerManager.java:73) ~[!/:0.0.1-SNAPSHOT]
	... 34 common frames omitted
Caused by: java.lang.RuntimeException: C++ worker process terminated immediately
	at com.deepapp.vn.io.infrastructure.cpp.CppWorkerManager.startCppWorker(CppWorkerManager.java:222) ~[!/:0.0.1-SNAPSHOT]
	... 35 common frames omitted

2025-12-23T07:37:58.613Z  INFO 7 --- [deepapp_main] [main] c.deepapp.vn.io.DeepappMainApplication   : Starting DeepappMainApplication v0.0.1-SNAPSHOT using Java 17.0.17 with PID 7 (/app/app.jar started by root in /app)
2025-12-23T07:37:58.615Z DEBUG 7 --- [deepapp_main] [main] c.deepapp.vn.io.DeepappMainApplication   : Running with Spring Boot v4.0.1, Spring v7.0.2
2025-12-23T07:37:58.616Z  INFO 7 --- [deepapp_main] [main] c.deepapp.vn.io.DeepappMainApplication   : The following 1 profile is active: "docker"
2025-12-23T07:37:59.571Z  INFO 7 --- [deepapp_main] [main] o.s.boot.tomcat.TomcatWebServer          : Tomcat initialized with port 8080 (http)
2025-12-23T07:37:59.582Z  INFO 7 --- [deepapp_main] [main] o.apache.catalina.core.StandardService   : Starting service [Tomcat]
2025-12-23T07:37:59.582Z  INFO 7 --- [deepapp_main] [main] o.apache.catalina.core.StandardEngine    : Starting Servlet engine: [Apache Tomcat/11.0.15]
2025-12-23T07:37:59.608Z  INFO 7 --- [deepapp_main] [main] b.w.c.s.WebApplicationContextInitializer : Root WebApplicationContext: initialization completed in 957 ms
2025-12-23T07:37:59.760Z  INFO 7 --- [deepapp_main] [main] c.d.v.i.i.cpp.CppWorkerManager           : ========================================
2025-12-23T07:37:59.760Z  INFO 7 --- [deepapp_main] [main] c.d.v.i.i.cpp.CppWorkerManager           : C++ Worker Manager - Initialization
2025-12-23T07:37:59.760Z  INFO 7 --- [deepapp_main] [main] c.d.v.i.i.cpp.CppWorkerManager           : ========================================
2025-12-23T07:37:59.760Z  INFO 7 --- [deepapp_main] [main] c.d.v.i.i.cpp.CppWorkerManager           : Starting C++ worker process...
2025-12-23T07:37:59.760Z  INFO 7 --- [deepapp_main] [main] c.d.v.i.i.cpp.CppWorkerManager           :   gRPC Server: 72.60.111.138:50051:50051
2025-12-23T07:37:59.761Z  INFO 7 --- [deepapp_main] [main] c.d.v.i.i.cpp.CppWorkerManager           :   Client ID: cpp-worker
2025-12-23T07:37:59.766Z ERROR 7 --- [deepapp_main] [cpp-worker-error] c.d.v.i.i.cpp.CppWorkerManager           : [C++ Worker ERROR] /app/build/deepapp_worker_main: error while loading shared libraries: libgrpc++.so.1: cannot open shared object file: No such file or directory
2025-12-23T07:38:01.766Z ERROR 7 --- [deepapp_main] [main] c.d.v.i.i.cpp.CppWorkerManager           : Failed to start C++ worker

java.lang.RuntimeException: C++ worker process terminated immediately
	at com.deepapp.vn.io.infrastructure.cpp.CppWorkerManager.startCppWorker(CppWorkerManager.java:222) ~[!/:0.0.1-SNAPSHOT]
	at com.deepapp.vn.io.infrastructure.cpp.CppWorkerManager.initialize(CppWorkerManager.java:73) ~[!/:0.0.1-SNAPSHOT]
	at java.base/jdk.internal.reflect.NativeMethodAccessorImpl.invoke0(Native Method) ~[na:na]
	at java.base/jdk.internal.reflect.NativeMethodAccessorImpl.invoke(Unknown Source) ~[na:na]
	at java.base/jdk.internal.reflect.DelegatingMethodAccessorImpl.invoke(Unknown Source) ~[na:na]
	at java.base/java.lang.reflect.Method.invoke(Unknown Source) ~[na:na]
	at org.springframework.beans.factory.annotation.InitDestroyAnnotationBeanPostProcessor$LifecycleMethod.invoke(InitDestroyAnnotationBeanPostProcessor.java:453) ~[spring-beans-7.0.2.jar!/:7.0.2]
	at org.springframework.beans.factory.annotation.InitDestroyAnnotationBeanPostProcessor$LifecycleMetadata.invokeInitMethods(InitDestroyAnnotationBeanPostProcessor.java:397) ~[spring-beans-7.0.2.jar!/:7.0.2]
	at org.springframework.beans.factory.annotation.InitDestroyAnnotationBeanPostProcessor.postProcessBeforeInitialization(InitDestroyAnnotationBeanPostProcessor.java:217) ~[spring-beans-7.0.2.jar!/:7.0.2]
	at org.springframework.beans.factory.support.AbstractAutowireCapableBeanFactory.applyBeanPostProcessorsBeforeInitialization(AbstractAutowireCapableBeanFactory.java:426) ~[spring-beans-7.0.2.jar!/:7.0.2]
	at org.springframework.beans.factory.support.AbstractAutowireCapableBeanFactory.initializeBean(AbstractAutowireCapableBeanFactory.java:1809) ~[spring-beans-7.0.2.jar!/:7.0.2]
	at org.springframework.beans.factory.support.AbstractAutowireCapableBeanFactory.doCreateBean(AbstractAutowireCapableBeanFactory.java:603) ~[spring-beans-7.0.2.jar!/:7.0.2]
	at org.springframework.beans.factory.support.AbstractAutowireCapableBeanFactory.createBean(AbstractAutowireCapableBeanFactory.java:525) ~[spring-beans-7.0.2.jar!/:7.0.2]
	at org.springframework.beans.factory.support.AbstractBeanFactory.lambda$doGetBean$0(AbstractBeanFactory.java:333) ~[spring-beans-7.0.2.jar!/:7.0.2]
	at org.springframework.beans.factory.support.DefaultSingletonBeanRegistry.getSingleton(DefaultSingletonBeanRegistry.java:371) ~[spring-beans-7.0.2.jar!/:7.0.2]
	at org.springframework.beans.factory.support.AbstractBeanFactory.doGetBean(AbstractBeanFactory.java:331) ~[spring-beans-7.0.2.jar!/:7.0.2]
	at org.springframework.beans.factory.support.AbstractBeanFactory.getBean(AbstractBeanFactory.java:196) ~[spring-beans-7.0.2.jar!/:7.0.2]
	at org.springframework.beans.factory.support.DefaultListableBeanFactory.instantiateSingleton(DefaultListableBeanFactory.java:1218) ~[spring-beans-7.0.2.jar!/:7.0.2]
	at org.springframework.beans.factory.support.DefaultListableBeanFactory.preInstantiateSingleton(DefaultListableBeanFactory.java:1184) ~[spring-beans-7.0.2.jar!/:7.0.2]
	at org.springframework.beans.factory.support.DefaultListableBeanFactory.preInstantiateSingletons(DefaultListableBeanFactory.java:1121) ~[spring-beans-7.0.2.jar!/:7.0.2]
	at org.springframework.context.support.AbstractApplicationContext.finishBeanFactoryInitialization(AbstractApplicationContext.java:993) ~[spring-context-7.0.2.jar!/:7.0.2]
	at org.springframework.context.support.AbstractApplicationContext.refresh(AbstractApplicationContext.java:620) ~[spring-context-7.0.2.jar!/:7.0.2]
	at org.springframework.boot.web.server.servlet.context.ServletWebServerApplicationContext.refresh(ServletWebServerApplicationContext.java:143) ~[spring-boot-web-server-4.0.1.jar!/:4.0.1]
	at org.springframework.boot.SpringApplication.refresh(SpringApplication.java:756) ~[spring-boot-4.0.1.jar!/:4.0.1]
	at org.springframework.boot.SpringApplication.refreshContext(SpringApplication.java:445) ~[spring-boot-4.0.1.jar!/:4.0.1]
	at org.springframework.boot.SpringApplication.run(SpringApplication.java:321) ~[spring-boot-4.0.1.jar!/:4.0.1]
	at org.springframework.boot.SpringApplication.run(SpringApplication.java:1365) ~[spring-boot-4.0.1.jar!/:4.0.1]
	at org.springframework.boot.SpringApplication.run(SpringApplication.java:1354) ~[spring-boot-4.0.1.jar!/:4.0.1]
	at com.deepapp.vn.io.DeepappMainApplication.main(DeepappMainApplication.java:10) ~[!/:0.0.1-SNAPSHOT]
	at java.base/jdk.internal.reflect.NativeMethodAccessorImpl.invoke0(Native Method) ~[na:na]
	at java.base/jdk.internal.reflect.NativeMethodAccessorImpl.invoke(Unknown Source) ~[na:na]
	at java.base/jdk.internal.reflect.DelegatingMethodAccessorImpl.invoke(Unknown Source) ~[na:na]
	at java.base/java.lang.reflect.Method.invoke(Unknown Source) ~[na:na]
	at org.springframework.boot.loader.launch.Launcher.launch(Launcher.java:106) ~[app.jar:0.0.1-SNAPSHOT]
	at org.springframework.boot.loader.launch.Launcher.launch(Launcher.java:64) ~[app.jar:0.0.1-SNAPSHOT]
	at org.springframework.boot.loader.launch.JarLauncher.main(JarLauncher.java:40) ~[app.jar:0.0.1-SNAPSHOT]

2025-12-23T07:38:01.769Z ERROR 7 --- [deepapp_main] [main] c.d.v.i.i.cpp.CppWorkerManager           : Failed to initialize C++ worker manager

java.lang.RuntimeException: C++ worker start failed
	at com.deepapp.vn.io.infrastructure.cpp.CppWorkerManager.startCppWorker(CppWorkerManager.java:230) ~[!/:0.0.1-SNAPSHOT]
	at com.deepapp.vn.io.infrastructure.cpp.CppWorkerManager.initialize(CppWorkerManager.java:73) ~[!/:0.0.1-SNAPSHOT]
	at java.base/jdk.internal.reflect.NativeMethodAccessorImpl.invoke0(Native Method) ~[na:na]
	at java.base/jdk.internal.reflect.NativeMethodAccessorImpl.invoke(Unknown Source) ~[na:na]
	at java.base/jdk.internal.reflect.DelegatingMethodAccessorImpl.invoke(Unknown Source) ~[na:na]
	at java.base/java.lang.reflect.Method.invoke(Unknown Source) ~[na:na]
	at org.springframework.beans.factory.annotation.InitDestroyAnnotationBeanPostProcessor$LifecycleMethod.invoke(InitDestroyAnnotationBeanPostProcessor.java:453) ~[spring-beans-7.0.2.jar!/:7.0.2]
	at org.springframework.beans.factory.annotation.InitDestroyAnnotationBeanPostProcessor$LifecycleMetadata.invokeInitMethods(InitDestroyAnnotationBeanPostProcessor.java:397) ~[spring-beans-7.0.2.jar!/:7.0.2]
	at org.springframework.beans.factory.annotation.InitDestroyAnnotationBeanPostProcessor.postProcessBeforeInitialization(InitDestroyAnnotationBeanPostProcessor.java:217) ~[spring-beans-7.0.2.jar!/:7.0.2]
	at org.springframework.beans.factory.support.AbstractAutowireCapableBeanFactory.applyBeanPostProcessorsBeforeInitialization(AbstractAutowireCapableBeanFactory.java:426) ~[spring-beans-7.0.2.jar!/:7.0.2]
	at org.springframework.beans.factory.support.AbstractAutowireCapableBeanFactory.initializeBean(AbstractAutowireCapableBeanFactory.java:1809) ~[spring-beans-7.0.2.jar!/:7.0.2]
	at org.springframework.beans.factory.support.AbstractAutowireCapableBeanFactory.doCreateBean(AbstractAutowireCapableBeanFactory.java:603) ~[spring-beans-7.0.2.jar!/:7.0.2]
	at org.springframework.beans.factory.support.AbstractAutowireCapableBeanFactory.createBean(AbstractAutowireCapableBeanFactory.java:525) ~[spring-beans-7.0.2.jar!/:7.0.2]
	at org.springframework.beans.factory.support.AbstractBeanFactory.lambda$doGetBean$0(AbstractBeanFactory.java:333) ~[spring-beans-7.0.2.jar!/:7.0.2]
	at org.springframework.beans.factory.support.DefaultSingletonBeanRegistry.getSingleton(DefaultSingletonBeanRegistry.java:371) ~[spring-beans-7.0.2.jar!/:7.0.2]
	at org.springframework.beans.factory.support.AbstractBeanFactory.doGetBean(AbstractBeanFactory.java:331) ~[spring-beans-7.0.2.jar!/:7.0.2]
	at org.springframework.beans.factory.support.AbstractBeanFactory.getBean(AbstractBeanFactory.java:196) ~[spring-beans-7.0.2.jar!/:7.0.2]
	at org.springframework.beans.factory.support.DefaultListableBeanFactory.instantiateSingleton(DefaultListableBeanFactory.java:1218) ~[spring-beans-7.0.2.jar!/:7.0.2]
	at org.springframework.beans.factory.support.DefaultListableBeanFactory.preInstantiateSingleton(DefaultListableBeanFactory.java:1184) ~[spring-beans-7.0.2.jar!/:7.0.2]
	at org.springframework.beans.factory.support.DefaultListableBeanFactory.preInstantiateSingletons(DefaultListableBeanFactory.java:1121) ~[spring-beans-7.0.2.jar!/:7.0.2]
	at org.springframework.context.support.AbstractApplicationContext.finishBeanFactoryInitialization(AbstractApplicationContext.java:993) ~[spring-context-7.0.2.jar!/:7.0.2]
	at org.springframework.context.support.AbstractApplicationContext.refresh(AbstractApplicationContext.java:620) ~[spring-context-7.0.2.jar!/:7.0.2]
	at org.springframework.boot.web.server.servlet.context.ServletWebServerApplicationContext.refresh(ServletWebServerApplicationContext.java:143) ~[spring-boot-web-server-4.0.1.jar!/:4.0.1]
	at org.springframework.boot.SpringApplication.refresh(SpringApplication.java:756) ~[spring-boot-4.0.1.jar!/:4.0.1]
	at org.springframework.boot.SpringApplication.refreshContext(SpringApplication.java:445) ~[spring-boot-4.0.1.jar!/:4.0.1]
	at org.springframework.boot.SpringApplication.run(SpringApplication.java:321) ~[spring-boot-4.0.1.jar!/:4.0.1]
	at org.springframework.boot.SpringApplication.run(SpringApplication.java:1365) ~[spring-boot-4.0.1.jar!/:4.0.1]
	at org.springframework.boot.SpringApplication.run(SpringApplication.java:1354) ~[spring-boot-4.0.1.jar!/:4.0.1]
	at com.deepapp.vn.io.DeepappMainApplication.main(DeepappMainApplication.java:10) ~[!/:0.0.1-SNAPSHOT]
	at java.base/jdk.internal.reflect.NativeMethodAccessorImpl.invoke0(Native Method) ~[na:na]
	at java.base/jdk.internal.reflect.NativeMethodAccessorImpl.invoke(Unknown Source) ~[na:na]
	at java.base/jdk.internal.reflect.DelegatingMethodAccessorImpl.invoke(Unknown Source) ~[na:na]
	at java.base/java.lang.reflect.Method.invoke(Unknown Source) ~[na:na]
	at org.springframework.boot.loader.launch.Launcher.launch(Launcher.java:106) ~[app.jar:0.0.1-SNAPSHOT]
	at org.springframework.boot.loader.launch.Launcher.launch(Launcher.java:64) ~[app.jar:0.0.1-SNAPSHOT]
	at org.springframework.boot.loader.launch.JarLauncher.main(JarLauncher.java:40) ~[app.jar:0.0.1-SNAPSHOT]
Caused by: java.lang.RuntimeException: C++ worker process terminated immediately
	at com.deepapp.vn.io.infrastructure.cpp.CppWorkerManager.startCppWorker(CppWorkerManager.java:222) ~[!/:0.0.1-SNAPSHOT]
	... 35 common frames omitted

2025-12-23T07:38:01.770Z  WARN 7 --- [deepapp_main] [main] ConfigServletWebServerApplicationContext : Exception encountered during context initialization - cancelling refresh attempt: org.springframework.beans.factory.BeanCreationException: Error creating bean with name 'cppWorkerManager': Invocation of init method failed
2025-12-23T07:38:01.773Z  INFO 7 --- [deepapp_main] [main] o.apache.catalina.core.StandardService   : Stopping service [Tomcat]
2025-12-23T07:38:01.783Z  INFO 7 --- [deepapp_main] [main] .s.b.a.l.ConditionEvaluationReportLogger : 

Error starting ApplicationContext. To display the condition evaluation report re-run your application with 'debug' enabled.
2025-12-23T07:38:01.794Z ERROR 7 --- [deepapp_main] [main] o.s.boot.SpringApplication               : Application run failed

org.springframework.beans.factory.BeanCreationException: Error creating bean with name 'cppWorkerManager': Invocation of init method failed
	at org.springframework.beans.factory.annotation.InitDestroyAnnotationBeanPostProcessor.postProcessBeforeInitialization(InitDestroyAnnotationBeanPostProcessor.java:220) ~[spring-beans-7.0.2.jar!/:7.0.2]
	at org.springframework.beans.factory.support.AbstractAutowireCapableBeanFactory.applyBeanPostProcessorsBeforeInitialization(AbstractAutowireCapableBeanFactory.java:426) ~[spring-beans-7.0.2.jar!/:7.0.2]
	at org.springframework.beans.factory.support.AbstractAutowireCapableBeanFactory.initializeBean(AbstractAutowireCapableBeanFactory.java:1809) ~[spring-beans-7.0.2.jar!/:7.0.2]
	at org.springframework.beans.factory.support.AbstractAutowireCapableBeanFactory.doCreateBean(AbstractAutowireCapableBeanFactory.java:603) ~[spring-beans-7.0.2.jar!/:7.0.2]
	at org.springframework.beans.factory.support.AbstractAutowireCapableBeanFactory.createBean(AbstractAutowireCapableBeanFactory.java:525) ~[spring-beans-7.0.2.jar!/:7.0.2]
	at org.springframework.beans.factory.support.AbstractBeanFactory.lambda$doGetBean$0(AbstractBeanFactory.java:333) ~[spring-beans-7.0.2.jar!/:7.0.2]
	at org.springframework.beans.factory.support.DefaultSingletonBeanRegistry.getSingleton(DefaultSingletonBeanRegistry.java:371) ~[spring-beans-7.0.2.jar!/:7.0.2]
	at org.springframework.beans.factory.support.AbstractBeanFactory.doGetBean(AbstractBeanFactory.java:331) ~[spring-beans-7.0.2.jar!/:7.0.2]
	at org.springframework.beans.factory.support.AbstractBeanFactory.getBean(AbstractBeanFactory.java:196) ~[spring-beans-7.0.2.jar!/:7.0.2]
	at org.springframework.beans.factory.support.DefaultListableBeanFactory.instantiateSingleton(DefaultListableBeanFactory.java:1218) ~[spring-beans-7.0.2.jar!/:7.0.2]
	at org.springframework.beans.factory.support.DefaultListableBeanFactory.preInstantiateSingleton(DefaultListableBeanFactory.java:1184) ~[spring-beans-7.0.2.jar!/:7.0.2]
	at org.springframework.beans.factory.support.DefaultListableBeanFactory.preInstantiateSingletons(DefaultListableBeanFactory.java:1121) ~[spring-beans-7.0.2.jar!/:7.0.2]
	at org.springframework.context.support.AbstractApplicationContext.finishBeanFactoryInitialization(AbstractApplicationContext.java:993) ~[spring-context-7.0.2.jar!/:7.0.2]
	at org.springframework.context.support.AbstractApplicationContext.refresh(AbstractApplicationContext.java:620) ~[spring-context-7.0.2.jar!/:7.0.2]
	at org.springframework.boot.web.server.servlet.context.ServletWebServerApplicationContext.refresh(ServletWebServerApplicationContext.java:143) ~[spring-boot-web-server-4.0.1.jar!/:4.0.1]
	at org.springframework.boot.SpringApplication.refresh(SpringApplication.java:756) ~[spring-boot-4.0.1.jar!/:4.0.1]
	at org.springframework.boot.SpringApplication.refreshContext(SpringApplication.java:445) ~[spring-boot-4.0.1.jar!/:4.0.1]
	at org.springframework.boot.SpringApplication.run(SpringApplication.java:321) ~[spring-boot-4.0.1.jar!/:4.0.1]
	at org.springframework.boot.SpringApplication.run(SpringApplication.java:1365) ~[spring-boot-4.0.1.jar!/:4.0.1]
	at org.springframework.boot.SpringApplication.run(SpringApplication.java:1354) ~[spring-boot-4.0.1.jar!/:4.0.1]
	at com.deepapp.vn.io.DeepappMainApplication.main(DeepappMainApplication.java:10) ~[!/:0.0.1-SNAPSHOT]
	at java.base/jdk.internal.reflect.NativeMethodAccessorImpl.invoke0(Native Method) ~[na:na]
	at java.base/jdk.internal.reflect.NativeMethodAccessorImpl.invoke(Unknown Source) ~[na:na]
	at java.base/jdk.internal.reflect.DelegatingMethodAccessorImpl.invoke(Unknown Source) ~[na:na]
	at java.base/java.lang.reflect.Method.invoke(Unknown Source) ~[na:na]
	at org.springframework.boot.loader.launch.Launcher.launch(Launcher.java:106) ~[app.jar:0.0.1-SNAPSHOT]
	at org.springframework.boot.loader.launch.Launcher.launch(Launcher.java:64) ~[app.jar:0.0.1-SNAPSHOT]
	at org.springframework.boot.loader.launch.JarLauncher.main(JarLauncher.java:40) ~[app.jar:0.0.1-SNAPSHOT]
Caused by: java.lang.RuntimeException: C++ worker initialization failed
	at com.deepapp.vn.io.infrastructure.cpp.CppWorkerManager.initialize(CppWorkerManager.java:80) ~[!/:0.0.1-SNAPSHOT]
	at java.base/jdk.internal.reflect.NativeMethodAccessorImpl.invoke0(Native Method) ~[na:na]
	at java.base/jdk.internal.reflect.NativeMethodAccessorImpl.invoke(Unknown Source) ~[na:na]
	at java.base/jdk.internal.reflect.DelegatingMethodAccessorImpl.invoke(Unknown Source) ~[na:na]
	at java.base/java.lang.reflect.Method.invoke(Unknown Source) ~[na:na]
	at org.springframework.beans.factory.annotation.InitDestroyAnnotationBeanPostProcessor$LifecycleMethod.invoke(InitDestroyAnnotationBeanPostProcessor.java:453) ~[spring-beans-7.0.2.jar!/:7.0.2]
	at org.springframework.beans.factory.annotation.InitDestroyAnnotationBeanPostProcessor$LifecycleMetadata.invokeInitMethods(InitDestroyAnnotationBeanPostProcessor.java:397) ~[spring-beans-7.0.2.jar!/:7.0.2]
	at org.springframework.beans.factory.annotation.InitDestroyAnnotationBeanPostProcessor.postProcessBeforeInitialization(InitDestroyAnnotationBeanPostProcessor.java:217) ~[spring-beans-7.0.2.jar!/:7.0.2]
	... 27 common frames omitted
Caused by: java.lang.RuntimeException: C++ worker start failed
	at com.deepapp.vn.io.infrastructure.cpp.CppWorkerManager.startCppWorker(CppWorkerManager.java:230) ~[!/:0.0.1-SNAPSHOT]
	at com.deepapp.vn.io.infrastructure.cpp.CppWorkerManager.initialize(CppWorkerManager.java:73) ~[!/:0.0.1-SNAPSHOT]
	... 34 common frames omitted
Caused by: java.lang.RuntimeException: C++ worker process terminated immediately
	at com.deepapp.vn.io.infrastructure.cpp.CppWorkerManager.startCppWorker(CppWorkerManager.java:222) ~[!/:0.0.1-SNAPSHOT]
	... 35 common frames omitted

2025-12-23T07:38:06.060Z  INFO 7 --- [deepapp_main] [main] c.deepapp.vn.io.DeepappMainApplication   : Starting DeepappMainApplication v0.0.1-SNAPSHOT using Java 17.0.17 with PID 7 (/app/app.jar started by root in /app)
2025-12-23T07:38:06.063Z DEBUG 7 --- [deepapp_main] [main] c.deepapp.vn.io.DeepappMainApplication   : Running with Spring Boot v4.0.1, Spring v7.0.2
2025-12-23T07:38:06.064Z  INFO 7 --- [deepapp_main] [main] c.deepapp.vn.io.DeepappMainApplication   : The following 1 profile is active: "docker"
2025-12-23T07:38:07.084Z  INFO 7 --- [deepapp_main] [main] o.s.boot.tomcat.TomcatWebServer          : Tomcat initialized with port 8080 (http)
2025-12-23T07:38:07.095Z  INFO 7 --- [deepapp_main] [main] o.apache.catalina.core.StandardService   : Starting service [Tomcat]
2025-12-23T07:38:07.096Z  INFO 7 --- [deepapp_main] [main] o.apache.catalina.core.StandardEngine    : Starting Servlet engine: [Apache Tomcat/11.0.15]
2025-12-23T07:38:07.126Z  INFO 7 --- [deepapp_main] [main] b.w.c.s.WebApplicationContextInitializer : Root WebApplicationContext: initialization completed in 1014 ms
2025-12-23T07:38:07.287Z  INFO 7 --- [deepapp_main] [main] c.d.v.i.i.cpp.CppWorkerManager           : ========================================
2025-12-23T07:38:07.288Z  INFO 7 --- [deepapp_main] [main] c.d.v.i.i.cpp.CppWorkerManager           : C++ Worker Manager - Initialization
2025-12-23T07:38:07.288Z  INFO 7 --- [deepapp_main] [main] c.d.v.i.i.cpp.CppWorkerManager           : ========================================
2025-12-23T07:38:07.288Z  INFO 7 --- [deepapp_main] [main] c.d.v.i.i.cpp.CppWorkerManager           : Starting C++ worker process...
2025-12-23T07:38:07.288Z  INFO 7 --- [deepapp_main] [main] c.d.v.i.i.cpp.CppWorkerManager           :   gRPC Server: 72.60.111.138:50051:50051
2025-12-23T07:38:07.288Z  INFO 7 --- [deepapp_main] [main] c.d.v.i.i.cpp.CppWorkerManager           :   Client ID: cpp-worker
2025-12-23T07:38:07.294Z ERROR 7 --- [deepapp_main] [cpp-worker-error] c.d.v.i.i.cpp.CppWorkerManager           : [C++ Worker ERROR] /app/build/deepapp_worker_main: error while loading shared libraries: libgrpc++.so.1: cannot open shared object file: No such file or directory
2025-12-23T07:38:09.295Z ERROR 7 --- [deepapp_main] [main] c.d.v.i.i.cpp.CppWorkerManager           : Failed to start C++ worker

java.lang.RuntimeException: C++ worker process terminated immediately
	at com.deepapp.vn.io.infrastructure.cpp.CppWorkerManager.startCppWorker(CppWorkerManager.java:222) ~[!/:0.0.1-SNAPSHOT]
	at com.deepapp.vn.io.infrastructure.cpp.CppWorkerManager.initialize(CppWorkerManager.java:73) ~[!/:0.0.1-SNAPSHOT]
	at java.base/jdk.internal.reflect.NativeMethodAccessorImpl.invoke0(Native Method) ~[na:na]
	at java.base/jdk.internal.reflect.NativeMethodAccessorImpl.invoke(Unknown Source) ~[na:na]
	at java.base/jdk.internal.reflect.DelegatingMethodAccessorImpl.invoke(Unknown Source) ~[na:na]
	at java.base/java.lang.reflect.Method.invoke(Unknown Source) ~[na:na]
	at org.springframework.beans.factory.annotation.InitDestroyAnnotationBeanPostProcessor$LifecycleMethod.invoke(InitDestroyAnnotationBeanPostProcessor.java:453) ~[spring-beans-7.0.2.jar!/:7.0.2]
	at org.springframework.beans.factory.annotation.InitDestroyAnnotationBeanPostProcessor$LifecycleMetadata.invokeInitMethods(InitDestroyAnnotationBeanPostProcessor.java:397) ~[spring-beans-7.0.2.jar!/:7.0.2]
	at org.springframework.beans.factory.annotation.InitDestroyAnnotationBeanPostProcessor.postProcessBeforeInitialization(InitDestroyAnnotationBeanPostProcessor.java:217) ~[spring-beans-7.0.2.jar!/:7.0.2]
	at org.springframework.beans.factory.support.AbstractAutowireCapableBeanFactory.applyBeanPostProcessorsBeforeInitialization(AbstractAutowireCapableBeanFactory.java:426) ~[spring-beans-7.0.2.jar!/:7.0.2]
	at org.springframework.beans.factory.support.AbstractAutowireCapableBeanFactory.initializeBean(AbstractAutowireCapableBeanFactory.java:1809) ~[spring-beans-7.0.2.jar!/:7.0.2]
	at org.springframework.beans.factory.support.AbstractAutowireCapableBeanFactory.doCreateBean(AbstractAutowireCapableBeanFactory.java:603) ~[spring-beans-7.0.2.jar!/:7.0.2]
	at org.springframework.beans.factory.support.AbstractAutowireCapableBeanFactory.createBean(AbstractAutowireCapableBeanFactory.java:525) ~[spring-beans-7.0.2.jar!/:7.0.2]
	at org.springframework.beans.factory.support.AbstractBeanFactory.lambda$doGetBean$0(AbstractBeanFactory.java:333) ~[spring-beans-7.0.2.jar!/:7.0.2]
	at org.springframework.beans.factory.support.DefaultSingletonBeanRegistry.getSingleton(DefaultSingletonBeanRegistry.java:371) ~[spring-beans-7.0.2.jar!/:7.0.2]
	at org.springframework.beans.factory.support.AbstractBeanFactory.doGetBean(AbstractBeanFactory.java:331) ~[spring-beans-7.0.2.jar!/:7.0.2]
	at org.springframework.beans.factory.support.AbstractBeanFactory.getBean(AbstractBeanFactory.java:196) ~[spring-beans-7.0.2.jar!/:7.0.2]
	at org.springframework.beans.factory.support.DefaultListableBeanFactory.instantiateSingleton(DefaultListableBeanFactory.java:1218) ~[spring-beans-7.0.2.jar!/:7.0.2]
	at org.springframework.beans.factory.support.DefaultListableBeanFactory.preInstantiateSingleton(DefaultListableBeanFactory.java:1184) ~[spring-beans-7.0.2.jar!/:7.0.2]
	at org.springframework.beans.factory.support.DefaultListableBeanFactory.preInstantiateSingletons(DefaultListableBeanFactory.java:1121) ~[spring-beans-7.0.2.jar!/:7.0.2]
	at org.springframework.context.support.AbstractApplicationContext.finishBeanFactoryInitialization(AbstractApplicationContext.java:993) ~[spring-context-7.0.2.jar!/:7.0.2]
	at org.springframework.context.support.AbstractApplicationContext.refresh(AbstractApplicationContext.java:620) ~[spring-context-7.0.2.jar!/:7.0.2]
	at org.springframework.boot.web.server.servlet.context.ServletWebServerApplicationContext.refresh(ServletWebServerApplicationContext.java:143) ~[spring-boot-web-server-4.0.1.jar!/:4.0.1]
	at org.springframework.boot.SpringApplication.refresh(SpringApplication.java:756) ~[spring-boot-4.0.1.jar!/:4.0.1]
	at org.springframework.boot.SpringApplication.refreshContext(SpringApplication.java:445) ~[spring-boot-4.0.1.jar!/:4.0.1]
	at org.springframework.boot.SpringApplication.run(SpringApplication.java:321) ~[spring-boot-4.0.1.jar!/:4.0.1]
	at org.springframework.boot.SpringApplication.run(SpringApplication.java:1365) ~[spring-boot-4.0.1.jar!/:4.0.1]
	at org.springframework.boot.SpringApplication.run(SpringApplication.java:1354) ~[spring-boot-4.0.1.jar!/:4.0.1]
	at com.deepapp.vn.io.DeepappMainApplication.main(DeepappMainApplication.java:10) ~[!/:0.0.1-SNAPSHOT]
	at java.base/jdk.internal.reflect.NativeMethodAccessorImpl.invoke0(Native Method) ~[na:na]
	at java.base/jdk.internal.reflect.NativeMethodAccessorImpl.invoke(Unknown Source) ~[na:na]
	at java.base/jdk.internal.reflect.DelegatingMethodAccessorImpl.invoke(Unknown Source) ~[na:na]
	at java.base/java.lang.reflect.Method.invoke(Unknown Source) ~[na:na]
	at org.springframework.boot.loader.launch.Launcher.launch(Launcher.java:106) ~[app.jar:0.0.1-SNAPSHOT]
	at org.springframework.boot.loader.launch.Launcher.launch(Launcher.java:64) ~[app.jar:0.0.1-SNAPSHOT]
	at org.springframework.boot.loader.launch.JarLauncher.main(JarLauncher.java:40) ~[app.jar:0.0.1-SNAPSHOT]

2025-12-23T07:38:09.298Z ERROR 7 --- [deepapp_main] [main] c.d.v.i.i.cpp.CppWorkerManager           : Failed to initialize C++ worker manager

java.lang.RuntimeException: C++ worker start failed
	at com.deepapp.vn.io.infrastructure.cpp.CppWorkerManager.startCppWorker(CppWorkerManager.java:230) ~[!/:0.0.1-SNAPSHOT]
	at com.deepapp.vn.io.infrastructure.cpp.CppWorkerManager.initialize(CppWorkerManager.java:73) ~[!/:0.0.1-SNAPSHOT]
	at java.base/jdk.internal.reflect.NativeMethodAccessorImpl.invoke0(Native Method) ~[na:na]
	at java.base/jdk.internal.reflect.NativeMethodAccessorImpl.invoke(Unknown Source) ~[na:na]
	at java.base/jdk.internal.reflect.DelegatingMethodAccessorImpl.invoke(Unknown Source) ~[na:na]
	at java.base/java.lang.reflect.Method.invoke(Unknown Source) ~[na:na]
	at org.springframework.beans.factory.annotation.InitDestroyAnnotationBeanPostProcessor$LifecycleMethod.invoke(InitDestroyAnnotationBeanPostProcessor.java:453) ~[spring-beans-7.0.2.jar!/:7.0.2]
	at org.springframework.beans.factory.annotation.InitDestroyAnnotationBeanPostProcessor$LifecycleMetadata.invokeInitMethods(InitDestroyAnnotationBeanPostProcessor.java:397) ~[spring-beans-7.0.2.jar!/:7.0.2]
	at org.springframework.beans.factory.annotation.InitDestroyAnnotationBeanPostProcessor.postProcessBeforeInitialization(InitDestroyAnnotationBeanPostProcessor.java:217) ~[spring-beans-7.0.2.jar!/:7.0.2]
	at org.springframework.beans.factory.support.AbstractAutowireCapableBeanFactory.applyBeanPostProcessorsBeforeInitialization(AbstractAutowireCapableBeanFactory.java:426) ~[spring-beans-7.0.2.jar!/:7.0.2]
	at org.springframework.beans.factory.support.AbstractAutowireCapableBeanFactory.initializeBean(AbstractAutowireCapableBeanFactory.java:1809) ~[spring-beans-7.0.2.jar!/:7.0.2]
	at org.springframework.beans.factory.support.AbstractAutowireCapableBeanFactory.doCreateBean(AbstractAutowireCapableBeanFactory.java:603) ~[spring-beans-7.0.2.jar!/:7.0.2]
	at org.springframework.beans.factory.support.AbstractAutowireCapableBeanFactory.createBean(AbstractAutowireCapableBeanFactory.java:525) ~[spring-beans-7.0.2.jar!/:7.0.2]
	at org.springframework.beans.factory.support.AbstractBeanFactory.lambda$doGetBean$0(AbstractBeanFactory.java:333) ~[spring-beans-7.0.2.jar!/:7.0.2]
	at org.springframework.beans.factory.support.DefaultSingletonBeanRegistry.getSingleton(DefaultSingletonBeanRegistry.java:371) ~[spring-beans-7.0.2.jar!/:7.0.2]
	at org.springframework.beans.factory.support.AbstractBeanFactory.doGetBean(AbstractBeanFactory.java:331) ~[spring-beans-7.0.2.jar!/:7.0.2]
	at org.springframework.beans.factory.support.AbstractBeanFactory.getBean(AbstractBeanFactory.java:196) ~[spring-beans-7.0.2.jar!/:7.0.2]
	at org.springframework.beans.factory.support.DefaultListableBeanFactory.instantiateSingleton(DefaultListableBeanFactory.java:1218) ~[spring-beans-7.0.2.jar!/:7.0.2]
	at org.springframework.beans.factory.support.DefaultListableBeanFactory.preInstantiateSingleton(DefaultListableBeanFactory.java:1184) ~[spring-beans-7.0.2.jar!/:7.0.2]
	at org.springframework.beans.factory.support.DefaultListableBeanFactory.preInstantiateSingletons(DefaultListableBeanFactory.java:1121) ~[spring-beans-7.0.2.jar!/:7.0.2]
	at org.springframework.context.support.AbstractApplicationContext.finishBeanFactoryInitialization(AbstractApplicationContext.java:993) ~[spring-context-7.0.2.jar!/:7.0.2]
	at org.springframework.context.support.AbstractApplicationContext.refresh(AbstractApplicationContext.java:620) ~[spring-context-7.0.2.jar!/:7.0.2]
	at org.springframework.boot.web.server.servlet.context.ServletWebServerApplicationContext.refresh(ServletWebServerApplicationContext.java:143) ~[spring-boot-web-server-4.0.1.jar!/:4.0.1]
	at org.springframework.boot.SpringApplication.refresh(SpringApplication.java:756) ~[spring-boot-4.0.1.jar!/:4.0.1]
	at org.springframework.boot.SpringApplication.refreshContext(SpringApplication.java:445) ~[spring-boot-4.0.1.jar!/:4.0.1]
	at org.springframework.boot.SpringApplication.run(SpringApplication.java:321) ~[spring-boot-4.0.1.jar!/:4.0.1]
	at org.springframework.boot.SpringApplication.run(SpringApplication.java:1365) ~[spring-boot-4.0.1.jar!/:4.0.1]
	at org.springframework.boot.SpringApplication.run(SpringApplication.java:1354) ~[spring-boot-4.0.1.jar!/:4.0.1]
	at com.deepapp.vn.io.DeepappMainApplication.main(DeepappMainApplication.java:10) ~[!/:0.0.1-SNAPSHOT]
	at java.base/jdk.internal.reflect.NativeMethodAccessorImpl.invoke0(Native Method) ~[na:na]
	at java.base/jdk.internal.reflect.NativeMethodAccessorImpl.invoke(Unknown Source) ~[na:na]
	at java.base/jdk.internal.reflect.DelegatingMethodAccessorImpl.invoke(Unknown Source) ~[na:na]
	at java.base/java.lang.reflect.Method.invoke(Unknown Source) ~[na:na]
	at org.springframework.boot.loader.launch.Launcher.launch(Launcher.java:106) ~[app.jar:0.0.1-SNAPSHOT]
	at org.springframework.boot.loader.launch.Launcher.launch(Launcher.java:64) ~[app.jar:0.0.1-SNAPSHOT]
	at org.springframework.boot.loader.launch.JarLauncher.main(JarLauncher.java:40) ~[app.jar:0.0.1-SNAPSHOT]
Caused by: java.lang.RuntimeException: C++ worker process terminated immediately
	at com.deepapp.vn.io.infrastructure.cpp.CppWorkerManager.startCppWorker(CppWorkerManager.java:222) ~[!/:0.0.1-SNAPSHOT]
	... 35 common frames omitted

2025-12-23T07:38:09.299Z  WARN 7 --- [deepapp_main] [main] ConfigServletWebServerApplicationContext : Exception encountered during context initialization - cancelling refresh attempt: org.springframework.beans.factory.BeanCreationException: Error creating bean with name 'cppWorkerManager': Invocation of init method failed
2025-12-23T07:38:09.301Z  INFO 7 --- [deepapp_main] [main] o.apache.catalina.core.StandardService   : Stopping service [Tomcat]
2025-12-23T07:38:09.310Z  INFO 7 --- [deepapp_main] [main] .s.b.a.l.ConditionEvaluationReportLogger : 

Error starting ApplicationContext. To display the condition evaluation report re-run your application with 'debug' enabled.
2025-12-23T07:38:09.321Z ERROR 7 --- [deepapp_main] [main] o.s.boot.SpringApplication               : Application run failed

org.springframework.beans.factory.BeanCreationException: Error creating bean with name 'cppWorkerManager': Invocation of init method failed
	at org.springframework.beans.factory.annotation.InitDestroyAnnotationBeanPostProcessor.postProcessBeforeInitialization(InitDestroyAnnotationBeanPostProcessor.java:220) ~[spring-beans-7.0.2.jar!/:7.0.2]
	at org.springframework.beans.factory.support.AbstractAutowireCapableBeanFactory.applyBeanPostProcessorsBeforeInitialization(AbstractAutowireCapableBeanFactory.java:426) ~[spring-beans-7.0.2.jar!/:7.0.2]
	at org.springframework.beans.factory.support.AbstractAutowireCapableBeanFactory.initializeBean(AbstractAutowireCapableBeanFactory.java:1809) ~[spring-beans-7.0.2.jar!/:7.0.2]
	at org.springframework.beans.factory.support.AbstractAutowireCapableBeanFactory.doCreateBean(AbstractAutowireCapableBeanFactory.java:603) ~[spring-beans-7.0.2.jar!/:7.0.2]
	at org.springframework.beans.factory.support.AbstractAutowireCapableBeanFactory.createBean(AbstractAutowireCapableBeanFactory.java:525) ~[spring-beans-7.0.2.jar!/:7.0.2]
	at org.springframework.beans.factory.support.AbstractBeanFactory.lambda$doGetBean$0(AbstractBeanFactory.java:333) ~[spring-beans-7.0.2.jar!/:7.0.2]
	at org.springframework.beans.factory.support.DefaultSingletonBeanRegistry.getSingleton(DefaultSingletonBeanRegistry.java:371) ~[spring-beans-7.0.2.jar!/:7.0.2]
	at org.springframework.beans.factory.support.AbstractBeanFactory.doGetBean(AbstractBeanFactory.java:331) ~[spring-beans-7.0.2.jar!/:7.0.2]
	at org.springframework.beans.factory.support.AbstractBeanFactory.getBean(AbstractBeanFactory.java:196) ~[spring-beans-7.0.2.jar!/:7.0.2]
	at org.springframework.beans.factory.support.DefaultListableBeanFactory.instantiateSingleton(DefaultListableBeanFactory.java:1218) ~[spring-beans-7.0.2.jar!/:7.0.2]
	at org.springframework.beans.factory.support.DefaultListableBeanFactory.preInstantiateSingleton(DefaultListableBeanFactory.java:1184) ~[spring-beans-7.0.2.jar!/:7.0.2]
	at org.springframework.beans.factory.support.DefaultListableBeanFactory.preInstantiateSingletons(DefaultListableBeanFactory.java:1121) ~[spring-beans-7.0.2.jar!/:7.0.2]
	at org.springframework.context.support.AbstractApplicationContext.finishBeanFactoryInitialization(AbstractApplicationContext.java:993) ~[spring-context-7.0.2.jar!/:7.0.2]
	at org.springframework.context.support.AbstractApplicationContext.refresh(AbstractApplicationContext.java:620) ~[spring-context-7.0.2.jar!/:7.0.2]
	at org.springframework.boot.web.server.servlet.context.ServletWebServerApplicationContext.refresh(ServletWebServerApplicationContext.java:143) ~[spring-boot-web-server-4.0.1.jar!/:4.0.1]
	at org.springframework.boot.SpringApplication.refresh(SpringApplication.java:756) ~[spring-boot-4.0.1.jar!/:4.0.1]
	at org.springframework.boot.SpringApplication.refreshContext(SpringApplication.java:445) ~[spring-boot-4.0.1.jar!/:4.0.1]
	at org.springframework.boot.SpringApplication.run(SpringApplication.java:321) ~[spring-boot-4.0.1.jar!/:4.0.1]
	at org.springframework.boot.SpringApplication.run(SpringApplication.java:1365) ~[spring-boot-4.0.1.jar!/:4.0.1]
	at org.springframework.boot.SpringApplication.run(SpringApplication.java:1354) ~[spring-boot-4.0.1.jar!/:4.0.1]
	at com.deepapp.vn.io.DeepappMainApplication.main(DeepappMainApplication.java:10) ~[!/:0.0.1-SNAPSHOT]
	at java.base/jdk.internal.reflect.NativeMethodAccessorImpl.invoke0(Native Method) ~[na:na]
	at java.base/jdk.internal.reflect.NativeMethodAccessorImpl.invoke(Unknown Source) ~[na:na]
	at java.base/jdk.internal.reflect.DelegatingMethodAccessorImpl.invoke(Unknown Source) ~[na:na]
	at java.base/java.lang.reflect.Method.invoke(Unknown Source) ~[na:na]
	at org.springframework.boot.loader.launch.Launcher.launch(Launcher.java:106) ~[app.jar:0.0.1-SNAPSHOT]
	at org.springframework.boot.loader.launch.Launcher.launch(Launcher.java:64) ~[app.jar:0.0.1-SNAPSHOT]
	at org.springframework.boot.loader.launch.JarLauncher.main(JarLauncher.java:40) ~[app.jar:0.0.1-SNAPSHOT]
Caused by: java.lang.RuntimeException: C++ worker initialization failed
	at com.deepapp.vn.io.infrastructure.cpp.CppWorkerManager.initialize(CppWorkerManager.java:80) ~[!/:0.0.1-SNAPSHOT]
	at java.base/jdk.internal.reflect.NativeMethodAccessorImpl.invoke0(Native Method) ~[na:na]
	at java.base/jdk.internal.reflect.NativeMethodAccessorImpl.invoke(Unknown Source) ~[na:na]
	at java.base/jdk.internal.reflect.DelegatingMethodAccessorImpl.invoke(Unknown Source) ~[na:na]
	at java.base/java.lang.reflect.Method.invoke(Unknown Source) ~[na:na]
	at org.springframework.beans.factory.annotation.InitDestroyAnnotationBeanPostProcessor$LifecycleMethod.invoke(InitDestroyAnnotationBeanPostProcessor.java:453) ~[spring-beans-7.0.2.jar!/:7.0.2]
	at org.springframework.beans.factory.annotation.InitDestroyAnnotationBeanPostProcessor$LifecycleMetadata.invokeInitMethods(InitDestroyAnnotationBeanPostProcessor.java:397) ~[spring-beans-7.0.2.jar!/:7.0.2]
	at org.springframework.beans.factory.annotation.InitDestroyAnnotationBeanPostProcessor.postProcessBeforeInitialization(InitDestroyAnnotationBeanPostProcessor.java:217) ~[spring-beans-7.0.2.jar!/:7.0.2]
	... 27 common frames omitted
Caused by: java.lang.RuntimeException: C++ worker start failed
	at com.deepapp.vn.io.infrastructure.cpp.CppWorkerManager.startCppWorker(CppWorkerManager.java:230) ~[!/:0.0.1-SNAPSHOT]
	at com.deepapp.vn.io.infrastructure.cpp.CppWorkerManager.initialize(CppWorkerManager.java:73) ~[!/:0.0.1-SNAPSHOT]
	... 34 common frames omitted
Caused by: java.lang.RuntimeException: C++ worker process terminated immediately
	at com.deepapp.vn.io.infrastructure.cpp.CppWorkerManager.startCppWorker(CppWorkerManager.java:222) ~[!/:0.0.1-SNAPSHOT]
	... 35 common frames omitted

2025-12-23T07:38:16.821Z  INFO 7 --- [deepapp_main] [main] c.deepapp.vn.io.DeepappMainApplication   : Starting DeepappMainApplication v0.0.1-SNAPSHOT using Java 17.0.17 with PID 7 (/app/app.jar started by root in /app)
2025-12-23T07:38:16.823Z DEBUG 7 --- [deepapp_main] [main] c.deepapp.vn.io.DeepappMainApplication   : Running with Spring Boot v4.0.1, Spring v7.0.2
2025-12-23T07:38:16.824Z  INFO 7 --- [deepapp_main] [main] c.deepapp.vn.io.DeepappMainApplication   : The following 1 profile is active: "docker"
2025-12-23T07:38:17.688Z  INFO 7 --- [deepapp_main] [main] o.s.boot.tomcat.TomcatWebServer          : Tomcat initialized with port 8080 (http)
2025-12-23T07:38:17.701Z  INFO 7 --- [deepapp_main] [main] o.apache.catalina.core.StandardService   : Starting service [Tomcat]
2025-12-23T07:38:17.702Z  INFO 7 --- [deepapp_main] [main] o.apache.catalina.core.StandardEngine    : Starting Servlet engine: [Apache Tomcat/11.0.15]
2025-12-23T07:38:17.735Z  INFO 7 --- [deepapp_main] [main] b.w.c.s.WebApplicationContextInitializer : Root WebApplicationContext: initialization completed in 867 ms
2025-12-23T07:38:17.922Z  INFO 7 --- [deepapp_main] [main] c.d.v.i.i.cpp.CppWorkerManager           : ========================================
2025-12-23T07:38:17.923Z  INFO 7 --- [deepapp_main] [main] c.d.v.i.i.cpp.CppWorkerManager           : C++ Worker Manager - Initialization
2025-12-23T07:38:17.923Z  INFO 7 --- [deepapp_main] [main] c.d.v.i.i.cpp.CppWorkerManager           : ========================================
2025-12-23T07:38:17.923Z  INFO 7 --- [deepapp_main] [main] c.d.v.i.i.cpp.CppWorkerManager           : Starting C++ worker process...
2025-12-23T07:38:17.923Z  INFO 7 --- [deepapp_main] [main] c.d.v.i.i.cpp.CppWorkerManager           :   gRPC Server: 72.60.111.138:50051:50051
2025-12-23T07:38:17.923Z  INFO 7 --- [deepapp_main] [main] c.d.v.i.i.cpp.CppWorkerManager           :   Client ID: cpp-worker
2025-12-23T07:38:17.928Z ERROR 7 --- [deepapp_main] [cpp-worker-error] c.d.v.i.i.cpp.CppWorkerManager           : [C++ Worker ERROR] /app/build/deepapp_worker_main: error while loading shared libraries: libgrpc++.so.1: cannot open shared object file: No such file or directory
2025-12-23T07:38:19.928Z ERROR 7 --- [deepapp_main] [main] c.d.v.i.i.cpp.CppWorkerManager           : Failed to start C++ worker

java.lang.RuntimeException: C++ worker process terminated immediately
	at com.deepapp.vn.io.infrastructure.cpp.CppWorkerManager.startCppWorker(CppWorkerManager.java:222) ~[!/:0.0.1-SNAPSHOT]
	at com.deepapp.vn.io.infrastructure.cpp.CppWorkerManager.initialize(CppWorkerManager.java:73) ~[!/:0.0.1-SNAPSHOT]
	at java.base/jdk.internal.reflect.NativeMethodAccessorImpl.invoke0(Native Method) ~[na:na]
	at java.base/jdk.internal.reflect.NativeMethodAccessorImpl.invoke(Unknown Source) ~[na:na]
	at java.base/jdk.internal.reflect.DelegatingMethodAccessorImpl.invoke(Unknown Source) ~[na:na]
	at java.base/java.lang.reflect.Method.invoke(Unknown Source) ~[na:na]
	at org.springframework.beans.factory.annotation.InitDestroyAnnotationBeanPostProcessor$LifecycleMethod.invoke(InitDestroyAnnotationBeanPostProcessor.java:453) ~[spring-beans-7.0.2.jar!/:7.0.2]
	at org.springframework.beans.factory.annotation.InitDestroyAnnotationBeanPostProcessor$LifecycleMetadata.invokeInitMethods(InitDestroyAnnotationBeanPostProcessor.java:397) ~[spring-beans-7.0.2.jar!/:7.0.2]
	at org.springframework.beans.factory.annotation.InitDestroyAnnotationBeanPostProcessor.postProcessBeforeInitialization(InitDestroyAnnotationBeanPostProcessor.java:217) ~[spring-beans-7.0.2.jar!/:7.0.2]
	at org.springframework.beans.factory.support.AbstractAutowireCapableBeanFactory.applyBeanPostProcessorsBeforeInitialization(AbstractAutowireCapableBeanFactory.java:426) ~[spring-beans-7.0.2.jar!/:7.0.2]
	at org.springframework.beans.factory.support.AbstractAutowireCapableBeanFactory.initializeBean(AbstractAutowireCapableBeanFactory.java:1809) ~[spring-beans-7.0.2.jar!/:7.0.2]
	at org.springframework.beans.factory.support.AbstractAutowireCapableBeanFactory.doCreateBean(AbstractAutowireCapableBeanFactory.java:603) ~[spring-beans-7.0.2.jar!/:7.0.2]
	at org.springframework.beans.factory.support.AbstractAutowireCapableBeanFactory.createBean(AbstractAutowireCapableBeanFactory.java:525) ~[spring-beans-7.0.2.jar!/:7.0.2]
	at org.springframework.beans.factory.support.AbstractBeanFactory.lambda$doGetBean$0(AbstractBeanFactory.java:333) ~[spring-beans-7.0.2.jar!/:7.0.2]
	at org.springframework.beans.factory.support.DefaultSingletonBeanRegistry.getSingleton(DefaultSingletonBeanRegistry.java:371) ~[spring-beans-7.0.2.jar!/:7.0.2]
	at org.springframework.beans.factory.support.AbstractBeanFactory.doGetBean(AbstractBeanFactory.java:331) ~[spring-beans-7.0.2.jar!/:7.0.2]
	at org.springframework.beans.factory.support.AbstractBeanFactory.getBean(AbstractBeanFactory.java:196) ~[spring-beans-7.0.2.jar!/:7.0.2]
	at org.springframework.beans.factory.support.DefaultListableBeanFactory.instantiateSingleton(DefaultListableBeanFactory.java:1218) ~[spring-beans-7.0.2.jar!/:7.0.2]
	at org.springframework.beans.factory.support.DefaultListableBeanFactory.preInstantiateSingleton(DefaultListableBeanFactory.java:1184) ~[spring-beans-7.0.2.jar!/:7.0.2]
	at org.springframework.beans.factory.support.DefaultListableBeanFactory.preInstantiateSingletons(DefaultListableBeanFactory.java:1121) ~[spring-beans-7.0.2.jar!/:7.0.2]
	at org.springframework.context.support.AbstractApplicationContext.finishBeanFactoryInitialization(AbstractApplicationContext.java:993) ~[spring-context-7.0.2.jar!/:7.0.2]
	at org.springframework.context.support.AbstractApplicationContext.refresh(AbstractApplicationContext.java:620) ~[spring-context-7.0.2.jar!/:7.0.2]
	at org.springframework.boot.web.server.servlet.context.ServletWebServerApplicationContext.refresh(ServletWebServerApplicationContext.java:143) ~[spring-boot-web-server-4.0.1.jar!/:4.0.1]
	at org.springframework.boot.SpringApplication.refresh(SpringApplication.java:756) ~[spring-boot-4.0.1.jar!/:4.0.1]
	at org.springframework.boot.SpringApplication.refreshContext(SpringApplication.java:445) ~[spring-boot-4.0.1.jar!/:4.0.1]
	at org.springframework.boot.SpringApplication.run(SpringApplication.java:321) ~[spring-boot-4.0.1.jar!/:4.0.1]
	at org.springframework.boot.SpringApplication.run(SpringApplication.java:1365) ~[spring-boot-4.0.1.jar!/:4.0.1]
	at org.springframework.boot.SpringApplication.run(SpringApplication.java:1354) ~[spring-boot-4.0.1.jar!/:4.0.1]
	at com.deepapp.vn.io.DeepappMainApplication.main(DeepappMainApplication.java:10) ~[!/:0.0.1-SNAPSHOT]
	at java.base/jdk.internal.reflect.NativeMethodAccessorImpl.invoke0(Native Method) ~[na:na]
	at java.base/jdk.internal.reflect.NativeMethodAccessorImpl.invoke(Unknown Source) ~[na:na]
	at java.base/jdk.internal.reflect.DelegatingMethodAccessorImpl.invoke(Unknown Source) ~[na:na]
	at java.base/java.lang.reflect.Method.invoke(Unknown Source) ~[na:na]
	at org.springframework.boot.loader.launch.Launcher.launch(Launcher.java:106) ~[app.jar:0.0.1-SNAPSHOT]
	at org.springframework.boot.loader.launch.Launcher.launch(Launcher.java:64) ~[app.jar:0.0.1-SNAPSHOT]
	at org.springframework.boot.loader.launch.JarLauncher.main(JarLauncher.java:40) ~[app.jar:0.0.1-SNAPSHOT]

2025-12-23T07:38:19.934Z ERROR 7 --- [deepapp_main] [main] c.d.v.i.i.cpp.CppWorkerManager           : Failed to initialize C++ worker manager

java.lang.RuntimeException: C++ worker start failed
	at com.deepapp.vn.io.infrastructure.cpp.CppWorkerManager.startCppWorker(CppWorkerManager.java:230) ~[!/:0.0.1-SNAPSHOT]
	at com.deepapp.vn.io.infrastructure.cpp.CppWorkerManager.initialize(CppWorkerManager.java:73) ~[!/:0.0.1-SNAPSHOT]
	at java.base/jdk.internal.reflect.NativeMethodAccessorImpl.invoke0(Native Method) ~[na:na]
	at java.base/jdk.internal.reflect.NativeMethodAccessorImpl.invoke(Unknown Source) ~[na:na]
	at java.base/jdk.internal.reflect.DelegatingMethodAccessorImpl.invoke(Unknown Source) ~[na:na]
	at java.base/java.lang.reflect.Method.invoke(Unknown Source) ~[na:na]
	at org.springframework.beans.factory.annotation.InitDestroyAnnotationBeanPostProcessor$LifecycleMethod.invoke(InitDestroyAnnotationBeanPostProcessor.java:453) ~[spring-beans-7.0.2.jar!/:7.0.2]
	at org.springframework.beans.factory.annotation.InitDestroyAnnotationBeanPostProcessor$LifecycleMetadata.invokeInitMethods(InitDestroyAnnotationBeanPostProcessor.java:397) ~[spring-beans-7.0.2.jar!/:7.0.2]
	at org.springframework.beans.factory.annotation.InitDestroyAnnotationBeanPostProcessor.postProcessBeforeInitialization(InitDestroyAnnotationBeanPostProcessor.java:217) ~[spring-beans-7.0.2.jar!/:7.0.2]
	at org.springframework.beans.factory.support.AbstractAutowireCapableBeanFactory.applyBeanPostProcessorsBeforeInitialization(AbstractAutowireCapableBeanFactory.java:426) ~[spring-beans-7.0.2.jar!/:7.0.2]
	at org.springframework.beans.factory.support.AbstractAutowireCapableBeanFactory.initializeBean(AbstractAutowireCapableBeanFactory.java:1809) ~[spring-beans-7.0.2.jar!/:7.0.2]
	at org.springframework.beans.factory.support.AbstractAutowireCapableBeanFactory.doCreateBean(AbstractAutowireCapableBeanFactory.java:603) ~[spring-beans-7.0.2.jar!/:7.0.2]
	at org.springframework.beans.factory.support.AbstractAutowireCapableBeanFactory.createBean(AbstractAutowireCapableBeanFactory.java:525) ~[spring-beans-7.0.2.jar!/:7.0.2]
	at org.springframework.beans.factory.support.AbstractBeanFactory.lambda$doGetBean$0(AbstractBeanFactory.java:333) ~[spring-beans-7.0.2.jar!/:7.0.2]
	at org.springframework.beans.factory.support.DefaultSingletonBeanRegistry.getSingleton(DefaultSingletonBeanRegistry.java:371) ~[spring-beans-7.0.2.jar!/:7.0.2]
	at org.springframework.beans.factory.support.AbstractBeanFactory.doGetBean(AbstractBeanFactory.java:331) ~[spring-beans-7.0.2.jar!/:7.0.2]
	at org.springframework.beans.factory.support.AbstractBeanFactory.getBean(AbstractBeanFactory.java:196) ~[spring-beans-7.0.2.jar!/:7.0.2]
	at org.springframework.beans.factory.support.DefaultListableBeanFactory.instantiateSingleton(DefaultListableBeanFactory.java:1218) ~[spring-beans-7.0.2.jar!/:7.0.2]
	at org.springframework.beans.factory.support.DefaultListableBeanFactory.preInstantiateSingleton(DefaultListableBeanFactory.java:1184) ~[spring-beans-7.0.2.jar!/:7.0.2]
	at org.springframework.beans.factory.support.DefaultListableBeanFactory.preInstantiateSingletons(DefaultListableBeanFactory.java:1121) ~[spring-beans-7.0.2.jar!/:7.0.2]
	at org.springframework.context.support.AbstractApplicationContext.finishBeanFactoryInitialization(AbstractApplicationContext.java:993) ~[spring-context-7.0.2.jar!/:7.0.2]
	at org.springframework.context.support.AbstractApplicationContext.refresh(AbstractApplicationContext.java:620) ~[spring-context-7.0.2.jar!/:7.0.2]
	at org.springframework.boot.web.server.servlet.context.ServletWebServerApplicationContext.refresh(ServletWebServerApplicationContext.java:143) ~[spring-boot-web-server-4.0.1.jar!/:4.0.1]
	at org.springframework.boot.SpringApplication.refresh(SpringApplication.java:756) ~[spring-boot-4.0.1.jar!/:4.0.1]
	at org.springframework.boot.SpringApplication.refreshContext(SpringApplication.java:445) ~[spring-boot-4.0.1.jar!/:4.0.1]
	at org.springframework.boot.SpringApplication.run(SpringApplication.java:321) ~[spring-boot-4.0.1.jar!/:4.0.1]
	at org.springframework.boot.SpringApplication.run(SpringApplication.java:1365) ~[spring-boot-4.0.1.jar!/:4.0.1]
	at org.springframework.boot.SpringApplication.run(SpringApplication.java:1354) ~[spring-boot-4.0.1.jar!/:4.0.1]
	at com.deepapp.vn.io.DeepappMainApplication.main(DeepappMainApplication.java:10) ~[!/:0.0.1-SNAPSHOT]
	at java.base/jdk.internal.reflect.NativeMethodAccessorImpl.invoke0(Native Method) ~[na:na]
	at java.base/jdk.internal.reflect.NativeMethodAccessorImpl.invoke(Unknown Source) ~[na:na]
	at java.base/jdk.internal.reflect.DelegatingMethodAccessorImpl.invoke(Unknown Source) ~[na:na]
	at java.base/java.lang.reflect.Method.invoke(Unknown Source) ~[na:na]
	at org.springframework.boot.loader.launch.Launcher.launch(Launcher.java:106) ~[app.jar:0.0.1-SNAPSHOT]
	at org.springframework.boot.loader.launch.Launcher.launch(Launcher.java:64) ~[app.jar:0.0.1-SNAPSHOT]
	at org.springframework.boot.loader.launch.JarLauncher.main(JarLauncher.java:40) ~[app.jar:0.0.1-SNAPSHOT]
Caused by: java.lang.RuntimeException: C++ worker process terminated immediately
	at com.deepapp.vn.io.infrastructure.cpp.CppWorkerManager.startCppWorker(CppWorkerManager.java:222) ~[!/:0.0.1-SNAPSHOT]
	... 35 common frames omitted

2025-12-23T07:38:19.939Z  WARN 7 --- [deepapp_main] [main] ConfigServletWebServerApplicationContext : Exception encountered during context initialization - cancelling refresh attempt: org.springframework.beans.factory.BeanCreationException: Error creating bean with name 'cppWorkerManager': Invocation of init method failed
2025-12-23T07:38:19.944Z  INFO 7 --- [deepapp_main] [main] o.apache.catalina.core.StandardService   : Stopping service [Tomcat]
2025-12-23T07:38:19.952Z  INFO 7 --- [deepapp_main] [main] .s.b.a.l.ConditionEvaluationReportLogger : 

Error starting ApplicationContext. To display the condition evaluation report re-run your application with 'debug' enabled.
2025-12-23T07:38:19.963Z ERROR 7 --- [deepapp_main] [main] o.s.boot.SpringApplication               : Application run failed

org.springframework.beans.factory.BeanCreationException: Error creating bean with name 'cppWorkerManager': Invocation of init method failed
	at org.springframework.beans.factory.annotation.InitDestroyAnnotationBeanPostProcessor.postProcessBeforeInitialization(InitDestroyAnnotationBeanPostProcessor.java:220) ~[spring-beans-7.0.2.jar!/:7.0.2]
	at org.springframework.beans.factory.support.AbstractAutowireCapableBeanFactory.applyBeanPostProcessorsBeforeInitialization(AbstractAutowireCapableBeanFactory.java:426) ~[spring-beans-7.0.2.jar!/:7.0.2]
	at org.springframework.beans.factory.support.AbstractAutowireCapableBeanFactory.initializeBean(AbstractAutowireCapableBeanFactory.java:1809) ~[spring-beans-7.0.2.jar!/:7.0.2]
	at org.springframework.beans.factory.support.AbstractAutowireCapableBeanFactory.doCreateBean(AbstractAutowireCapableBeanFactory.java:603) ~[spring-beans-7.0.2.jar!/:7.0.2]
	at org.springframework.beans.factory.support.AbstractAutowireCapableBeanFactory.createBean(AbstractAutowireCapableBeanFactory.java:525) ~[spring-beans-7.0.2.jar!/:7.0.2]
	at org.springframework.beans.factory.support.AbstractBeanFactory.lambda$doGetBean$0(AbstractBeanFactory.java:333) ~[spring-beans-7.0.2.jar!/:7.0.2]
	at org.springframework.beans.factory.support.DefaultSingletonBeanRegistry.getSingleton(DefaultSingletonBeanRegistry.java:371) ~[spring-beans-7.0.2.jar!/:7.0.2]
	at org.springframework.beans.factory.support.AbstractBeanFactory.doGetBean(AbstractBeanFactory.java:331) ~[spring-beans-7.0.2.jar!/:7.0.2]
	at org.springframework.beans.factory.support.AbstractBeanFactory.getBean(AbstractBeanFactory.java:196) ~[spring-beans-7.0.2.jar!/:7.0.2]
	at org.springframework.beans.factory.support.DefaultListableBeanFactory.instantiateSingleton(DefaultListableBeanFactory.java:1218) ~[spring-beans-7.0.2.jar!/:7.0.2]
	at org.springframework.beans.factory.support.DefaultListableBeanFactory.preInstantiateSingleton(DefaultListableBeanFactory.java:1184) ~[spring-beans-7.0.2.jar!/:7.0.2]
	at org.springframework.beans.factory.support.DefaultListableBeanFactory.preInstantiateSingletons(DefaultListableBeanFactory.java:1121) ~[spring-beans-7.0.2.jar!/:7.0.2]
	at org.springframework.context.support.AbstractApplicationContext.finishBeanFactoryInitialization(AbstractApplicationContext.java:993) ~[spring-context-7.0.2.jar!/:7.0.2]
	at org.springframework.context.support.AbstractApplicationContext.refresh(AbstractApplicationContext.java:620) ~[spring-context-7.0.2.jar!/:7.0.2]
	at org.springframework.boot.web.server.servlet.context.ServletWebServerApplicationContext.refresh(ServletWebServerApplicationContext.java:143) ~[spring-boot-web-server-4.0.1.jar!/:4.0.1]
	at org.springframework.boot.SpringApplication.refresh(SpringApplication.java:756) ~[spring-boot-4.0.1.jar!/:4.0.1]
	at org.springframework.boot.SpringApplication.refreshContext(SpringApplication.java:445) ~[spring-boot-4.0.1.jar!/:4.0.1]
	at org.springframework.boot.SpringApplication.run(SpringApplication.java:321) ~[spring-boot-4.0.1.jar!/:4.0.1]
	at org.springframework.boot.SpringApplication.run(SpringApplication.java:1365) ~[spring-boot-4.0.1.jar!/:4.0.1]
	at org.springframework.boot.SpringApplication.run(SpringApplication.java:1354) ~[spring-boot-4.0.1.jar!/:4.0.1]
	at com.deepapp.vn.io.DeepappMainApplication.main(DeepappMainApplication.java:10) ~[!/:0.0.1-SNAPSHOT]
	at java.base/jdk.internal.reflect.NativeMethodAccessorImpl.invoke0(Native Method) ~[na:na]
	at java.base/jdk.internal.reflect.NativeMethodAccessorImpl.invoke(Unknown Source) ~[na:na]
	at java.base/jdk.internal.reflect.DelegatingMethodAccessorImpl.invoke(Unknown Source) ~[na:na]
	at java.base/java.lang.reflect.Method.invoke(Unknown Source) ~[na:na]
	at org.springframework.boot.loader.launch.Launcher.launch(Launcher.java:106) ~[app.jar:0.0.1-SNAPSHOT]
	at org.springframework.boot.loader.launch.Launcher.launch(Launcher.java:64) ~[app.jar:0.0.1-SNAPSHOT]
	at org.springframework.boot.loader.launch.JarLauncher.main(JarLauncher.java:40) ~[app.jar:0.0.1-SNAPSHOT]
Caused by: java.lang.RuntimeException: C++ worker initialization failed
	at com.deepapp.vn.io.infrastructure.cpp.CppWorkerManager.initialize(CppWorkerManager.java:80) ~[!/:0.0.1-SNAPSHOT]
	at java.base/jdk.internal.reflect.NativeMethodAccessorImpl.invoke0(Native Method) ~[na:na]
	at java.base/jdk.internal.reflect.NativeMethodAccessorImpl.invoke(Unknown Source) ~[na:na]
	at java.base/jdk.internal.reflect.DelegatingMethodAccessorImpl.invoke(Unknown Source) ~[na:na]
	at java.base/java.lang.reflect.Method.invoke(Unknown Source) ~[na:na]
	at org.springframework.beans.factory.annotation.InitDestroyAnnotationBeanPostProcessor$LifecycleMethod.invoke(InitDestroyAnnotationBeanPostProcessor.java:453) ~[spring-beans-7.0.2.jar!/:7.0.2]
	at org.springframework.beans.factory.annotation.InitDestroyAnnotationBeanPostProcessor$LifecycleMetadata.invokeInitMethods(InitDestroyAnnotationBeanPostProcessor.java:397) ~[spring-beans-7.0.2.jar!/:7.0.2]
	at org.springframework.beans.factory.annotation.InitDestroyAnnotationBeanPostProcessor.postProcessBeforeInitialization(InitDestroyAnnotationBeanPostProcessor.java:217) ~[spring-beans-7.0.2.jar!/:7.0.2]
	... 27 common frames omitted
Caused by: java.lang.RuntimeException: C++ worker start failed
	at com.deepapp.vn.io.infrastructure.cpp.CppWorkerManager.startCppWorker(CppWorkerManager.java:230) ~[!/:0.0.1-SNAPSHOT]
	at com.deepapp.vn.io.infrastructure.cpp.CppWorkerManager.initialize(CppWorkerManager.java:73) ~[!/:0.0.1-SNAPSHOT]
	... 34 common frames omitted
Caused by: java.lang.RuntimeException: C++ worker process terminated immediately
	at com.deepapp.vn.io.infrastructure.cpp.CppWorkerManager.startCppWorker(CppWorkerManager.java:222) ~[!/:0.0.1-SNAPSHOT]
	... 35 common frames omitted

2025-12-23T07:38:33.897Z  INFO 7 --- [deepapp_main] [main] c.deepapp.vn.io.DeepappMainApplication   : Starting DeepappMainApplication v0.0.1-SNAPSHOT using Java 17.0.17 with PID 7 (/app/app.jar started by root in /app)
2025-12-23T07:38:33.899Z DEBUG 7 --- [deepapp_main] [main] c.deepapp.vn.io.DeepappMainApplication   : Running with Spring Boot v4.0.1, Spring v7.0.2
2025-12-23T07:38:33.900Z  INFO 7 --- [deepapp_main] [main] c.deepapp.vn.io.DeepappMainApplication   : The following 1 profile is active: "docker"
2025-12-23T07:38:34.755Z  INFO 7 --- [deepapp_main] [main] o.s.boot.tomcat.TomcatWebServer          : Tomcat initialized with port 8080 (http)
2025-12-23T07:38:34.765Z  INFO 7 --- [deepapp_main] [main] o.apache.catalina.core.StandardService   : Starting service [Tomcat]
2025-12-23T07:38:34.766Z  INFO 7 --- [deepapp_main] [main] o.apache.catalina.core.StandardEngine    : Starting Servlet engine: [Apache Tomcat/11.0.15]
2025-12-23T07:38:34.793Z  INFO 7 --- [deepapp_main] [main] b.w.c.s.WebApplicationContextInitializer : Root WebApplicationContext: initialization completed in 855 ms
2025-12-23T07:38:34.951Z  INFO 7 --- [deepapp_main] [main] c.d.v.i.i.cpp.CppWorkerManager           : ========================================
2025-12-23T07:38:34.951Z  INFO 7 --- [deepapp_main] [main] c.d.v.i.i.cpp.CppWorkerManager           : C++ Worker Manager - Initialization
2025-12-23T07:38:34.951Z  INFO 7 --- [deepapp_main] [main] c.d.v.i.i.cpp.CppWorkerManager           : ========================================
2025-12-23T07:38:34.951Z  INFO 7 --- [deepapp_main] [main] c.d.v.i.i.cpp.CppWorkerManager           : Starting C++ worker process...
2025-12-23T07:38:34.951Z  INFO 7 --- [deepapp_main] [main] c.d.v.i.i.cpp.CppWorkerManager           :   gRPC Server: 72.60.111.138:50051:50051
2025-12-23T07:38:34.951Z  INFO 7 --- [deepapp_main] [main] c.d.v.i.i.cpp.CppWorkerManager           :   Client ID: cpp-worker
2025-12-23T07:38:34.956Z ERROR 7 --- [deepapp_main] [cpp-worker-error] c.d.v.i.i.cpp.CppWorkerManager           : [C++ Worker ERROR] /app/build/deepapp_worker_main: error while loading shared libraries: libgrpc++.so.1: cannot open shared object file: No such file or directory
2025-12-23T07:38:37.055Z ERROR 7 --- [deepapp_main] [main] c.d.v.i.i.cpp.CppWorkerManager           : Failed to start C++ worker

java.lang.RuntimeException: C++ worker process terminated immediately
	at com.deepapp.vn.io.infrastructure.cpp.CppWorkerManager.startCppWorker(CppWorkerManager.java:222) ~[!/:0.0.1-SNAPSHOT]
	at com.deepapp.vn.io.infrastructure.cpp.CppWorkerManager.initialize(CppWorkerManager.java:73) ~[!/:0.0.1-SNAPSHOT]
	at java.base/jdk.internal.reflect.NativeMethodAccessorImpl.invoke0(Native Method) ~[na:na]
	at java.base/jdk.internal.reflect.NativeMethodAccessorImpl.invoke(Unknown Source) ~[na:na]
	at java.base/jdk.internal.reflect.DelegatingMethodAccessorImpl.invoke(Unknown Source) ~[na:na]
	at java.base/java.lang.reflect.Method.invoke(Unknown Source) ~[na:na]
	at org.springframework.beans.factory.annotation.InitDestroyAnnotationBeanPostProcessor$LifecycleMethod.invoke(InitDestroyAnnotationBeanPostProcessor.java:453) ~[spring-beans-7.0.2.jar!/:7.0.2]
	at org.springframework.beans.factory.annotation.InitDestroyAnnotationBeanPostProcessor$LifecycleMetadata.invokeInitMethods(InitDestroyAnnotationBeanPostProcessor.java:397) ~[spring-beans-7.0.2.jar!/:7.0.2]
	at org.springframework.beans.factory.annotation.InitDestroyAnnotationBeanPostProcessor.postProcessBeforeInitialization(InitDestroyAnnotationBeanPostProcessor.java:217) ~[spring-beans-7.0.2.jar!/:7.0.2]
	at org.springframework.beans.factory.support.AbstractAutowireCapableBeanFactory.applyBeanPostProcessorsBeforeInitialization(AbstractAutowireCapableBeanFactory.java:426) ~[spring-beans-7.0.2.jar!/:7.0.2]
	at org.springframework.beans.factory.support.AbstractAutowireCapableBeanFactory.initializeBean(AbstractAutowireCapableBeanFactory.java:1809) ~[spring-beans-7.0.2.jar!/:7.0.2]
	at org.springframework.beans.factory.support.AbstractAutowireCapableBeanFactory.doCreateBean(AbstractAutowireCapableBeanFactory.java:603) ~[spring-beans-7.0.2.jar!/:7.0.2]
	at org.springframework.beans.factory.support.AbstractAutowireCapableBeanFactory.createBean(AbstractAutowireCapableBeanFactory.java:525) ~[spring-beans-7.0.2.jar!/:7.0.2]
	at org.springframework.beans.factory.support.AbstractBeanFactory.lambda$doGetBean$0(AbstractBeanFactory.java:333) ~[spring-beans-7.0.2.jar!/:7.0.2]
	at org.springframework.beans.factory.support.DefaultSingletonBeanRegistry.getSingleton(DefaultSingletonBeanRegistry.java:371) ~[spring-beans-7.0.2.jar!/:7.0.2]
	at org.springframework.beans.factory.support.AbstractBeanFactory.doGetBean(AbstractBeanFactory.java:331) ~[spring-beans-7.0.2.jar!/:7.0.2]
	at org.springframework.beans.factory.support.AbstractBeanFactory.getBean(AbstractBeanFactory.java:196) ~[spring-beans-7.0.2.jar!/:7.0.2]
	at org.springframework.beans.factory.support.DefaultListableBeanFactory.instantiateSingleton(DefaultListableBeanFactory.java:1218) ~[spring-beans-7.0.2.jar!/:7.0.2]
	at org.springframework.beans.factory.support.DefaultListableBeanFactory.preInstantiateSingleton(DefaultListableBeanFactory.java:1184) ~[spring-beans-7.0.2.jar!/:7.0.2]
	at org.springframework.beans.factory.support.DefaultListableBeanFactory.preInstantiateSingletons(DefaultListableBeanFactory.java:1121) ~[spring-beans-7.0.2.jar!/:7.0.2]
	at org.springframework.context.support.AbstractApplicationContext.finishBeanFactoryInitialization(AbstractApplicationContext.java:993) ~[spring-context-7.0.2.jar!/:7.0.2]
	at org.springframework.context.support.AbstractApplicationContext.refresh(AbstractApplicationContext.java:620) ~[spring-context-7.0.2.jar!/:7.0.2]
	at org.springframework.boot.web.server.servlet.context.ServletWebServerApplicationContext.refresh(ServletWebServerApplicationContext.java:143) ~[spring-boot-web-server-4.0.1.jar!/:4.0.1]
	at org.springframework.boot.SpringApplication.refresh(SpringApplication.java:756) ~[spring-boot-4.0.1.jar!/:4.0.1]
	at org.springframework.boot.SpringApplication.refreshContext(SpringApplication.java:445) ~[spring-boot-4.0.1.jar!/:4.0.1]
	at org.springframework.boot.SpringApplication.run(SpringApplication.java:321) ~[spring-boot-4.0.1.jar!/:4.0.1]
	at org.springframework.boot.SpringApplication.run(SpringApplication.java:1365) ~[spring-boot-4.0.1.jar!/:4.0.1]
	at org.springframework.boot.SpringApplication.run(SpringApplication.java:1354) ~[spring-boot-4.0.1.jar!/:4.0.1]
	at com.deepapp.vn.io.DeepappMainApplication.main(DeepappMainApplication.java:10) ~[!/:0.0.1-SNAPSHOT]
	at java.base/jdk.internal.reflect.NativeMethodAccessorImpl.invoke0(Native Method) ~[na:na]
	at java.base/jdk.internal.reflect.NativeMethodAccessorImpl.invoke(Unknown Source) ~[na:na]
	at java.base/jdk.internal.reflect.DelegatingMethodAccessorImpl.invoke(Unknown Source) ~[na:na]
	at java.base/java.lang.reflect.Method.invoke(Unknown Source) ~[na:na]
	at org.springframework.boot.loader.launch.Launcher.launch(Launcher.java:106) ~[app.jar:0.0.1-SNAPSHOT]
	at org.springframework.boot.loader.launch.Launcher.launch(Launcher.java:64) ~[app.jar:0.0.1-SNAPSHOT]
	at org.springframework.boot.loader.launch.JarLauncher.main(JarLauncher.java:40) ~[app.jar:0.0.1-SNAPSHOT]

2025-12-23T07:38:37.062Z ERROR 7 --- [deepapp_main] [main] c.d.v.i.i.cpp.CppWorkerManager           : Failed to initialize C++ worker manager

java.lang.RuntimeException: C++ worker start failed
	at com.deepapp.vn.io.infrastructure.cpp.CppWorkerManager.startCppWorker(CppWorkerManager.java:230) ~[!/:0.0.1-SNAPSHOT]
	at com.deepapp.vn.io.infrastructure.cpp.CppWorkerManager.initialize(CppWorkerManager.java:73) ~[!/:0.0.1-SNAPSHOT]
	at java.base/jdk.internal.reflect.NativeMethodAccessorImpl.invoke0(Native Method) ~[na:na]
	at java.base/jdk.internal.reflect.NativeMethodAccessorImpl.invoke(Unknown Source) ~[na:na]
	at java.base/jdk.internal.reflect.DelegatingMethodAccessorImpl.invoke(Unknown Source) ~[na:na]
	at java.base/java.lang.reflect.Method.invoke(Unknown Source) ~[na:na]
	at org.springframework.beans.factory.annotation.InitDestroyAnnotationBeanPostProcessor$LifecycleMethod.invoke(InitDestroyAnnotationBeanPostProcessor.java:453) ~[spring-beans-7.0.2.jar!/:7.0.2]
	at org.springframework.beans.factory.annotation.InitDestroyAnnotationBeanPostProcessor$LifecycleMetadata.invokeInitMethods(InitDestroyAnnotationBeanPostProcessor.java:397) ~[spring-beans-7.0.2.jar!/:7.0.2]
	at org.springframework.beans.factory.annotation.InitDestroyAnnotationBeanPostProcessor.postProcessBeforeInitialization(InitDestroyAnnotationBeanPostProcessor.java:217) ~[spring-beans-7.0.2.jar!/:7.0.2]
	at org.springframework.beans.factory.support.AbstractAutowireCapableBeanFactory.applyBeanPostProcessorsBeforeInitialization(AbstractAutowireCapableBeanFactory.java:426) ~[spring-beans-7.0.2.jar!/:7.0.2]
	at org.springframework.beans.factory.support.AbstractAutowireCapableBeanFactory.initializeBean(AbstractAutowireCapableBeanFactory.java:1809) ~[spring-beans-7.0.2.jar!/:7.0.2]
	at org.springframework.beans.factory.support.AbstractAutowireCapableBeanFactory.doCreateBean(AbstractAutowireCapableBeanFactory.java:603) ~[spring-beans-7.0.2.jar!/:7.0.2]
	at org.springframework.beans.factory.support.AbstractAutowireCapableBeanFactory.createBean(AbstractAutowireCapableBeanFactory.java:525) ~[spring-beans-7.0.2.jar!/:7.0.2]
	at org.springframework.beans.factory.support.AbstractBeanFactory.lambda$doGetBean$0(AbstractBeanFactory.java:333) ~[spring-beans-7.0.2.jar!/:7.0.2]
	at org.springframework.beans.factory.support.DefaultSingletonBeanRegistry.getSingleton(DefaultSingletonBeanRegistry.java:371) ~[spring-beans-7.0.2.jar!/:7.0.2]
	at org.springframework.beans.factory.support.AbstractBeanFactory.doGetBean(AbstractBeanFactory.java:331) ~[spring-beans-7.0.2.jar!/:7.0.2]
	at org.springframework.beans.factory.support.AbstractBeanFactory.getBean(AbstractBeanFactory.java:196) ~[spring-beans-7.0.2.jar!/:7.0.2]
	at org.springframework.beans.factory.support.DefaultListableBeanFactory.instantiateSingleton(DefaultListableBeanFactory.java:1218) ~[spring-beans-7.0.2.jar!/:7.0.2]
	at org.springframework.beans.factory.support.DefaultListableBeanFactory.preInstantiateSingleton(DefaultListableBeanFactory.java:1184) ~[spring-beans-7.0.2.jar!/:7.0.2]
	at org.springframework.beans.factory.support.DefaultListableBeanFactory.preInstantiateSingletons(DefaultListableBeanFactory.java:1121) ~[spring-beans-7.0.2.jar!/:7.0.2]
	at org.springframework.context.support.AbstractApplicationContext.finishBeanFactoryInitialization(AbstractApplicationContext.java:993) ~[spring-context-7.0.2.jar!/:7.0.2]
	at org.springframework.context.support.AbstractApplicationContext.refresh(AbstractApplicationContext.java:620) ~[spring-context-7.0.2.jar!/:7.0.2]
	at org.springframework.boot.web.server.servlet.context.ServletWebServerApplicationContext.refresh(ServletWebServerApplicationContext.java:143) ~[spring-boot-web-server-4.0.1.jar!/:4.0.1]
	at org.springframework.boot.SpringApplication.refresh(SpringApplication.java:756) ~[spring-boot-4.0.1.jar!/:4.0.1]
	at org.springframework.boot.SpringApplication.refreshContext(SpringApplication.java:445) ~[spring-boot-4.0.1.jar!/:4.0.1]
	at org.springframework.boot.SpringApplication.run(SpringApplication.java:321) ~[spring-boot-4.0.1.jar!/:4.0.1]
	at org.springframework.boot.SpringApplication.run(SpringApplication.java:1365) ~[spring-boot-4.0.1.jar!/:4.0.1]
	at org.springframework.boot.SpringApplication.run(SpringApplication.java:1354) ~[spring-boot-4.0.1.jar!/:4.0.1]
	at com.deepapp.vn.io.DeepappMainApplication.main(DeepappMainApplication.java:10) ~[!/:0.0.1-SNAPSHOT]
	at java.base/jdk.internal.reflect.NativeMethodAccessorImpl.invoke0(Native Method) ~[na:na]
	at java.base/jdk.internal.reflect.NativeMethodAccessorImpl.invoke(Unknown Source) ~[na:na]
	at java.base/jdk.internal.reflect.DelegatingMethodAccessorImpl.invoke(Unknown Source) ~[na:na]
	at java.base/java.lang.reflect.Method.invoke(Unknown Source) ~[na:na]
	at org.springframework.boot.loader.launch.Launcher.launch(Launcher.java:106) ~[app.jar:0.0.1-SNAPSHOT]
	at org.springframework.boot.loader.launch.Launcher.launch(Launcher.java:64) ~[app.jar:0.0.1-SNAPSHOT]
	at org.springframework.boot.loader.launch.JarLauncher.main(JarLauncher.java:40) ~[app.jar:0.0.1-SNAPSHOT]
Caused by: java.lang.RuntimeException: C++ worker process terminated immediately
	at com.deepapp.vn.io.infrastructure.cpp.CppWorkerManager.startCppWorker(CppWorkerManager.java:222) ~[!/:0.0.1-SNAPSHOT]
	... 35 common frames omitted

2025-12-23T07:38:37.069Z  WARN 7 --- [deepapp_main] [main] ConfigServletWebServerApplicationContext : Exception encountered during context initialization - cancelling refresh attempt: org.springframework.beans.factory.BeanCreationException: Error creating bean with name 'cppWorkerManager': Invocation of init method failed
2025-12-23T07:38:37.080Z  INFO 7 --- [deepapp_main] [main] o.apache.catalina.core.StandardService   : Stopping service [Tomcat]
2025-12-23T07:38:37.098Z  INFO 7 --- [deepapp_main] [main] .s.b.a.l.ConditionEvaluationReportLogger : 

Error starting ApplicationContext. To display the condition evaluation report re-run your application with 'debug' enabled.
2025-12-23T07:38:37.118Z ERROR 7 --- [deepapp_main] [main] o.s.boot.SpringApplication               : Application run failed

org.springframework.beans.factory.BeanCreationException: Error creating bean with name 'cppWorkerManager': Invocation of init method failed
	at org.springframework.beans.factory.annotation.InitDestroyAnnotationBeanPostProcessor.postProcessBeforeInitialization(InitDestroyAnnotationBeanPostProcessor.java:220) ~[spring-beans-7.0.2.jar!/:7.0.2]
	at org.springframework.beans.factory.support.AbstractAutowireCapableBeanFactory.applyBeanPostProcessorsBeforeInitialization(AbstractAutowireCapableBeanFactory.java:426) ~[spring-beans-7.0.2.jar!/:7.0.2]
	at org.springframework.beans.factory.support.AbstractAutowireCapableBeanFactory.initializeBean(AbstractAutowireCapableBeanFactory.java:1809) ~[spring-beans-7.0.2.jar!/:7.0.2]
	at org.springframework.beans.factory.support.AbstractAutowireCapableBeanFactory.doCreateBean(AbstractAutowireCapableBeanFactory.java:603) ~[spring-beans-7.0.2.jar!/:7.0.2]
	at org.springframework.beans.factory.support.AbstractAutowireCapableBeanFactory.createBean(AbstractAutowireCapableBeanFactory.java:525) ~[spring-beans-7.0.2.jar!/:7.0.2]
	at org.springframework.beans.factory.support.AbstractBeanFactory.lambda$doGetBean$0(AbstractBeanFactory.java:333) ~[spring-beans-7.0.2.jar!/:7.0.2]
	at org.springframework.beans.factory.support.DefaultSingletonBeanRegistry.getSingleton(DefaultSingletonBeanRegistry.java:371) ~[spring-beans-7.0.2.jar!/:7.0.2]
	at org.springframework.beans.factory.support.AbstractBeanFactory.doGetBean(AbstractBeanFactory.java:331) ~[spring-beans-7.0.2.jar!/:7.0.2]
	at org.springframework.beans.factory.support.AbstractBeanFactory.getBean(AbstractBeanFactory.java:196) ~[spring-beans-7.0.2.jar!/:7.0.2]
	at org.springframework.beans.factory.support.DefaultListableBeanFactory.instantiateSingleton(DefaultListableBeanFactory.java:1218) ~[spring-beans-7.0.2.jar!/:7.0.2]
	at org.springframework.beans.factory.support.DefaultListableBeanFactory.preInstantiateSingleton(DefaultListableBeanFactory.java:1184) ~[spring-beans-7.0.2.jar!/:7.0.2]
	at org.springframework.beans.factory.support.DefaultListableBeanFactory.preInstantiateSingletons(DefaultListableBeanFactory.java:1121) ~[spring-beans-7.0.2.jar!/:7.0.2]
	at org.springframework.context.support.AbstractApplicationContext.finishBeanFactoryInitialization(AbstractApplicationContext.java:993) ~[spring-context-7.0.2.jar!/:7.0.2]
	at org.springframework.context.support.AbstractApplicationContext.refresh(AbstractApplicationContext.java:620) ~[spring-context-7.0.2.jar!/:7.0.2]
	at org.springframework.boot.web.server.servlet.context.ServletWebServerApplicationContext.refresh(ServletWebServerApplicationContext.java:143) ~[spring-boot-web-server-4.0.1.jar!/:4.0.1]
	at org.springframework.boot.SpringApplication.refresh(SpringApplication.java:756) ~[spring-boot-4.0.1.jar!/:4.0.1]
	at org.springframework.boot.SpringApplication.refreshContext(SpringApplication.java:445) ~[spring-boot-4.0.1.jar!/:4.0.1]
	at org.springframework.boot.SpringApplication.run(SpringApplication.java:321) ~[spring-boot-4.0.1.jar!/:4.0.1]
	at org.springframework.boot.SpringApplication.run(SpringApplication.java:1365) ~[spring-boot-4.0.1.jar!/:4.0.1]
	at org.springframework.boot.SpringApplication.run(SpringApplication.java:1354) ~[spring-boot-4.0.1.jar!/:4.0.1]
	at com.deepapp.vn.io.DeepappMainApplication.main(DeepappMainApplication.java:10) ~[!/:0.0.1-SNAPSHOT]
	at java.base/jdk.internal.reflect.NativeMethodAccessorImpl.invoke0(Native Method) ~[na:na]
	at java.base/jdk.internal.reflect.NativeMethodAccessorImpl.invoke(Unknown Source) ~[na:na]
	at java.base/jdk.internal.reflect.DelegatingMethodAccessorImpl.invoke(Unknown Source) ~[na:na]
	at java.base/java.lang.reflect.Method.invoke(Unknown Source) ~[na:na]
	at org.springframework.boot.loader.launch.Launcher.launch(Launcher.java:106) ~[app.jar:0.0.1-SNAPSHOT]
	at org.springframework.boot.loader.launch.Launcher.launch(Launcher.java:64) ~[app.jar:0.0.1-SNAPSHOT]
	at org.springframework.boot.loader.launch.JarLauncher.main(JarLauncher.java:40) ~[app.jar:0.0.1-SNAPSHOT]
Caused by: java.lang.RuntimeException: C++ worker initialization failed
	at com.deepapp.vn.io.infrastructure.cpp.CppWorkerManager.initialize(CppWorkerManager.java:80) ~[!/:0.0.1-SNAPSHOT]
	at java.base/jdk.internal.reflect.NativeMethodAccessorImpl.invoke0(Native Method) ~[na:na]
	at java.base/jdk.internal.reflect.NativeMethodAccessorImpl.invoke(Unknown Source) ~[na:na]
	at java.base/jdk.internal.reflect.DelegatingMethodAccessorImpl.invoke(Unknown Source) ~[na:na]
	at java.base/java.lang.reflect.Method.invoke(Unknown Source) ~[na:na]
	at org.springframework.beans.factory.annotation.InitDestroyAnnotationBeanPostProcessor$LifecycleMethod.invoke(InitDestroyAnnotationBeanPostProcessor.java:453) ~[spring-beans-7.0.2.jar!/:7.0.2]
	at org.springframework.beans.factory.annotation.InitDestroyAnnotationBeanPostProcessor$LifecycleMetadata.invokeInitMethods(InitDestroyAnnotationBeanPostProcessor.java:397) ~[spring-beans-7.0.2.jar!/:7.0.2]
	at org.springframework.beans.factory.annotation.InitDestroyAnnotationBeanPostProcessor.postProcessBeforeInitialization(InitDestroyAnnotationBeanPostProcessor.java:217) ~[spring-beans-7.0.2.jar!/:7.0.2]
	... 27 common frames omitted
Caused by: java.lang.RuntimeException: C++ worker start failed
	at com.deepapp.vn.io.infrastructure.cpp.CppWorkerManager.startCppWorker(CppWorkerManager.java:230) ~[!/:0.0.1-SNAPSHOT]
	at com.deepapp.vn.io.infrastructure.cpp.CppWorkerManager.initialize(CppWorkerManager.java:73) ~[!/:0.0.1-SNAPSHOT]
	... 34 common frames omitted
Caused by: java.lang.RuntimeException: C++ worker process terminated immediately
	at com.deepapp.vn.io.infrastructure.cpp.CppWorkerManager.startCppWorker(CppWorkerManager.java:222) ~[!/:0.0.1-SNAPSHOT]
	... 35 common frames omitted

2025-12-23T07:39:03.875Z  INFO 7 --- [deepapp_main] [main] c.deepapp.vn.io.DeepappMainApplication   : Starting DeepappMainApplication v0.0.1-SNAPSHOT using Java 17.0.17 with PID 7 (/app/app.jar started by root in /app)
2025-12-23T07:39:03.878Z DEBUG 7 --- [deepapp_main] [main] c.deepapp.vn.io.DeepappMainApplication   : Running with Spring Boot v4.0.1, Spring v7.0.2
2025-12-23T07:39:03.879Z  INFO 7 --- [deepapp_main] [main] c.deepapp.vn.io.DeepappMainApplication   : The following 1 profile is active: "docker"
2025-12-23T07:39:04.806Z  INFO 7 --- [deepapp_main] [main] o.s.boot.tomcat.TomcatWebServer          : Tomcat initialized with port 8080 (http)
2025-12-23T07:39:04.818Z  INFO 7 --- [deepapp_main] [main] o.apache.catalina.core.StandardService   : Starting service [Tomcat]
2025-12-23T07:39:04.818Z  INFO 7 --- [deepapp_main] [main] o.apache.catalina.core.StandardEngine    : Starting Servlet engine: [Apache Tomcat/11.0.15]
2025-12-23T07:39:04.849Z  INFO 7 --- [deepapp_main] [main] b.w.c.s.WebApplicationContextInitializer : Root WebApplicationContext: initialization completed in 932 ms
2025-12-23T07:39:05.021Z  INFO 7 --- [deepapp_main] [main] c.d.v.i.i.cpp.CppWorkerManager           : ========================================
2025-12-23T07:39:05.021Z  INFO 7 --- [deepapp_main] [main] c.d.v.i.i.cpp.CppWorkerManager           : C++ Worker Manager - Initialization
2025-12-23T07:39:05.021Z  INFO 7 --- [deepapp_main] [main] c.d.v.i.i.cpp.CppWorkerManager           : ========================================
2025-12-23T07:39:05.021Z  INFO 7 --- [deepapp_main] [main] c.d.v.i.i.cpp.CppWorkerManager           : Starting C++ worker process...
2025-12-23T07:39:05.021Z  INFO 7 --- [deepapp_main] [main] c.d.v.i.i.cpp.CppWorkerManager           :   gRPC Server: 72.60.111.138:50051:50051
2025-12-23T07:39:05.022Z  INFO 7 --- [deepapp_main] [main] c.d.v.i.i.cpp.CppWorkerManager           :   Client ID: cpp-worker
2025-12-23T07:39:05.027Z ERROR 7 --- [deepapp_main] [cpp-worker-error] c.d.v.i.i.cpp.CppWorkerManager           : [C++ Worker ERROR] /app/build/deepapp_worker_main: error while loading shared libraries: libgrpc++.so.1: cannot open shared object file: No such file or directory
2025-12-23T07:39:07.130Z ERROR 7 --- [deepapp_main] [main] c.d.v.i.i.cpp.CppWorkerManager           : Failed to start C++ worker

java.lang.RuntimeException: C++ worker process terminated immediately
	at com.deepapp.vn.io.infrastructure.cpp.CppWorkerManager.startCppWorker(CppWorkerManager.java:222) ~[!/:0.0.1-SNAPSHOT]
	at com.deepapp.vn.io.infrastructure.cpp.CppWorkerManager.initialize(CppWorkerManager.java:73) ~[!/:0.0.1-SNAPSHOT]
	at java.base/jdk.internal.reflect.NativeMethodAccessorImpl.invoke0(Native Method) ~[na:na]
	at java.base/jdk.internal.reflect.NativeMethodAccessorImpl.invoke(Unknown Source) ~[na:na]
	at java.base/jdk.internal.reflect.DelegatingMethodAccessorImpl.invoke(Unknown Source) ~[na:na]
	at java.base/java.lang.reflect.Method.invoke(Unknown Source) ~[na:na]
	at org.springframework.beans.factory.annotation.InitDestroyAnnotationBeanPostProcessor$LifecycleMethod.invoke(InitDestroyAnnotationBeanPostProcessor.java:453) ~[spring-beans-7.0.2.jar!/:7.0.2]
	at org.springframework.beans.factory.annotation.InitDestroyAnnotationBeanPostProcessor$LifecycleMetadata.invokeInitMethods(InitDestroyAnnotationBeanPostProcessor.java:397) ~[spring-beans-7.0.2.jar!/:7.0.2]
	at org.springframework.beans.factory.annotation.InitDestroyAnnotationBeanPostProcessor.postProcessBeforeInitialization(InitDestroyAnnotationBeanPostProcessor.java:217) ~[spring-beans-7.0.2.jar!/:7.0.2]
	at org.springframework.beans.factory.support.AbstractAutowireCapableBeanFactory.applyBeanPostProcessorsBeforeInitialization(AbstractAutowireCapableBeanFactory.java:426) ~[spring-beans-7.0.2.jar!/:7.0.2]
	at org.springframework.beans.factory.support.AbstractAutowireCapableBeanFactory.initializeBean(AbstractAutowireCapableBeanFactory.java:1809) ~[spring-beans-7.0.2.jar!/:7.0.2]
	at org.springframework.beans.factory.support.AbstractAutowireCapableBeanFactory.doCreateBean(AbstractAutowireCapableBeanFactory.java:603) ~[spring-beans-7.0.2.jar!/:7.0.2]
	at org.springframework.beans.factory.support.AbstractAutowireCapableBeanFactory.createBean(AbstractAutowireCapableBeanFactory.java:525) ~[spring-beans-7.0.2.jar!/:7.0.2]
	at org.springframework.beans.factory.support.AbstractBeanFactory.lambda$doGetBean$0(AbstractBeanFactory.java:333) ~[spring-beans-7.0.2.jar!/:7.0.2]
	at org.springframework.beans.factory.support.DefaultSingletonBeanRegistry.getSingleton(DefaultSingletonBeanRegistry.java:371) ~[spring-beans-7.0.2.jar!/:7.0.2]
	at org.springframework.beans.factory.support.AbstractBeanFactory.doGetBean(AbstractBeanFactory.java:331) ~[spring-beans-7.0.2.jar!/:7.0.2]
	at org.springframework.beans.factory.support.AbstractBeanFactory.getBean(AbstractBeanFactory.java:196) ~[spring-beans-7.0.2.jar!/:7.0.2]
	at org.springframework.beans.factory.support.DefaultListableBeanFactory.instantiateSingleton(DefaultListableBeanFactory.java:1218) ~[spring-beans-7.0.2.jar!/:7.0.2]
	at org.springframework.beans.factory.support.DefaultListableBeanFactory.preInstantiateSingleton(DefaultListableBeanFactory.java:1184) ~[spring-beans-7.0.2.jar!/:7.0.2]
	at org.springframework.beans.factory.support.DefaultListableBeanFactory.preInstantiateSingletons(DefaultListableBeanFactory.java:1121) ~[spring-beans-7.0.2.jar!/:7.0.2]
	at org.springframework.context.support.AbstractApplicationContext.finishBeanFactoryInitialization(AbstractApplicationContext.java:993) ~[spring-context-7.0.2.jar!/:7.0.2]
	at org.springframework.context.support.AbstractApplicationContext.refresh(AbstractApplicationContext.java:620) ~[spring-context-7.0.2.jar!/:7.0.2]
	at org.springframework.boot.web.server.servlet.context.ServletWebServerApplicationContext.refresh(ServletWebServerApplicationContext.java:143) ~[spring-boot-web-server-4.0.1.jar!/:4.0.1]
	at org.springframework.boot.SpringApplication.refresh(SpringApplication.java:756) ~[spring-boot-4.0.1.jar!/:4.0.1]
	at org.springframework.boot.SpringApplication.refreshContext(SpringApplication.java:445) ~[spring-boot-4.0.1.jar!/:4.0.1]
	at org.springframework.boot.SpringApplication.run(SpringApplication.java:321) ~[spring-boot-4.0.1.jar!/:4.0.1]
	at org.springframework.boot.SpringApplication.run(SpringApplication.java:1365) ~[spring-boot-4.0.1.jar!/:4.0.1]
	at org.springframework.boot.SpringApplication.run(SpringApplication.java:1354) ~[spring-boot-4.0.1.jar!/:4.0.1]
	at com.deepapp.vn.io.DeepappMainApplication.main(DeepappMainApplication.java:10) ~[!/:0.0.1-SNAPSHOT]
	at java.base/jdk.internal.reflect.NativeMethodAccessorImpl.invoke0(Native Method) ~[na:na]
	at java.base/jdk.internal.reflect.NativeMethodAccessorImpl.invoke(Unknown Source) ~[na:na]
	at java.base/jdk.internal.reflect.DelegatingMethodAccessorImpl.invoke(Unknown Source) ~[na:na]
	at java.base/java.lang.reflect.Method.invoke(Unknown Source) ~[na:na]
	at org.springframework.boot.loader.launch.Launcher.launch(Launcher.java:106) ~[app.jar:0.0.1-SNAPSHOT]
	at org.springframework.boot.loader.launch.Launcher.launch(Launcher.java:64) ~[app.jar:0.0.1-SNAPSHOT]
	at org.springframework.boot.loader.launch.JarLauncher.main(JarLauncher.java:40) ~[app.jar:0.0.1-SNAPSHOT]

2025-12-23T07:39:07.137Z ERROR 7 --- [deepapp_main] [main] c.d.v.i.i.cpp.CppWorkerManager           : Failed to initialize C++ worker manager

java.lang.RuntimeException: C++ worker start failed
	at com.deepapp.vn.io.infrastructure.cpp.CppWorkerManager.startCppWorker(CppWorkerManager.java:230) ~[!/:0.0.1-SNAPSHOT]
	at com.deepapp.vn.io.infrastructure.cpp.CppWorkerManager.initialize(CppWorkerManager.java:73) ~[!/:0.0.1-SNAPSHOT]
	at java.base/jdk.internal.reflect.NativeMethodAccessorImpl.invoke0(Native Method) ~[na:na]
	at java.base/jdk.internal.reflect.NativeMethodAccessorImpl.invoke(Unknown Source) ~[na:na]
	at java.base/jdk.internal.reflect.DelegatingMethodAccessorImpl.invoke(Unknown Source) ~[na:na]
	at java.base/java.lang.reflect.Method.invoke(Unknown Source) ~[na:na]
	at org.springframework.beans.factory.annotation.InitDestroyAnnotationBeanPostProcessor$LifecycleMethod.invoke(InitDestroyAnnotationBeanPostProcessor.java:453) ~[spring-beans-7.0.2.jar!/:7.0.2]
	at org.springframework.beans.factory.annotation.InitDestroyAnnotationBeanPostProcessor$LifecycleMetadata.invokeInitMethods(InitDestroyAnnotationBeanPostProcessor.java:397) ~[spring-beans-7.0.2.jar!/:7.0.2]
	at org.springframework.beans.factory.annotation.InitDestroyAnnotationBeanPostProcessor.postProcessBeforeInitialization(InitDestroyAnnotationBeanPostProcessor.java:217) ~[spring-beans-7.0.2.jar!/:7.0.2]
	at org.springframework.beans.factory.support.AbstractAutowireCapableBeanFactory.applyBeanPostProcessorsBeforeInitialization(AbstractAutowireCapableBeanFactory.java:426) ~[spring-beans-7.0.2.jar!/:7.0.2]
	at org.springframework.beans.factory.support.AbstractAutowireCapableBeanFactory.initializeBean(AbstractAutowireCapableBeanFactory.java:1809) ~[spring-beans-7.0.2.jar!/:7.0.2]
	at org.springframework.beans.factory.support.AbstractAutowireCapableBeanFactory.doCreateBean(AbstractAutowireCapableBeanFactory.java:603) ~[spring-beans-7.0.2.jar!/:7.0.2]
	at org.springframework.beans.factory.support.AbstractAutowireCapableBeanFactory.createBean(AbstractAutowireCapableBeanFactory.java:525) ~[spring-beans-7.0.2.jar!/:7.0.2]
	at org.springframework.beans.factory.support.AbstractBeanFactory.lambda$doGetBean$0(AbstractBeanFactory.java:333) ~[spring-beans-7.0.2.jar!/:7.0.2]
	at org.springframework.beans.factory.support.DefaultSingletonBeanRegistry.getSingleton(DefaultSingletonBeanRegistry.java:371) ~[spring-beans-7.0.2.jar!/:7.0.2]
	at org.springframework.beans.factory.support.AbstractBeanFactory.doGetBean(AbstractBeanFactory.java:331) ~[spring-beans-7.0.2.jar!/:7.0.2]
	at org.springframework.beans.factory.support.AbstractBeanFactory.getBean(AbstractBeanFactory.java:196) ~[spring-beans-7.0.2.jar!/:7.0.2]
	at org.springframework.beans.factory.support.DefaultListableBeanFactory.instantiateSingleton(DefaultListableBeanFactory.java:1218) ~[spring-beans-7.0.2.jar!/:7.0.2]
	at org.springframework.beans.factory.support.DefaultListableBeanFactory.preInstantiateSingleton(DefaultListableBeanFactory.java:1184) ~[spring-beans-7.0.2.jar!/:7.0.2]
	at org.springframework.beans.factory.support.DefaultListableBeanFactory.preInstantiateSingletons(DefaultListableBeanFactory.java:1121) ~[spring-beans-7.0.2.jar!/:7.0.2]
	at org.springframework.context.support.AbstractApplicationContext.finishBeanFactoryInitialization(AbstractApplicationContext.java:993) ~[spring-context-7.0.2.jar!/:7.0.2]
	at org.springframework.context.support.AbstractApplicationContext.refresh(AbstractApplicationContext.java:620) ~[spring-context-7.0.2.jar!/:7.0.2]
	at org.springframework.boot.web.server.servlet.context.ServletWebServerApplicationContext.refresh(ServletWebServerApplicationContext.java:143) ~[spring-boot-web-server-4.0.1.jar!/:4.0.1]
	at org.springframework.boot.SpringApplication.refresh(SpringApplication.java:756) ~[spring-boot-4.0.1.jar!/:4.0.1]
	at org.springframework.boot.SpringApplication.refreshContext(SpringApplication.java:445) ~[spring-boot-4.0.1.jar!/:4.0.1]
	at org.springframework.boot.SpringApplication.run(SpringApplication.java:321) ~[spring-boot-4.0.1.jar!/:4.0.1]
	at org.springframework.boot.SpringApplication.run(SpringApplication.java:1365) ~[spring-boot-4.0.1.jar!/:4.0.1]
	at org.springframework.boot.SpringApplication.run(SpringApplication.java:1354) ~[spring-boot-4.0.1.jar!/:4.0.1]
	at com.deepapp.vn.io.DeepappMainApplication.main(DeepappMainApplication.java:10) ~[!/:0.0.1-SNAPSHOT]
	at java.base/jdk.internal.reflect.NativeMethodAccessorImpl.invoke0(Native Method) ~[na:na]
	at java.base/jdk.internal.reflect.NativeMethodAccessorImpl.invoke(Unknown Source) ~[na:na]
	at java.base/jdk.internal.reflect.DelegatingMethodAccessorImpl.invoke(Unknown Source) ~[na:na]
	at java.base/java.lang.reflect.Method.invoke(Unknown Source) ~[na:na]
	at org.springframework.boot.loader.launch.Launcher.launch(Launcher.java:106) ~[app.jar:0.0.1-SNAPSHOT]
	at org.springframework.boot.loader.launch.Launcher.launch(Launcher.java:64) ~[app.jar:0.0.1-SNAPSHOT]
	at org.springframework.boot.loader.launch.JarLauncher.main(JarLauncher.java:40) ~[app.jar:0.0.1-SNAPSHOT]
Caused by: java.lang.RuntimeException: C++ worker process terminated immediately
	at com.deepapp.vn.io.infrastructure.cpp.CppWorkerManager.startCppWorker(CppWorkerManager.java:222) ~[!/:0.0.1-SNAPSHOT]
	... 35 common frames omitted

2025-12-23T07:39:07.141Z  WARN 7 --- [deepapp_main] [main] ConfigServletWebServerApplicationContext : Exception encountered during context initialization - cancelling refresh attempt: org.springframework.beans.factory.BeanCreationException: Error creating bean with name 'cppWorkerManager': Invocation of init method failed
2025-12-23T07:39:07.144Z  INFO 7 --- [deepapp_main] [main] o.apache.catalina.core.StandardService   : Stopping service [Tomcat]
2025-12-23T07:39:07.154Z  INFO 7 --- [deepapp_main] [main] .s.b.a.l.ConditionEvaluationReportLogger : 

Error starting ApplicationContext. To display the condition evaluation report re-run your application with 'debug' enabled.
2025-12-23T07:39:07.164Z ERROR 7 --- [deepapp_main] [main] o.s.boot.SpringApplication               : Application run failed

org.springframework.beans.factory.BeanCreationException: Error creating bean with name 'cppWorkerManager': Invocation of init method failed
	at org.springframework.beans.factory.annotation.InitDestroyAnnotationBeanPostProcessor.postProcessBeforeInitialization(InitDestroyAnnotationBeanPostProcessor.java:220) ~[spring-beans-7.0.2.jar!/:7.0.2]
	at org.springframework.beans.factory.support.AbstractAutowireCapableBeanFactory.applyBeanPostProcessorsBeforeInitialization(AbstractAutowireCapableBeanFactory.java:426) ~[spring-beans-7.0.2.jar!/:7.0.2]
	at org.springframework.beans.factory.support.AbstractAutowireCapableBeanFactory.initializeBean(AbstractAutowireCapableBeanFactory.java:1809) ~[spring-beans-7.0.2.jar!/:7.0.2]
	at org.springframework.beans.factory.support.AbstractAutowireCapableBeanFactory.doCreateBean(AbstractAutowireCapableBeanFactory.java:603) ~[spring-beans-7.0.2.jar!/:7.0.2]
	at org.springframework.beans.factory.support.AbstractAutowireCapableBeanFactory.createBean(AbstractAutowireCapableBeanFactory.java:525) ~[spring-beans-7.0.2.jar!/:7.0.2]
	at org.springframework.beans.factory.support.AbstractBeanFactory.lambda$doGetBean$0(AbstractBeanFactory.java:333) ~[spring-beans-7.0.2.jar!/:7.0.2]
	at org.springframework.beans.factory.support.DefaultSingletonBeanRegistry.getSingleton(DefaultSingletonBeanRegistry.java:371) ~[spring-beans-7.0.2.jar!/:7.0.2]
	at org.springframework.beans.factory.support.AbstractBeanFactory.doGetBean(AbstractBeanFactory.java:331) ~[spring-beans-7.0.2.jar!/:7.0.2]
	at org.springframework.beans.factory.support.AbstractBeanFactory.getBean(AbstractBeanFactory.java:196) ~[spring-beans-7.0.2.jar!/:7.0.2]
	at org.springframework.beans.factory.support.DefaultListableBeanFactory.instantiateSingleton(DefaultListableBeanFactory.java:1218) ~[spring-beans-7.0.2.jar!/:7.0.2]
	at org.springframework.beans.factory.support.DefaultListableBeanFactory.preInstantiateSingleton(DefaultListableBeanFactory.java:1184) ~[spring-beans-7.0.2.jar!/:7.0.2]
	at org.springframework.beans.factory.support.DefaultListableBeanFactory.preInstantiateSingletons(DefaultListableBeanFactory.java:1121) ~[spring-beans-7.0.2.jar!/:7.0.2]
	at org.springframework.context.support.AbstractApplicationContext.finishBeanFactoryInitialization(AbstractApplicationContext.java:993) ~[spring-context-7.0.2.jar!/:7.0.2]
	at org.springframework.context.support.AbstractApplicationContext.refresh(AbstractApplicationContext.java:620) ~[spring-context-7.0.2.jar!/:7.0.2]
	at org.springframework.boot.web.server.servlet.context.ServletWebServerApplicationContext.refresh(ServletWebServerApplicationContext.java:143) ~[spring-boot-web-server-4.0.1.jar!/:4.0.1]
	at org.springframework.boot.SpringApplication.refresh(SpringApplication.java:756) ~[spring-boot-4.0.1.jar!/:4.0.1]
	at org.springframework.boot.SpringApplication.refreshContext(SpringApplication.java:445) ~[spring-boot-4.0.1.jar!/:4.0.1]
	at org.springframework.boot.SpringApplication.run(SpringApplication.java:321) ~[spring-boot-4.0.1.jar!/:4.0.1]
	at org.springframework.boot.SpringApplication.run(SpringApplication.java:1365) ~[spring-boot-4.0.1.jar!/:4.0.1]
	at org.springframework.boot.SpringApplication.run(SpringApplication.java:1354) ~[spring-boot-4.0.1.jar!/:4.0.1]
	at com.deepapp.vn.io.DeepappMainApplication.main(DeepappMainApplication.java:10) ~[!/:0.0.1-SNAPSHOT]
	at java.base/jdk.internal.reflect.NativeMethodAccessorImpl.invoke0(Native Method) ~[na:na]
	at java.base/jdk.internal.reflect.NativeMethodAccessorImpl.invoke(Unknown Source) ~[na:na]
	at java.base/jdk.internal.reflect.DelegatingMethodAccessorImpl.invoke(Unknown Source) ~[na:na]
	at java.base/java.lang.reflect.Method.invoke(Unknown Source) ~[na:na]
	at org.springframework.boot.loader.launch.Launcher.launch(Launcher.java:106) ~[app.jar:0.0.1-SNAPSHOT]
	at org.springframework.boot.loader.launch.Launcher.launch(Launcher.java:64) ~[app.jar:0.0.1-SNAPSHOT]
	at org.springframework.boot.loader.launch.JarLauncher.main(JarLauncher.java:40) ~[app.jar:0.0.1-SNAPSHOT]
Caused by: java.lang.RuntimeException: C++ worker initialization failed
	at com.deepapp.vn.io.infrastructure.cpp.CppWorkerManager.initialize(CppWorkerManager.java:80) ~[!/:0.0.1-SNAPSHOT]
	at java.base/jdk.internal.reflect.NativeMethodAccessorImpl.invoke0(Native Method) ~[na:na]
	at java.base/jdk.internal.reflect.NativeMethodAccessorImpl.invoke(Unknown Source) ~[na:na]
	at java.base/jdk.internal.reflect.DelegatingMethodAccessorImpl.invoke(Unknown Source) ~[na:na]
	at java.base/java.lang.reflect.Method.invoke(Unknown Source) ~[na:na]
	at org.springframework.beans.factory.annotation.InitDestroyAnnotationBeanPostProcessor$LifecycleMethod.invoke(InitDestroyAnnotationBeanPostProcessor.java:453) ~[spring-beans-7.0.2.jar!/:7.0.2]
	at org.springframework.beans.factory.annotation.InitDestroyAnnotationBeanPostProcessor$LifecycleMetadata.invokeInitMethods(InitDestroyAnnotationBeanPostProcessor.java:397) ~[spring-beans-7.0.2.jar!/:7.0.2]
	at org.springframework.beans.factory.annotation.InitDestroyAnnotationBeanPostProcessor.postProcessBeforeInitialization(InitDestroyAnnotationBeanPostProcessor.java:217) ~[spring-beans-7.0.2.jar!/:7.0.2]
	... 27 common frames omitted
Caused by: java.lang.RuntimeException: C++ worker start failed
	at com.deepapp.vn.io.infrastructure.cpp.CppWorkerManager.startCppWorker(CppWorkerManager.java:230) ~[!/:0.0.1-SNAPSHOT]
	at com.deepapp.vn.io.infrastructure.cpp.CppWorkerManager.initialize(CppWorkerManager.java:73) ~[!/:0.0.1-SNAPSHOT]
	... 34 common frames omitted
Caused by: java.lang.RuntimeException: C++ worker process terminated immediately
	at com.deepapp.vn.io.infrastructure.cpp.CppWorkerManager.startCppWorker(CppWorkerManager.java:222) ~[!/:0.0.1-SNAPSHOT]
	... 35 common frames omitted

2025-12-23T07:39:59.622Z  INFO 7 --- [deepapp_main] [main] c.deepapp.vn.io.DeepappMainApplication   : Starting DeepappMainApplication v0.0.1-SNAPSHOT using Java 17.0.17 with PID 7 (/app/app.jar started by root in /app)
2025-12-23T07:39:59.624Z DEBUG 7 --- [deepapp_main] [main] c.deepapp.vn.io.DeepappMainApplication   : Running with Spring Boot v4.0.1, Spring v7.0.2
2025-12-23T07:39:59.624Z  INFO 7 --- [deepapp_main] [main] c.deepapp.vn.io.DeepappMainApplication   : The following 1 profile is active: "docker"
2025-12-23T07:40:00.488Z  INFO 7 --- [deepapp_main] [main] o.s.boot.tomcat.TomcatWebServer          : Tomcat initialized with port 8080 (http)
2025-12-23T07:40:00.498Z  INFO 7 --- [deepapp_main] [main] o.apache.catalina.core.StandardService   : Starting service [Tomcat]
2025-12-23T07:40:00.498Z  INFO 7 --- [deepapp_main] [main] o.apache.catalina.core.StandardEngine    : Starting Servlet engine: [Apache Tomcat/11.0.15]
2025-12-23T07:40:00.522Z  INFO 7 --- [deepapp_main] [main] b.w.c.s.WebApplicationContextInitializer : Root WebApplicationContext: initialization completed in 861 ms
2025-12-23T07:40:00.655Z  INFO 7 --- [deepapp_main] [main] c.d.v.i.i.cpp.CppWorkerManager           : ========================================
2025-12-23T07:40:00.655Z  INFO 7 --- [deepapp_main] [main] c.d.v.i.i.cpp.CppWorkerManager           : C++ Worker Manager - Initialization
2025-12-23T07:40:00.655Z  INFO 7 --- [deepapp_main] [main] c.d.v.i.i.cpp.CppWorkerManager           : ========================================
2025-12-23T07:40:00.655Z  INFO 7 --- [deepapp_main] [main] c.d.v.i.i.cpp.CppWorkerManager           : Starting C++ worker process...
2025-12-23T07:40:00.655Z  INFO 7 --- [deepapp_main] [main] c.d.v.i.i.cpp.CppWorkerManager           :   gRPC Server: 72.60.111.138:50051:50051
2025-12-23T07:40:00.655Z  INFO 7 --- [deepapp_main] [main] c.d.v.i.i.cpp.CppWorkerManager           :   Client ID: cpp-worker
2025-12-23T07:40:00.660Z ERROR 7 --- [deepapp_main] [cpp-worker-error] c.d.v.i.i.cpp.CppWorkerManager           : [C++ Worker ERROR] /app/build/deepapp_worker_main: error while loading shared libraries: libgrpc++.so.1: cannot open shared object file: No such file or directory
2025-12-23T07:40:02.660Z ERROR 7 --- [deepapp_main] [main] c.d.v.i.i.cpp.CppWorkerManager           : Failed to start C++ worker

java.lang.RuntimeException: C++ worker process terminated immediately
	at com.deepapp.vn.io.infrastructure.cpp.CppWorkerManager.startCppWorker(CppWorkerManager.java:222) ~[!/:0.0.1-SNAPSHOT]
	at com.deepapp.vn.io.infrastructure.cpp.CppWorkerManager.initialize(CppWorkerManager.java:73) ~[!/:0.0.1-SNAPSHOT]
	at java.base/jdk.internal.reflect.NativeMethodAccessorImpl.invoke0(Native Method) ~[na:na]
	at java.base/jdk.internal.reflect.NativeMethodAccessorImpl.invoke(Unknown Source) ~[na:na]
	at java.base/jdk.internal.reflect.DelegatingMethodAccessorImpl.invoke(Unknown Source) ~[na:na]
	at java.base/java.lang.reflect.Method.invoke(Unknown Source) ~[na:na]
	at org.springframework.beans.factory.annotation.InitDestroyAnnotationBeanPostProcessor$LifecycleMethod.invoke(InitDestroyAnnotationBeanPostProcessor.java:453) ~[spring-beans-7.0.2.jar!/:7.0.2]
	at org.springframework.beans.factory.annotation.InitDestroyAnnotationBeanPostProcessor$LifecycleMetadata.invokeInitMethods(InitDestroyAnnotationBeanPostProcessor.java:397) ~[spring-beans-7.0.2.jar!/:7.0.2]
	at org.springframework.beans.factory.annotation.InitDestroyAnnotationBeanPostProcessor.postProcessBeforeInitialization(InitDestroyAnnotationBeanPostProcessor.java:217) ~[spring-beans-7.0.2.jar!/:7.0.2]
	at org.springframework.beans.factory.support.AbstractAutowireCapableBeanFactory.applyBeanPostProcessorsBeforeInitialization(AbstractAutowireCapableBeanFactory.java:426) ~[spring-beans-7.0.2.jar!/:7.0.2]
	at org.springframework.beans.factory.support.AbstractAutowireCapableBeanFactory.initializeBean(AbstractAutowireCapableBeanFactory.java:1809) ~[spring-beans-7.0.2.jar!/:7.0.2]
	at org.springframework.beans.factory.support.AbstractAutowireCapableBeanFactory.doCreateBean(AbstractAutowireCapableBeanFactory.java:603) ~[spring-beans-7.0.2.jar!/:7.0.2]
	at org.springframework.beans.factory.support.AbstractAutowireCapableBeanFactory.createBean(AbstractAutowireCapableBeanFactory.java:525) ~[spring-beans-7.0.2.jar!/:7.0.2]
	at org.springframework.beans.factory.support.AbstractBeanFactory.lambda$doGetBean$0(AbstractBeanFactory.java:333) ~[spring-beans-7.0.2.jar!/:7.0.2]
	at org.springframework.beans.factory.support.DefaultSingletonBeanRegistry.getSingleton(DefaultSingletonBeanRegistry.java:371) ~[spring-beans-7.0.2.jar!/:7.0.2]
	at org.springframework.beans.factory.support.AbstractBeanFactory.doGetBean(AbstractBeanFactory.java:331) ~[spring-beans-7.0.2.jar!/:7.0.2]
	at org.springframework.beans.factory.support.AbstractBeanFactory.getBean(AbstractBeanFactory.java:196) ~[spring-beans-7.0.2.jar!/:7.0.2]
	at org.springframework.beans.factory.support.DefaultListableBeanFactory.instantiateSingleton(DefaultListableBeanFactory.java:1218) ~[spring-beans-7.0.2.jar!/:7.0.2]
	at org.springframework.beans.factory.support.DefaultListableBeanFactory.preInstantiateSingleton(DefaultListableBeanFactory.java:1184) ~[spring-beans-7.0.2.jar!/:7.0.2]
	at org.springframework.beans.factory.support.DefaultListableBeanFactory.preInstantiateSingletons(DefaultListableBeanFactory.java:1121) ~[spring-beans-7.0.2.jar!/:7.0.2]
	at org.springframework.context.support.AbstractApplicationContext.finishBeanFactoryInitialization(AbstractApplicationContext.java:993) ~[spring-context-7.0.2.jar!/:7.0.2]
	at org.springframework.context.support.AbstractApplicationContext.refresh(AbstractApplicationContext.java:620) ~[spring-context-7.0.2.jar!/:7.0.2]
	at org.springframework.boot.web.server.servlet.context.ServletWebServerApplicationContext.refresh(ServletWebServerApplicationContext.java:143) ~[spring-boot-web-server-4.0.1.jar!/:4.0.1]
	at org.springframework.boot.SpringApplication.refresh(SpringApplication.java:756) ~[spring-boot-4.0.1.jar!/:4.0.1]
	at org.springframework.boot.SpringApplication.refreshContext(SpringApplication.java:445) ~[spring-boot-4.0.1.jar!/:4.0.1]
	at org.springframework.boot.SpringApplication.run(SpringApplication.java:321) ~[spring-boot-4.0.1.jar!/:4.0.1]
	at org.springframework.boot.SpringApplication.run(SpringApplication.java:1365) ~[spring-boot-4.0.1.jar!/:4.0.1]
	at org.springframework.boot.SpringApplication.run(SpringApplication.java:1354) ~[spring-boot-4.0.1.jar!/:4.0.1]
	at com.deepapp.vn.io.DeepappMainApplication.main(DeepappMainApplication.java:10) ~[!/:0.0.1-SNAPSHOT]
	at java.base/jdk.internal.reflect.NativeMethodAccessorImpl.invoke0(Native Method) ~[na:na]
	at java.base/jdk.internal.reflect.NativeMethodAccessorImpl.invoke(Unknown Source) ~[na:na]
	at java.base/jdk.internal.reflect.DelegatingMethodAccessorImpl.invoke(Unknown Source) ~[na:na]
	at java.base/java.lang.reflect.Method.invoke(Unknown Source) ~[na:na]
	at org.springframework.boot.loader.launch.Launcher.launch(Launcher.java:106) ~[app.jar:0.0.1-SNAPSHOT]
	at org.springframework.boot.loader.launch.Launcher.launch(Launcher.java:64) ~[app.jar:0.0.1-SNAPSHOT]
	at org.springframework.boot.loader.launch.JarLauncher.main(JarLauncher.java:40) ~[app.jar:0.0.1-SNAPSHOT]

2025-12-23T07:40:02.664Z ERROR 7 --- [deepapp_main] [main] c.d.v.i.i.cpp.CppWorkerManager           : Failed to initialize C++ worker manager

java.lang.RuntimeException: C++ worker start failed
	at com.deepapp.vn.io.infrastructure.cpp.CppWorkerManager.startCppWorker(CppWorkerManager.java:230) ~[!/:0.0.1-SNAPSHOT]
	at com.deepapp.vn.io.infrastructure.cpp.CppWorkerManager.initialize(CppWorkerManager.java:73) ~[!/:0.0.1-SNAPSHOT]
	at java.base/jdk.internal.reflect.NativeMethodAccessorImpl.invoke0(Native Method) ~[na:na]
	at java.base/jdk.internal.reflect.NativeMethodAccessorImpl.invoke(Unknown Source) ~[na:na]
	at java.base/jdk.internal.reflect.DelegatingMethodAccessorImpl.invoke(Unknown Source) ~[na:na]
	at java.base/java.lang.reflect.Method.invoke(Unknown Source) ~[na:na]
	at org.springframework.beans.factory.annotation.InitDestroyAnnotationBeanPostProcessor$LifecycleMethod.invoke(InitDestroyAnnotationBeanPostProcessor.java:453) ~[spring-beans-7.0.2.jar!/:7.0.2]
	at org.springframework.beans.factory.annotation.InitDestroyAnnotationBeanPostProcessor$LifecycleMetadata.invokeInitMethods(InitDestroyAnnotationBeanPostProcessor.java:397) ~[spring-beans-7.0.2.jar!/:7.0.2]
	at org.springframework.beans.factory.annotation.InitDestroyAnnotationBeanPostProcessor.postProcessBeforeInitialization(InitDestroyAnnotationBeanPostProcessor.java:217) ~[spring-beans-7.0.2.jar!/:7.0.2]
	at org.springframework.beans.factory.support.AbstractAutowireCapableBeanFactory.applyBeanPostProcessorsBeforeInitialization(AbstractAutowireCapableBeanFactory.java:426) ~[spring-beans-7.0.2.jar!/:7.0.2]
	at org.springframework.beans.factory.support.AbstractAutowireCapableBeanFactory.initializeBean(AbstractAutowireCapableBeanFactory.java:1809) ~[spring-beans-7.0.2.jar!/:7.0.2]
	at org.springframework.beans.factory.support.AbstractAutowireCapableBeanFactory.doCreateBean(AbstractAutowireCapableBeanFactory.java:603) ~[spring-beans-7.0.2.jar!/:7.0.2]
	at org.springframework.beans.factory.support.AbstractAutowireCapableBeanFactory.createBean(AbstractAutowireCapableBeanFactory.java:525) ~[spring-beans-7.0.2.jar!/:7.0.2]
	at org.springframework.beans.factory.support.AbstractBeanFactory.lambda$doGetBean$0(AbstractBeanFactory.java:333) ~[spring-beans-7.0.2.jar!/:7.0.2]
	at org.springframework.beans.factory.support.DefaultSingletonBeanRegistry.getSingleton(DefaultSingletonBeanRegistry.java:371) ~[spring-beans-7.0.2.jar!/:7.0.2]
	at org.springframework.beans.factory.support.AbstractBeanFactory.doGetBean(AbstractBeanFactory.java:331) ~[spring-beans-7.0.2.jar!/:7.0.2]
	at org.springframework.beans.factory.support.AbstractBeanFactory.getBean(AbstractBeanFactory.java:196) ~[spring-beans-7.0.2.jar!/:7.0.2]
	at org.springframework.beans.factory.support.DefaultListableBeanFactory.instantiateSingleton(DefaultListableBeanFactory.java:1218) ~[spring-beans-7.0.2.jar!/:7.0.2]
	at org.springframework.beans.factory.support.DefaultListableBeanFactory.preInstantiateSingleton(DefaultListableBeanFactory.java:1184) ~[spring-beans-7.0.2.jar!/:7.0.2]
	at org.springframework.beans.factory.support.DefaultListableBeanFactory.preInstantiateSingletons(DefaultListableBeanFactory.java:1121) ~[spring-beans-7.0.2.jar!/:7.0.2]
	at org.springframework.context.support.AbstractApplicationContext.finishBeanFactoryInitialization(AbstractApplicationContext.java:993) ~[spring-context-7.0.2.jar!/:7.0.2]
	at org.springframework.context.support.AbstractApplicationContext.refresh(AbstractApplicationContext.java:620) ~[spring-context-7.0.2.jar!/:7.0.2]
	at org.springframework.boot.web.server.servlet.context.ServletWebServerApplicationContext.refresh(ServletWebServerApplicationContext.java:143) ~[spring-boot-web-server-4.0.1.jar!/:4.0.1]
	at org.springframework.boot.SpringApplication.refresh(SpringApplication.java:756) ~[spring-boot-4.0.1.jar!/:4.0.1]
	at org.springframework.boot.SpringApplication.refreshContext(SpringApplication.java:445) ~[spring-boot-4.0.1.jar!/:4.0.1]
	at org.springframework.boot.SpringApplication.run(SpringApplication.java:321) ~[spring-boot-4.0.1.jar!/:4.0.1]
	at org.springframework.boot.SpringApplication.run(SpringApplication.java:1365) ~[spring-boot-4.0.1.jar!/:4.0.1]
	at org.springframework.boot.SpringApplication.run(SpringApplication.java:1354) ~[spring-boot-4.0.1.jar!/:4.0.1]
	at com.deepapp.vn.io.DeepappMainApplication.main(DeepappMainApplication.java:10) ~[!/:0.0.1-SNAPSHOT]
	at java.base/jdk.internal.reflect.NativeMethodAccessorImpl.invoke0(Native Method) ~[na:na]
	at java.base/jdk.internal.reflect.NativeMethodAccessorImpl.invoke(Unknown Source) ~[na:na]
	at java.base/jdk.internal.reflect.DelegatingMethodAccessorImpl.invoke(Unknown Source) ~[na:na]
	at java.base/java.lang.reflect.Method.invoke(Unknown Source) ~[na:na]
	at org.springframework.boot.loader.launch.Launcher.launch(Launcher.java:106) ~[app.jar:0.0.1-SNAPSHOT]
	at org.springframework.boot.loader.launch.Launcher.launch(Launcher.java:64) ~[app.jar:0.0.1-SNAPSHOT]
	at org.springframework.boot.loader.launch.JarLauncher.main(JarLauncher.java:40) ~[app.jar:0.0.1-SNAPSHOT]
Caused by: java.lang.RuntimeException: C++ worker process terminated immediately
	at com.deepapp.vn.io.infrastructure.cpp.CppWorkerManager.startCppWorker(CppWorkerManager.java:222) ~[!/:0.0.1-SNAPSHOT]
	... 35 common frames omitted

2025-12-23T07:40:02.666Z  WARN 7 --- [deepapp_main] [main] ConfigServletWebServerApplicationContext : Exception encountered during context initialization - cancelling refresh attempt: org.springframework.beans.factory.BeanCreationException: Error creating bean with name 'cppWorkerManager': Invocation of init method failed
2025-12-23T07:40:02.669Z  INFO 7 --- [deepapp_main] [main] o.apache.catalina.core.StandardService   : Stopping service [Tomcat]
2025-12-23T07:40:02.677Z  INFO 7 --- [deepapp_main] [main] .s.b.a.l.ConditionEvaluationReportLogger : 

Error starting ApplicationContext. To display the condition evaluation report re-run your application with 'debug' enabled.
2025-12-23T07:40:02.687Z ERROR 7 --- [deepapp_main] [main] o.s.boot.SpringApplication               : Application run failed

org.springframework.beans.factory.BeanCreationException: Error creating bean with name 'cppWorkerManager': Invocation of init method failed
	at org.springframework.beans.factory.annotation.InitDestroyAnnotationBeanPostProcessor.postProcessBeforeInitialization(InitDestroyAnnotationBeanPostProcessor.java:220) ~[spring-beans-7.0.2.jar!/:7.0.2]
	at org.springframework.beans.factory.support.AbstractAutowireCapableBeanFactory.applyBeanPostProcessorsBeforeInitialization(AbstractAutowireCapableBeanFactory.java:426) ~[spring-beans-7.0.2.jar!/:7.0.2]
	at org.springframework.beans.factory.support.AbstractAutowireCapableBeanFactory.initializeBean(AbstractAutowireCapableBeanFactory.java:1809) ~[spring-beans-7.0.2.jar!/:7.0.2]
	at org.springframework.beans.factory.support.AbstractAutowireCapableBeanFactory.doCreateBean(AbstractAutowireCapableBeanFactory.java:603) ~[spring-beans-7.0.2.jar!/:7.0.2]
	at org.springframework.beans.factory.support.AbstractAutowireCapableBeanFactory.createBean(AbstractAutowireCapableBeanFactory.java:525) ~[spring-beans-7.0.2.jar!/:7.0.2]
	at org.springframework.beans.factory.support.AbstractBeanFactory.lambda$doGetBean$0(AbstractBeanFactory.java:333) ~[spring-beans-7.0.2.jar!/:7.0.2]
	at org.springframework.beans.factory.support.DefaultSingletonBeanRegistry.getSingleton(DefaultSingletonBeanRegistry.java:371) ~[spring-beans-7.0.2.jar!/:7.0.2]
	at org.springframework.beans.factory.support.AbstractBeanFactory.doGetBean(AbstractBeanFactory.java:331) ~[spring-beans-7.0.2.jar!/:7.0.2]
	at org.springframework.beans.factory.support.AbstractBeanFactory.getBean(AbstractBeanFactory.java:196) ~[spring-beans-7.0.2.jar!/:7.0.2]
	at org.springframework.beans.factory.support.DefaultListableBeanFactory.instantiateSingleton(DefaultListableBeanFactory.java:1218) ~[spring-beans-7.0.2.jar!/:7.0.2]
	at org.springframework.beans.factory.support.DefaultListableBeanFactory.preInstantiateSingleton(DefaultListableBeanFactory.java:1184) ~[spring-beans-7.0.2.jar!/:7.0.2]
	at org.springframework.beans.factory.support.DefaultListableBeanFactory.preInstantiateSingletons(DefaultListableBeanFactory.java:1121) ~[spring-beans-7.0.2.jar!/:7.0.2]
	at org.springframework.context.support.AbstractApplicationContext.finishBeanFactoryInitialization(AbstractApplicationContext.java:993) ~[spring-context-7.0.2.jar!/:7.0.2]
	at org.springframework.context.support.AbstractApplicationContext.refresh(AbstractApplicationContext.java:620) ~[spring-context-7.0.2.jar!/:7.0.2]
	at org.springframework.boot.web.server.servlet.context.ServletWebServerApplicationContext.refresh(ServletWebServerApplicationContext.java:143) ~[spring-boot-web-server-4.0.1.jar!/:4.0.1]
	at org.springframework.boot.SpringApplication.refresh(SpringApplication.java:756) ~[spring-boot-4.0.1.jar!/:4.0.1]
	at org.springframework.boot.SpringApplication.refreshContext(SpringApplication.java:445) ~[spring-boot-4.0.1.jar!/:4.0.1]
	at org.springframework.boot.SpringApplication.run(SpringApplication.java:321) ~[spring-boot-4.0.1.jar!/:4.0.1]
	at org.springframework.boot.SpringApplication.run(SpringApplication.java:1365) ~[spring-boot-4.0.1.jar!/:4.0.1]
	at org.springframework.boot.SpringApplication.run(SpringApplication.java:1354) ~[spring-boot-4.0.1.jar!/:4.0.1]
	at com.deepapp.vn.io.DeepappMainApplication.main(DeepappMainApplication.java:10) ~[!/:0.0.1-SNAPSHOT]
	at java.base/jdk.internal.reflect.NativeMethodAccessorImpl.invoke0(Native Method) ~[na:na]
	at java.base/jdk.internal.reflect.NativeMethodAccessorImpl.invoke(Unknown Source) ~[na:na]
	at java.base/jdk.internal.reflect.DelegatingMethodAccessorImpl.invoke(Unknown Source) ~[na:na]
	at java.base/java.lang.reflect.Method.invoke(Unknown Source) ~[na:na]
	at org.springframework.boot.loader.launch.Launcher.launch(Launcher.java:106) ~[app.jar:0.0.1-SNAPSHOT]
	at org.springframework.boot.loader.launch.Launcher.launch(Launcher.java:64) ~[app.jar:0.0.1-SNAPSHOT]
	at org.springframework.boot.loader.launch.JarLauncher.main(JarLauncher.java:40) ~[app.jar:0.0.1-SNAPSHOT]
Caused by: java.lang.RuntimeException: C++ worker initialization failed
	at com.deepapp.vn.io.infrastructure.cpp.CppWorkerManager.initialize(CppWorkerManager.java:80) ~[!/:0.0.1-SNAPSHOT]
	at java.base/jdk.internal.reflect.NativeMethodAccessorImpl.invoke0(Native Method) ~[na:na]
	at java.base/jdk.internal.reflect.NativeMethodAccessorImpl.invoke(Unknown Source) ~[na:na]
	at java.base/jdk.internal.reflect.DelegatingMethodAccessorImpl.invoke(Unknown Source) ~[na:na]
	at java.base/java.lang.reflect.Method.invoke(Unknown Source) ~[na:na]
	at org.springframework.beans.factory.annotation.InitDestroyAnnotationBeanPostProcessor$LifecycleMethod.invoke(InitDestroyAnnotationBeanPostProcessor.java:453) ~[spring-beans-7.0.2.jar!/:7.0.2]
	at org.springframework.beans.factory.annotation.InitDestroyAnnotationBeanPostProcessor$LifecycleMetadata.invokeInitMethods(InitDestroyAnnotationBeanPostProcessor.java:397) ~[spring-beans-7.0.2.jar!/:7.0.2]
	at org.springframework.beans.factory.annotation.InitDestroyAnnotationBeanPostProcessor.postProcessBeforeInitialization(InitDestroyAnnotationBeanPostProcessor.java:217) ~[spring-beans-7.0.2.jar!/:7.0.2]
	... 27 common frames omitted
Caused by: java.lang.RuntimeException: C++ worker start failed
	at com.deepapp.vn.io.infrastructure.cpp.CppWorkerManager.startCppWorker(CppWorkerManager.java:230) ~[!/:0.0.1-SNAPSHOT]
	at com.deepapp.vn.io.infrastructure.cpp.CppWorkerManager.initialize(CppWorkerManager.java:73) ~[!/:0.0.1-SNAPSHOT]
	... 34 common frames omitted
Caused by: java.lang.RuntimeException: C++ worker process terminated immediately
	at com.deepapp.vn.io.infrastructure.cpp.CppWorkerManager.startCppWorker(CppWorkerManager.java:222) ~[!/:0.0.1-SNAPSHOT]
	... 35 common frames omitted

2025-12-23T07:41:04.099Z  INFO 7 --- [deepapp_main] [main] c.deepapp.vn.io.DeepappMainApplication   : Starting DeepappMainApplication v0.0.1-SNAPSHOT using Java 17.0.17 with PID 7 (/app/app.jar started by root in /app)
2025-12-23T07:41:04.101Z DEBUG 7 --- [deepapp_main] [main] c.deepapp.vn.io.DeepappMainApplication   : Running with Spring Boot v4.0.1, Spring v7.0.2
2025-12-23T07:41:04.102Z  INFO 7 --- [deepapp_main] [main] c.deepapp.vn.io.DeepappMainApplication   : The following 1 profile is active: "docker"
2025-12-23T07:41:04.946Z  INFO 7 --- [deepapp_main] [main] o.s.boot.tomcat.TomcatWebServer          : Tomcat initialized with port 8080 (http)
2025-12-23T07:41:04.955Z  INFO 7 --- [deepapp_main] [main] o.apache.catalina.core.StandardService   : Starting service [Tomcat]
2025-12-23T07:41:04.956Z  INFO 7 --- [deepapp_main] [main] o.apache.catalina.core.StandardEngine    : Starting Servlet engine: [Apache Tomcat/11.0.15]
2025-12-23T07:41:04.980Z  INFO 7 --- [deepapp_main] [main] b.w.c.s.WebApplicationContextInitializer : Root WebApplicationContext: initialization completed in 838 ms
2025-12-23T07:41:05.124Z  INFO 7 --- [deepapp_main] [main] c.d.v.i.i.cpp.CppWorkerManager           : ========================================
2025-12-23T07:41:05.125Z  INFO 7 --- [deepapp_main] [main] c.d.v.i.i.cpp.CppWorkerManager           : C++ Worker Manager - Initialization
2025-12-23T07:41:05.125Z  INFO 7 --- [deepapp_main] [main] c.d.v.i.i.cpp.CppWorkerManager           : ========================================
2025-12-23T07:41:05.125Z  INFO 7 --- [deepapp_main] [main] c.d.v.i.i.cpp.CppWorkerManager           : Starting C++ worker process...
2025-12-23T07:41:05.125Z  INFO 7 --- [deepapp_main] [main] c.d.v.i.i.cpp.CppWorkerManager           :   gRPC Server: 72.60.111.138:50051:50051
2025-12-23T07:41:05.125Z  INFO 7 --- [deepapp_main] [main] c.d.v.i.i.cpp.CppWorkerManager           :   Client ID: cpp-worker
2025-12-23T07:41:05.130Z ERROR 7 --- [deepapp_main] [cpp-worker-error] c.d.v.i.i.cpp.CppWorkerManager           : [C++ Worker ERROR] /app/build/deepapp_worker_main: error while loading shared libraries: libgrpc++.so.1: cannot open shared object file: No such file or directory
2025-12-23T07:41:07.230Z ERROR 7 --- [deepapp_main] [main] c.d.v.i.i.cpp.CppWorkerManager           : Failed to start C++ worker

java.lang.RuntimeException: C++ worker process terminated immediately
	at com.deepapp.vn.io.infrastructure.cpp.CppWorkerManager.startCppWorker(CppWorkerManager.java:222) ~[!/:0.0.1-SNAPSHOT]
	at com.deepapp.vn.io.infrastructure.cpp.CppWorkerManager.initialize(CppWorkerManager.java:73) ~[!/:0.0.1-SNAPSHOT]
	at java.base/jdk.internal.reflect.NativeMethodAccessorImpl.invoke0(Native Method) ~[na:na]
	at java.base/jdk.internal.reflect.NativeMethodAccessorImpl.invoke(Unknown Source) ~[na:na]
	at java.base/jdk.internal.reflect.DelegatingMethodAccessorImpl.invoke(Unknown Source) ~[na:na]
	at java.base/java.lang.reflect.Method.invoke(Unknown Source) ~[na:na]
	at org.springframework.beans.factory.annotation.InitDestroyAnnotationBeanPostProcessor$LifecycleMethod.invoke(InitDestroyAnnotationBeanPostProcessor.java:453) ~[spring-beans-7.0.2.jar!/:7.0.2]
	at org.springframework.beans.factory.annotation.InitDestroyAnnotationBeanPostProcessor$LifecycleMetadata.invokeInitMethods(InitDestroyAnnotationBeanPostProcessor.java:397) ~[spring-beans-7.0.2.jar!/:7.0.2]
	at org.springframework.beans.factory.annotation.InitDestroyAnnotationBeanPostProcessor.postProcessBeforeInitialization(InitDestroyAnnotationBeanPostProcessor.java:217) ~[spring-beans-7.0.2.jar!/:7.0.2]
	at org.springframework.beans.factory.support.AbstractAutowireCapableBeanFactory.applyBeanPostProcessorsBeforeInitialization(AbstractAutowireCapableBeanFactory.java:426) ~[spring-beans-7.0.2.jar!/:7.0.2]
	at org.springframework.beans.factory.support.AbstractAutowireCapableBeanFactory.initializeBean(AbstractAutowireCapableBeanFactory.java:1809) ~[spring-beans-7.0.2.jar!/:7.0.2]
	at org.springframework.beans.factory.support.AbstractAutowireCapableBeanFactory.doCreateBean(AbstractAutowireCapableBeanFactory.java:603) ~[spring-beans-7.0.2.jar!/:7.0.2]
	at org.springframework.beans.factory.support.AbstractAutowireCapableBeanFactory.createBean(AbstractAutowireCapableBeanFactory.java:525) ~[spring-beans-7.0.2.jar!/:7.0.2]
	at org.springframework.beans.factory.support.AbstractBeanFactory.lambda$doGetBean$0(AbstractBeanFactory.java:333) ~[spring-beans-7.0.2.jar!/:7.0.2]
	at org.springframework.beans.factory.support.DefaultSingletonBeanRegistry.getSingleton(DefaultSingletonBeanRegistry.java:371) ~[spring-beans-7.0.2.jar!/:7.0.2]
	at org.springframework.beans.factory.support.AbstractBeanFactory.doGetBean(AbstractBeanFactory.java:331) ~[spring-beans-7.0.2.jar!/:7.0.2]
	at org.springframework.beans.factory.support.AbstractBeanFactory.getBean(AbstractBeanFactory.java:196) ~[spring-beans-7.0.2.jar!/:7.0.2]
	at org.springframework.beans.factory.support.DefaultListableBeanFactory.instantiateSingleton(DefaultListableBeanFactory.java:1218) ~[spring-beans-7.0.2.jar!/:7.0.2]
	at org.springframework.beans.factory.support.DefaultListableBeanFactory.preInstantiateSingleton(DefaultListableBeanFactory.java:1184) ~[spring-beans-7.0.2.jar!/:7.0.2]
	at org.springframework.beans.factory.support.DefaultListableBeanFactory.preInstantiateSingletons(DefaultListableBeanFactory.java:1121) ~[spring-beans-7.0.2.jar!/:7.0.2]
	at org.springframework.context.support.AbstractApplicationContext.finishBeanFactoryInitialization(AbstractApplicationContext.java:993) ~[spring-context-7.0.2.jar!/:7.0.2]
	at org.springframework.context.support.AbstractApplicationContext.refresh(AbstractApplicationContext.java:620) ~[spring-context-7.0.2.jar!/:7.0.2]
	at org.springframework.boot.web.server.servlet.context.ServletWebServerApplicationContext.refresh(ServletWebServerApplicationContext.java:143) ~[spring-boot-web-server-4.0.1.jar!/:4.0.1]
	at org.springframework.boot.SpringApplication.refresh(SpringApplication.java:756) ~[spring-boot-4.0.1.jar!/:4.0.1]
	at org.springframework.boot.SpringApplication.refreshContext(SpringApplication.java:445) ~[spring-boot-4.0.1.jar!/:4.0.1]
	at org.springframework.boot.SpringApplication.run(SpringApplication.java:321) ~[spring-boot-4.0.1.jar!/:4.0.1]
	at org.springframework.boot.SpringApplication.run(SpringApplication.java:1365) ~[spring-boot-4.0.1.jar!/:4.0.1]
	at org.springframework.boot.SpringApplication.run(SpringApplication.java:1354) ~[spring-boot-4.0.1.jar!/:4.0.1]
	at com.deepapp.vn.io.DeepappMainApplication.main(DeepappMainApplication.java:10) ~[!/:0.0.1-SNAPSHOT]
	at java.base/jdk.internal.reflect.NativeMethodAccessorImpl.invoke0(Native Method) ~[na:na]
	at java.base/jdk.internal.reflect.NativeMethodAccessorImpl.invoke(Unknown Source) ~[na:na]
	at java.base/jdk.internal.reflect.DelegatingMethodAccessorImpl.invoke(Unknown Source) ~[na:na]
	at java.base/java.lang.reflect.Method.invoke(Unknown Source) ~[na:na]
	at org.springframework.boot.loader.launch.Launcher.launch(Launcher.java:106) ~[app.jar:0.0.1-SNAPSHOT]
	at org.springframework.boot.loader.launch.Launcher.launch(Launcher.java:64) ~[app.jar:0.0.1-SNAPSHOT]
	at org.springframework.boot.loader.launch.JarLauncher.main(JarLauncher.java:40) ~[app.jar:0.0.1-SNAPSHOT]

2025-12-23T07:41:07.235Z ERROR 7 --- [deepapp_main] [main] c.d.v.i.i.cpp.CppWorkerManager           : Failed to initialize C++ worker manager

java.lang.RuntimeException: C++ worker start failed
	at com.deepapp.vn.io.infrastructure.cpp.CppWorkerManager.startCppWorker(CppWorkerManager.java:230) ~[!/:0.0.1-SNAPSHOT]
	at com.deepapp.vn.io.infrastructure.cpp.CppWorkerManager.initialize(CppWorkerManager.java:73) ~[!/:0.0.1-SNAPSHOT]
	at java.base/jdk.internal.reflect.NativeMethodAccessorImpl.invoke0(Native Method) ~[na:na]
	at java.base/jdk.internal.reflect.NativeMethodAccessorImpl.invoke(Unknown Source) ~[na:na]
	at java.base/jdk.internal.reflect.DelegatingMethodAccessorImpl.invoke(Unknown Source) ~[na:na]
	at java.base/java.lang.reflect.Method.invoke(Unknown Source) ~[na:na]
	at org.springframework.beans.factory.annotation.InitDestroyAnnotationBeanPostProcessor$LifecycleMethod.invoke(InitDestroyAnnotationBeanPostProcessor.java:453) ~[spring-beans-7.0.2.jar!/:7.0.2]
	at org.springframework.beans.factory.annotation.InitDestroyAnnotationBeanPostProcessor$LifecycleMetadata.invokeInitMethods(InitDestroyAnnotationBeanPostProcessor.java:397) ~[spring-beans-7.0.2.jar!/:7.0.2]
	at org.springframework.beans.factory.annotation.InitDestroyAnnotationBeanPostProcessor.postProcessBeforeInitialization(InitDestroyAnnotationBeanPostProcessor.java:217) ~[spring-beans-7.0.2.jar!/:7.0.2]
	at org.springframework.beans.factory.support.AbstractAutowireCapableBeanFactory.applyBeanPostProcessorsBeforeInitialization(AbstractAutowireCapableBeanFactory.java:426) ~[spring-beans-7.0.2.jar!/:7.0.2]
	at org.springframework.beans.factory.support.AbstractAutowireCapableBeanFactory.initializeBean(AbstractAutowireCapableBeanFactory.java:1809) ~[spring-beans-7.0.2.jar!/:7.0.2]
	at org.springframework.beans.factory.support.AbstractAutowireCapableBeanFactory.doCreateBean(AbstractAutowireCapableBeanFactory.java:603) ~[spring-beans-7.0.2.jar!/:7.0.2]
	at org.springframework.beans.factory.support.AbstractAutowireCapableBeanFactory.createBean(AbstractAutowireCapableBeanFactory.java:525) ~[spring-beans-7.0.2.jar!/:7.0.2]
	at org.springframework.beans.factory.support.AbstractBeanFactory.lambda$doGetBean$0(AbstractBeanFactory.java:333) ~[spring-beans-7.0.2.jar!/:7.0.2]
	at org.springframework.beans.factory.support.DefaultSingletonBeanRegistry.getSingleton(DefaultSingletonBeanRegistry.java:371) ~[spring-beans-7.0.2.jar!/:7.0.2]
	at org.springframework.beans.factory.support.AbstractBeanFactory.doGetBean(AbstractBeanFactory.java:331) ~[spring-beans-7.0.2.jar!/:7.0.2]
	at org.springframework.beans.factory.support.AbstractBeanFactory.getBean(AbstractBeanFactory.java:196) ~[spring-beans-7.0.2.jar!/:7.0.2]
	at org.springframework.beans.factory.support.DefaultListableBeanFactory.instantiateSingleton(DefaultListableBeanFactory.java:1218) ~[spring-beans-7.0.2.jar!/:7.0.2]
	at org.springframework.beans.factory.support.DefaultListableBeanFactory.preInstantiateSingleton(DefaultListableBeanFactory.java:1184) ~[spring-beans-7.0.2.jar!/:7.0.2]
	at org.springframework.beans.factory.support.DefaultListableBeanFactory.preInstantiateSingletons(DefaultListableBeanFactory.java:1121) ~[spring-beans-7.0.2.jar!/:7.0.2]
	at org.springframework.context.support.AbstractApplicationContext.finishBeanFactoryInitialization(AbstractApplicationContext.java:993) ~[spring-context-7.0.2.jar!/:7.0.2]
	at org.springframework.context.support.AbstractApplicationContext.refresh(AbstractApplicationContext.java:620) ~[spring-context-7.0.2.jar!/:7.0.2]
	at org.springframework.boot.web.server.servlet.context.ServletWebServerApplicationContext.refresh(ServletWebServerApplicationContext.java:143) ~[spring-boot-web-server-4.0.1.jar!/:4.0.1]
	at org.springframework.boot.SpringApplication.refresh(SpringApplication.java:756) ~[spring-boot-4.0.1.jar!/:4.0.1]
	at org.springframework.boot.SpringApplication.refreshContext(SpringApplication.java:445) ~[spring-boot-4.0.1.jar!/:4.0.1]
	at org.springframework.boot.SpringApplication.run(SpringApplication.java:321) ~[spring-boot-4.0.1.jar!/:4.0.1]
	at org.springframework.boot.SpringApplication.run(SpringApplication.java:1365) ~[spring-boot-4.0.1.jar!/:4.0.1]
	at org.springframework.boot.SpringApplication.run(SpringApplication.java:1354) ~[spring-boot-4.0.1.jar!/:4.0.1]
	at com.deepapp.vn.io.DeepappMainApplication.main(DeepappMainApplication.java:10) ~[!/:0.0.1-SNAPSHOT]
	at java.base/jdk.internal.reflect.NativeMethodAccessorImpl.invoke0(Native Method) ~[na:na]
	at java.base/jdk.internal.reflect.NativeMethodAccessorImpl.invoke(Unknown Source) ~[na:na]
	at java.base/jdk.internal.reflect.DelegatingMethodAccessorImpl.invoke(Unknown Source) ~[na:na]
	at java.base/java.lang.reflect.Method.invoke(Unknown Source) ~[na:na]
	at org.springframework.boot.loader.launch.Launcher.launch(Launcher.java:106) ~[app.jar:0.0.1-SNAPSHOT]
	at org.springframework.boot.loader.launch.Launcher.launch(Launcher.java:64) ~[app.jar:0.0.1-SNAPSHOT]
	at org.springframework.boot.loader.launch.JarLauncher.main(JarLauncher.java:40) ~[app.jar:0.0.1-SNAPSHOT]
Caused by: java.lang.RuntimeException: C++ worker process terminated immediately
	at com.deepapp.vn.io.infrastructure.cpp.CppWorkerManager.startCppWorker(CppWorkerManager.java:222) ~[!/:0.0.1-SNAPSHOT]
	... 35 common frames omitted

2025-12-23T07:41:07.237Z  WARN 7 --- [deepapp_main] [main] ConfigServletWebServerApplicationContext : Exception encountered during context initialization - cancelling refresh attempt: org.springframework.beans.factory.BeanCreationException: Error creating bean with name 'cppWorkerManager': Invocation of init method failed
2025-12-23T07:41:07.239Z  INFO 7 --- [deepapp_main] [main] o.apache.catalina.core.StandardService   : Stopping service [Tomcat]
2025-12-23T07:41:07.249Z  INFO 7 --- [deepapp_main] [main] .s.b.a.l.ConditionEvaluationReportLogger : 

Error starting ApplicationContext. To display the condition evaluation report re-run your application with 'debug' enabled.
2025-12-23T07:41:07.261Z ERROR 7 --- [deepapp_main] [main] o.s.boot.SpringApplication               : Application run failed

org.springframework.beans.factory.BeanCreationException: Error creating bean with name 'cppWorkerManager': Invocation of init method failed
	at org.springframework.beans.factory.annotation.InitDestroyAnnotationBeanPostProcessor.postProcessBeforeInitialization(InitDestroyAnnotationBeanPostProcessor.java:220) ~[spring-beans-7.0.2.jar!/:7.0.2]
	at org.springframework.beans.factory.support.AbstractAutowireCapableBeanFactory.applyBeanPostProcessorsBeforeInitialization(AbstractAutowireCapableBeanFactory.java:426) ~[spring-beans-7.0.2.jar!/:7.0.2]
	at org.springframework.beans.factory.support.AbstractAutowireCapableBeanFactory.initializeBean(AbstractAutowireCapableBeanFactory.java:1809) ~[spring-beans-7.0.2.jar!/:7.0.2]
	at org.springframework.beans.factory.support.AbstractAutowireCapableBeanFactory.doCreateBean(AbstractAutowireCapableBeanFactory.java:603) ~[spring-beans-7.0.2.jar!/:7.0.2]
	at org.springframework.beans.factory.support.AbstractAutowireCapableBeanFactory.createBean(AbstractAutowireCapableBeanFactory.java:525) ~[spring-beans-7.0.2.jar!/:7.0.2]
	at org.springframework.beans.factory.support.AbstractBeanFactory.lambda$doGetBean$0(AbstractBeanFactory.java:333) ~[spring-beans-7.0.2.jar!/:7.0.2]
	at org.springframework.beans.factory.support.DefaultSingletonBeanRegistry.getSingleton(DefaultSingletonBeanRegistry.java:371) ~[spring-beans-7.0.2.jar!/:7.0.2]
	at org.springframework.beans.factory.support.AbstractBeanFactory.doGetBean(AbstractBeanFactory.java:331) ~[spring-beans-7.0.2.jar!/:7.0.2]
	at org.springframework.beans.factory.support.AbstractBeanFactory.getBean(AbstractBeanFactory.java:196) ~[spring-beans-7.0.2.jar!/:7.0.2]
	at org.springframework.beans.factory.support.DefaultListableBeanFactory.instantiateSingleton(DefaultListableBeanFactory.java:1218) ~[spring-beans-7.0.2.jar!/:7.0.2]
	at org.springframework.beans.factory.support.DefaultListableBeanFactory.preInstantiateSingleton(DefaultListableBeanFactory.java:1184) ~[spring-beans-7.0.2.jar!/:7.0.2]
	at org.springframework.beans.factory.support.DefaultListableBeanFactory.preInstantiateSingletons(DefaultListableBeanFactory.java:1121) ~[spring-beans-7.0.2.jar!/:7.0.2]
	at org.springframework.context.support.AbstractApplicationContext.finishBeanFactoryInitialization(AbstractApplicationContext.java:993) ~[spring-context-7.0.2.jar!/:7.0.2]
	at org.springframework.context.support.AbstractApplicationContext.refresh(AbstractApplicationContext.java:620) ~[spring-context-7.0.2.jar!/:7.0.2]
	at org.springframework.boot.web.server.servlet.context.ServletWebServerApplicationContext.refresh(ServletWebServerApplicationContext.java:143) ~[spring-boot-web-server-4.0.1.jar!/:4.0.1]
	at org.springframework.boot.SpringApplication.refresh(SpringApplication.java:756) ~[spring-boot-4.0.1.jar!/:4.0.1]
	at org.springframework.boot.SpringApplication.refreshContext(SpringApplication.java:445) ~[spring-boot-4.0.1.jar!/:4.0.1]
	at org.springframework.boot.SpringApplication.run(SpringApplication.java:321) ~[spring-boot-4.0.1.jar!/:4.0.1]
	at org.springframework.boot.SpringApplication.run(SpringApplication.java:1365) ~[spring-boot-4.0.1.jar!/:4.0.1]
	at org.springframework.boot.SpringApplication.run(SpringApplication.java:1354) ~[spring-boot-4.0.1.jar!/:4.0.1]
	at com.deepapp.vn.io.DeepappMainApplication.main(DeepappMainApplication.java:10) ~[!/:0.0.1-SNAPSHOT]
	at java.base/jdk.internal.reflect.NativeMethodAccessorImpl.invoke0(Native Method) ~[na:na]
	at java.base/jdk.internal.reflect.NativeMethodAccessorImpl.invoke(Unknown Source) ~[na:na]
	at java.base/jdk.internal.reflect.DelegatingMethodAccessorImpl.invoke(Unknown Source) ~[na:na]
	at java.base/java.lang.reflect.Method.invoke(Unknown Source) ~[na:na]
	at org.springframework.boot.loader.launch.Launcher.launch(Launcher.java:106) ~[app.jar:0.0.1-SNAPSHOT]
	at org.springframework.boot.loader.launch.Launcher.launch(Launcher.java:64) ~[app.jar:0.0.1-SNAPSHOT]
	at org.springframework.boot.loader.launch.JarLauncher.main(JarLauncher.java:40) ~[app.jar:0.0.1-SNAPSHOT]
Caused by: java.lang.RuntimeException: C++ worker initialization failed
	at com.deepapp.vn.io.infrastructure.cpp.CppWorkerManager.initialize(CppWorkerManager.java:80) ~[!/:0.0.1-SNAPSHOT]
	at java.base/jdk.internal.reflect.NativeMethodAccessorImpl.invoke0(Native Method) ~[na:na]
	at java.base/jdk.internal.reflect.NativeMethodAccessorImpl.invoke(Unknown Source) ~[na:na]
	at java.base/jdk.internal.reflect.DelegatingMethodAccessorImpl.invoke(Unknown Source) ~[na:na]
	at java.base/java.lang.reflect.Method.invoke(Unknown Source) ~[na:na]
	at org.springframework.beans.factory.annotation.InitDestroyAnnotationBeanPostProcessor$LifecycleMethod.invoke(InitDestroyAnnotationBeanPostProcessor.java:453) ~[spring-beans-7.0.2.jar!/:7.0.2]
	at org.springframework.beans.factory.annotation.InitDestroyAnnotationBeanPostProcessor$LifecycleMetadata.invokeInitMethods(InitDestroyAnnotationBeanPostProcessor.java:397) ~[spring-beans-7.0.2.jar!/:7.0.2]
	at org.springframework.beans.factory.annotation.InitDestroyAnnotationBeanPostProcessor.postProcessBeforeInitialization(InitDestroyAnnotationBeanPostProcessor.java:217) ~[spring-beans-7.0.2.jar!/:7.0.2]
	... 27 common frames omitted
Caused by: java.lang.RuntimeException: C++ worker start failed
	at com.deepapp.vn.io.infrastructure.cpp.CppWorkerManager.startCppWorker(CppWorkerManager.java:230) ~[!/:0.0.1-SNAPSHOT]
	at com.deepapp.vn.io.infrastructure.cpp.CppWorkerManager.initialize(CppWorkerManager.java:73) ~[!/:0.0.1-SNAPSHOT]
	... 34 common frames omitted
Caused by: java.lang.RuntimeException: C++ worker process terminated immediately
	at com.deepapp.vn.io.infrastructure.cpp.CppWorkerManager.startCppWorker(CppWorkerManager.java:222) ~[!/:0.0.1-SNAPSHOT]
	... 35 common frames omitted

2025-12-23T07:43:32.186Z  INFO 7 --- [deepapp_main] [main] c.deepapp.vn.io.DeepappMainApplication   : Starting DeepappMainApplication v0.0.1-SNAPSHOT using Java 17.0.17 with PID 7 (/app/app.jar started by root in /app)
2025-12-23T07:43:32.189Z DEBUG 7 --- [deepapp_main] [main] c.deepapp.vn.io.DeepappMainApplication   : Running with Spring Boot v4.0.1, Spring v7.0.2
2025-12-23T07:43:32.189Z  INFO 7 --- [deepapp_main] [main] c.deepapp.vn.io.DeepappMainApplication   : The following 1 profile is active: "docker"
2025-12-23T07:43:33.000Z  INFO 7 --- [deepapp_main] [main] o.s.boot.tomcat.TomcatWebServer          : Tomcat initialized with port 8080 (http)
2025-12-23T07:43:33.012Z  INFO 7 --- [deepapp_main] [main] o.apache.catalina.core.StandardService   : Starting service [Tomcat]
2025-12-23T07:43:33.012Z  INFO 7 --- [deepapp_main] [main] o.apache.catalina.core.StandardEngine    : Starting Servlet engine: [Apache Tomcat/11.0.15]
2025-12-23T07:43:33.037Z  INFO 7 --- [deepapp_main] [main] b.w.c.s.WebApplicationContextInitializer : Root WebApplicationContext: initialization completed in 812 ms
2025-12-23T07:43:33.201Z  INFO 7 --- [deepapp_main] [main] c.d.v.i.i.cpp.CppWorkerManager           : ========================================
2025-12-23T07:43:33.201Z  INFO 7 --- [deepapp_main] [main] c.d.v.i.i.cpp.CppWorkerManager           : C++ Worker Manager - Initialization
2025-12-23T07:43:33.201Z  INFO 7 --- [deepapp_main] [main] c.d.v.i.i.cpp.CppWorkerManager           : ========================================
2025-12-23T07:43:33.201Z  INFO 7 --- [deepapp_main] [main] c.d.v.i.i.cpp.CppWorkerManager           : Starting C++ worker process...
2025-12-23T07:43:33.201Z  INFO 7 --- [deepapp_main] [main] c.d.v.i.i.cpp.CppWorkerManager           :   gRPC Server: 72.60.111.138:50051:50051
2025-12-23T07:43:33.201Z  INFO 7 --- [deepapp_main] [main] c.d.v.i.i.cpp.CppWorkerManager           :   Client ID: cpp-worker
2025-12-23T07:43:33.208Z ERROR 7 --- [deepapp_main] [cpp-worker-error] c.d.v.i.i.cpp.CppWorkerManager           : [C++ Worker ERROR] /app/build/deepapp_worker_main: error while loading shared libraries: libprotobuf.so.23: cannot open shared object file: No such file or directory
2025-12-23T07:43:35.208Z ERROR 7 --- [deepapp_main] [main] c.d.v.i.i.cpp.CppWorkerManager           : Failed to start C++ worker

java.lang.RuntimeException: C++ worker process terminated immediately
	at com.deepapp.vn.io.infrastructure.cpp.CppWorkerManager.startCppWorker(CppWorkerManager.java:222) ~[!/:0.0.1-SNAPSHOT]
	at com.deepapp.vn.io.infrastructure.cpp.CppWorkerManager.initialize(CppWorkerManager.java:73) ~[!/:0.0.1-SNAPSHOT]
	at java.base/jdk.internal.reflect.NativeMethodAccessorImpl.invoke0(Native Method) ~[na:na]
	at java.base/jdk.internal.reflect.NativeMethodAccessorImpl.invoke(Unknown Source) ~[na:na]
	at java.base/jdk.internal.reflect.DelegatingMethodAccessorImpl.invoke(Unknown Source) ~[na:na]
	at java.base/java.lang.reflect.Method.invoke(Unknown Source) ~[na:na]
	at org.springframework.beans.factory.annotation.InitDestroyAnnotationBeanPostProcessor$LifecycleMethod.invoke(InitDestroyAnnotationBeanPostProcessor.java:453) ~[spring-beans-7.0.2.jar!/:7.0.2]
	at org.springframework.beans.factory.annotation.InitDestroyAnnotationBeanPostProcessor$LifecycleMetadata.invokeInitMethods(InitDestroyAnnotationBeanPostProcessor.java:397) ~[spring-beans-7.0.2.jar!/:7.0.2]
	at org.springframework.beans.factory.annotation.InitDestroyAnnotationBeanPostProcessor.postProcessBeforeInitialization(InitDestroyAnnotationBeanPostProcessor.java:217) ~[spring-beans-7.0.2.jar!/:7.0.2]
	at org.springframework.beans.factory.support.AbstractAutowireCapableBeanFactory.applyBeanPostProcessorsBeforeInitialization(AbstractAutowireCapableBeanFactory.java:426) ~[spring-beans-7.0.2.jar!/:7.0.2]
	at org.springframework.beans.factory.support.AbstractAutowireCapableBeanFactory.initializeBean(AbstractAutowireCapableBeanFactory.java:1809) ~[spring-beans-7.0.2.jar!/:7.0.2]
	at org.springframework.beans.factory.support.AbstractAutowireCapableBeanFactory.doCreateBean(AbstractAutowireCapableBeanFactory.java:603) ~[spring-beans-7.0.2.jar!/:7.0.2]
	at org.springframework.beans.factory.support.AbstractAutowireCapableBeanFactory.createBean(AbstractAutowireCapableBeanFactory.java:525) ~[spring-beans-7.0.2.jar!/:7.0.2]
	at org.springframework.beans.factory.support.AbstractBeanFactory.lambda$doGetBean$0(AbstractBeanFactory.java:333) ~[spring-beans-7.0.2.jar!/:7.0.2]
	at org.springframework.beans.factory.support.DefaultSingletonBeanRegistry.getSingleton(DefaultSingletonBeanRegistry.java:371) ~[spring-beans-7.0.2.jar!/:7.0.2]
	at org.springframework.beans.factory.support.AbstractBeanFactory.doGetBean(AbstractBeanFactory.java:331) ~[spring-beans-7.0.2.jar!/:7.0.2]
	at org.springframework.beans.factory.support.AbstractBeanFactory.getBean(AbstractBeanFactory.java:196) ~[spring-beans-7.0.2.jar!/:7.0.2]
	at org.springframework.beans.factory.support.DefaultListableBeanFactory.instantiateSingleton(DefaultListableBeanFactory.java:1218) ~[spring-beans-7.0.2.jar!/:7.0.2]
	at org.springframework.beans.factory.support.DefaultListableBeanFactory.preInstantiateSingleton(DefaultListableBeanFactory.java:1184) ~[spring-beans-7.0.2.jar!/:7.0.2]
	at org.springframework.beans.factory.support.DefaultListableBeanFactory.preInstantiateSingletons(DefaultListableBeanFactory.java:1121) ~[spring-beans-7.0.2.jar!/:7.0.2]
	at org.springframework.context.support.AbstractApplicationContext.finishBeanFactoryInitialization(AbstractApplicationContext.java:993) ~[spring-context-7.0.2.jar!/:7.0.2]
	at org.springframework.context.support.AbstractApplicationContext.refresh(AbstractApplicationContext.java:620) ~[spring-context-7.0.2.jar!/:7.0.2]
	at org.springframework.boot.web.server.servlet.context.ServletWebServerApplicationContext.refresh(ServletWebServerApplicationContext.java:143) ~[spring-boot-web-server-4.0.1.jar!/:4.0.1]
	at org.springframework.boot.SpringApplication.refresh(SpringApplication.java:756) ~[spring-boot-4.0.1.jar!/:4.0.1]
	at org.springframework.boot.SpringApplication.refreshContext(SpringApplication.java:445) ~[spring-boot-4.0.1.jar!/:4.0.1]
	at org.springframework.boot.SpringApplication.run(SpringApplication.java:321) ~[spring-boot-4.0.1.jar!/:4.0.1]
	at org.springframework.boot.SpringApplication.run(SpringApplication.java:1365) ~[spring-boot-4.0.1.jar!/:4.0.1]
	at org.springframework.boot.SpringApplication.run(SpringApplication.java:1354) ~[spring-boot-4.0.1.jar!/:4.0.1]
	at com.deepapp.vn.io.DeepappMainApplication.main(DeepappMainApplication.java:10) ~[!/:0.0.1-SNAPSHOT]
	at java.base/jdk.internal.reflect.NativeMethodAccessorImpl.invoke0(Native Method) ~[na:na]
	at java.base/jdk.internal.reflect.NativeMethodAccessorImpl.invoke(Unknown Source) ~[na:na]
	at java.base/jdk.internal.reflect.DelegatingMethodAccessorImpl.invoke(Unknown Source) ~[na:na]
	at java.base/java.lang.reflect.Method.invoke(Unknown Source) ~[na:na]
	at org.springframework.boot.loader.launch.Launcher.launch(Launcher.java:106) ~[app.jar:0.0.1-SNAPSHOT]
	at org.springframework.boot.loader.launch.Launcher.launch(Launcher.java:64) ~[app.jar:0.0.1-SNAPSHOT]
	at org.springframework.boot.loader.launch.JarLauncher.main(JarLauncher.java:40) ~[app.jar:0.0.1-SNAPSHOT]

2025-12-23T07:43:35.212Z ERROR 7 --- [deepapp_main] [main] c.d.v.i.i.cpp.CppWorkerManager           : Failed to initialize C++ worker manager

java.lang.RuntimeException: C++ worker start failed
	at com.deepapp.vn.io.infrastructure.cpp.CppWorkerManager.startCppWorker(CppWorkerManager.java:230) ~[!/:0.0.1-SNAPSHOT]
	at com.deepapp.vn.io.infrastructure.cpp.CppWorkerManager.initialize(CppWorkerManager.java:73) ~[!/:0.0.1-SNAPSHOT]
	at java.base/jdk.internal.reflect.NativeMethodAccessorImpl.invoke0(Native Method) ~[na:na]
	at java.base/jdk.internal.reflect.NativeMethodAccessorImpl.invoke(Unknown Source) ~[na:na]
	at java.base/jdk.internal.reflect.DelegatingMethodAccessorImpl.invoke(Unknown Source) ~[na:na]
	at java.base/java.lang.reflect.Method.invoke(Unknown Source) ~[na:na]
	at org.springframework.beans.factory.annotation.InitDestroyAnnotationBeanPostProcessor$LifecycleMethod.invoke(InitDestroyAnnotationBeanPostProcessor.java:453) ~[spring-beans-7.0.2.jar!/:7.0.2]
	at org.springframework.beans.factory.annotation.InitDestroyAnnotationBeanPostProcessor$LifecycleMetadata.invokeInitMethods(InitDestroyAnnotationBeanPostProcessor.java:397) ~[spring-beans-7.0.2.jar!/:7.0.2]
	at org.springframework.beans.factory.annotation.InitDestroyAnnotationBeanPostProcessor.postProcessBeforeInitialization(InitDestroyAnnotationBeanPostProcessor.java:217) ~[spring-beans-7.0.2.jar!/:7.0.2]
	at org.springframework.beans.factory.support.AbstractAutowireCapableBeanFactory.applyBeanPostProcessorsBeforeInitialization(AbstractAutowireCapableBeanFactory.java:426) ~[spring-beans-7.0.2.jar!/:7.0.2]
	at org.springframework.beans.factory.support.AbstractAutowireCapableBeanFactory.initializeBean(AbstractAutowireCapableBeanFactory.java:1809) ~[spring-beans-7.0.2.jar!/:7.0.2]
	at org.springframework.beans.factory.support.AbstractAutowireCapableBeanFactory.doCreateBean(AbstractAutowireCapableBeanFactory.java:603) ~[spring-beans-7.0.2.jar!/:7.0.2]
	at org.springframework.beans.factory.support.AbstractAutowireCapableBeanFactory.createBean(AbstractAutowireCapableBeanFactory.java:525) ~[spring-beans-7.0.2.jar!/:7.0.2]
	at org.springframework.beans.factory.support.AbstractBeanFactory.lambda$doGetBean$0(AbstractBeanFactory.java:333) ~[spring-beans-7.0.2.jar!/:7.0.2]
	at org.springframework.beans.factory.support.DefaultSingletonBeanRegistry.getSingleton(DefaultSingletonBeanRegistry.java:371) ~[spring-beans-7.0.2.jar!/:7.0.2]
	at org.springframework.beans.factory.support.AbstractBeanFactory.doGetBean(AbstractBeanFactory.java:331) ~[spring-beans-7.0.2.jar!/:7.0.2]
	at org.springframework.beans.factory.support.AbstractBeanFactory.getBean(AbstractBeanFactory.java:196) ~[spring-beans-7.0.2.jar!/:7.0.2]
	at org.springframework.beans.factory.support.DefaultListableBeanFactory.instantiateSingleton(DefaultListableBeanFactory.java:1218) ~[spring-beans-7.0.2.jar!/:7.0.2]
	at org.springframework.beans.factory.support.DefaultListableBeanFactory.preInstantiateSingleton(DefaultListableBeanFactory.java:1184) ~[spring-beans-7.0.2.jar!/:7.0.2]
	at org.springframework.beans.factory.support.DefaultListableBeanFactory.preInstantiateSingletons(DefaultListableBeanFactory.java:1121) ~[spring-beans-7.0.2.jar!/:7.0.2]
	at org.springframework.context.support.AbstractApplicationContext.finishBeanFactoryInitialization(AbstractApplicationContext.java:993) ~[spring-context-7.0.2.jar!/:7.0.2]
	at org.springframework.context.support.AbstractApplicationContext.refresh(AbstractApplicationContext.java:620) ~[spring-context-7.0.2.jar!/:7.0.2]
	at org.springframework.boot.web.server.servlet.context.ServletWebServerApplicationContext.refresh(ServletWebServerApplicationContext.java:143) ~[spring-boot-web-server-4.0.1.jar!/:4.0.1]
	at org.springframework.boot.SpringApplication.refresh(SpringApplication.java:756) ~[spring-boot-4.0.1.jar!/:4.0.1]
	at org.springframework.boot.SpringApplication.refreshContext(SpringApplication.java:445) ~[spring-boot-4.0.1.jar!/:4.0.1]
	at org.springframework.boot.SpringApplication.run(SpringApplication.java:321) ~[spring-boot-4.0.1.jar!/:4.0.1]
	at org.springframework.boot.SpringApplication.run(SpringApplication.java:1365) ~[spring-boot-4.0.1.jar!/:4.0.1]
	at org.springframework.boot.SpringApplication.run(SpringApplication.java:1354) ~[spring-boot-4.0.1.jar!/:4.0.1]
	at com.deepapp.vn.io.DeepappMainApplication.main(DeepappMainApplication.java:10) ~[!/:0.0.1-SNAPSHOT]
	at java.base/jdk.internal.reflect.NativeMethodAccessorImpl.invoke0(Native Method) ~[na:na]
	at java.base/jdk.internal.reflect.NativeMethodAccessorImpl.invoke(Unknown Source) ~[na:na]
	at java.base/jdk.internal.reflect.DelegatingMethodAccessorImpl.invoke(Unknown Source) ~[na:na]
	at java.base/java.lang.reflect.Method.invoke(Unknown Source) ~[na:na]
	at org.springframework.boot.loader.launch.Launcher.launch(Launcher.java:106) ~[app.jar:0.0.1-SNAPSHOT]
	at org.springframework.boot.loader.launch.Launcher.launch(Launcher.java:64) ~[app.jar:0.0.1-SNAPSHOT]
	at org.springframework.boot.loader.launch.JarLauncher.main(JarLauncher.java:40) ~[app.jar:0.0.1-SNAPSHOT]
Caused by: java.lang.RuntimeException: C++ worker process terminated immediately
	at com.deepapp.vn.io.infrastructure.cpp.CppWorkerManager.startCppWorker(CppWorkerManager.java:222) ~[!/:0.0.1-SNAPSHOT]
	... 35 common frames omitted

2025-12-23T07:43:35.216Z  WARN 7 --- [deepapp_main] [main] ConfigServletWebServerApplicationContext : Exception encountered during context initialization - cancelling refresh attempt: org.springframework.beans.factory.BeanCreationException: Error creating bean with name 'cppWorkerManager': Invocation of init method failed
2025-12-23T07:43:35.221Z  INFO 7 --- [deepapp_main] [main] o.apache.catalina.core.StandardService   : Stopping service [Tomcat]
2025-12-23T07:43:35.228Z  INFO 7 --- [deepapp_main] [main] .s.b.a.l.ConditionEvaluationReportLogger : 

Error starting ApplicationContext. To display the condition evaluation report re-run your application with 'debug' enabled.
2025-12-23T07:43:35.239Z ERROR 7 --- [deepapp_main] [main] o.s.boot.SpringApplication               : Application run failed

org.springframework.beans.factory.BeanCreationException: Error creating bean with name 'cppWorkerManager': Invocation of init method failed
	at org.springframework.beans.factory.annotation.InitDestroyAnnotationBeanPostProcessor.postProcessBeforeInitialization(InitDestroyAnnotationBeanPostProcessor.java:220) ~[spring-beans-7.0.2.jar!/:7.0.2]
	at org.springframework.beans.factory.support.AbstractAutowireCapableBeanFactory.applyBeanPostProcessorsBeforeInitialization(AbstractAutowireCapableBeanFactory.java:426) ~[spring-beans-7.0.2.jar!/:7.0.2]
	at org.springframework.beans.factory.support.AbstractAutowireCapableBeanFactory.initializeBean(AbstractAutowireCapableBeanFactory.java:1809) ~[spring-beans-7.0.2.jar!/:7.0.2]
	at org.springframework.beans.factory.support.AbstractAutowireCapableBeanFactory.doCreateBean(AbstractAutowireCapableBeanFactory.java:603) ~[spring-beans-7.0.2.jar!/:7.0.2]
	at org.springframework.beans.factory.support.AbstractAutowireCapableBeanFactory.createBean(AbstractAutowireCapableBeanFactory.java:525) ~[spring-beans-7.0.2.jar!/:7.0.2]
	at org.springframework.beans.factory.support.AbstractBeanFactory.lambda$doGetBean$0(AbstractBeanFactory.java:333) ~[spring-beans-7.0.2.jar!/:7.0.2]
	at org.springframework.beans.factory.support.DefaultSingletonBeanRegistry.getSingleton(DefaultSingletonBeanRegistry.java:371) ~[spring-beans-7.0.2.jar!/:7.0.2]
	at org.springframework.beans.factory.support.AbstractBeanFactory.doGetBean(AbstractBeanFactory.java:331) ~[spring-beans-7.0.2.jar!/:7.0.2]
	at org.springframework.beans.factory.support.AbstractBeanFactory.getBean(AbstractBeanFactory.java:196) ~[spring-beans-7.0.2.jar!/:7.0.2]
	at org.springframework.beans.factory.support.DefaultListableBeanFactory.instantiateSingleton(DefaultListableBeanFactory.java:1218) ~[spring-beans-7.0.2.jar!/:7.0.2]
	at org.springframework.beans.factory.support.DefaultListableBeanFactory.preInstantiateSingleton(DefaultListableBeanFactory.java:1184) ~[spring-beans-7.0.2.jar!/:7.0.2]
	at org.springframework.beans.factory.support.DefaultListableBeanFactory.preInstantiateSingletons(DefaultListableBeanFactory.java:1121) ~[spring-beans-7.0.2.jar!/:7.0.2]
	at org.springframework.context.support.AbstractApplicationContext.finishBeanFactoryInitialization(AbstractApplicationContext.java:993) ~[spring-context-7.0.2.jar!/:7.0.2]
	at org.springframework.context.support.AbstractApplicationContext.refresh(AbstractApplicationContext.java:620) ~[spring-context-7.0.2.jar!/:7.0.2]
	at org.springframework.boot.web.server.servlet.context.ServletWebServerApplicationContext.refresh(ServletWebServerApplicationContext.java:143) ~[spring-boot-web-server-4.0.1.jar!/:4.0.1]
	at org.springframework.boot.SpringApplication.refresh(SpringApplication.java:756) ~[spring-boot-4.0.1.jar!/:4.0.1]
	at org.springframework.boot.SpringApplication.refreshContext(SpringApplication.java:445) ~[spring-boot-4.0.1.jar!/:4.0.1]
	at org.springframework.boot.SpringApplication.run(SpringApplication.java:321) ~[spring-boot-4.0.1.jar!/:4.0.1]
	at org.springframework.boot.SpringApplication.run(SpringApplication.java:1365) ~[spring-boot-4.0.1.jar!/:4.0.1]
	at org.springframework.boot.SpringApplication.run(SpringApplication.java:1354) ~[spring-boot-4.0.1.jar!/:4.0.1]
	at com.deepapp.vn.io.DeepappMainApplication.main(DeepappMainApplication.java:10) ~[!/:0.0.1-SNAPSHOT]
	at java.base/jdk.internal.reflect.NativeMethodAccessorImpl.invoke0(Native Method) ~[na:na]
	at java.base/jdk.internal.reflect.NativeMethodAccessorImpl.invoke(Unknown Source) ~[na:na]
	at java.base/jdk.internal.reflect.DelegatingMethodAccessorImpl.invoke(Unknown Source) ~[na:na]
	at java.base/java.lang.reflect.Method.invoke(Unknown Source) ~[na:na]
	at org.springframework.boot.loader.launch.Launcher.launch(Launcher.java:106) ~[app.jar:0.0.1-SNAPSHOT]
	at org.springframework.boot.loader.launch.Launcher.launch(Launcher.java:64) ~[app.jar:0.0.1-SNAPSHOT]
	at org.springframework.boot.loader.launch.JarLauncher.main(JarLauncher.java:40) ~[app.jar:0.0.1-SNAPSHOT]
Caused by: java.lang.RuntimeException: C++ worker initialization failed
	at com.deepapp.vn.io.infrastructure.cpp.CppWorkerManager.initialize(CppWorkerManager.java:80) ~[!/:0.0.1-SNAPSHOT]
	at java.base/jdk.internal.reflect.NativeMethodAccessorImpl.invoke0(Native Method) ~[na:na]
	at java.base/jdk.internal.reflect.NativeMethodAccessorImpl.invoke(Unknown Source) ~[na:na]
	at java.base/jdk.internal.reflect.DelegatingMethodAccessorImpl.invoke(Unknown Source) ~[na:na]
	at java.base/java.lang.reflect.Method.invoke(Unknown Source) ~[na:na]
	at org.springframework.beans.factory.annotation.InitDestroyAnnotationBeanPostProcessor$LifecycleMethod.invoke(InitDestroyAnnotationBeanPostProcessor.java:453) ~[spring-beans-7.0.2.jar!/:7.0.2]
	at org.springframework.beans.factory.annotation.InitDestroyAnnotationBeanPostProcessor$LifecycleMetadata.invokeInitMethods(InitDestroyAnnotationBeanPostProcessor.java:397) ~[spring-beans-7.0.2.jar!/:7.0.2]
	at org.springframework.beans.factory.annotation.InitDestroyAnnotationBeanPostProcessor.postProcessBeforeInitialization(InitDestroyAnnotationBeanPostProcessor.java:217) ~[spring-beans-7.0.2.jar!/:7.0.2]
	... 27 common frames omitted
Caused by: java.lang.RuntimeException: C++ worker start failed
	at com.deepapp.vn.io.infrastructure.cpp.CppWorkerManager.startCppWorker(CppWorkerManager.java:230) ~[!/:0.0.1-SNAPSHOT]
	at com.deepapp.vn.io.infrastructure.cpp.CppWorkerManager.initialize(CppWorkerManager.java:73) ~[!/:0.0.1-SNAPSHOT]
	... 34 common frames omitted
Caused by: java.lang.RuntimeException: C++ worker process terminated immediately
	at com.deepapp.vn.io.infrastructure.cpp.CppWorkerManager.startCppWorker(CppWorkerManager.java:222) ~[!/:0.0.1-SNAPSHOT]
	... 35 common frames omitted

2025-12-23T07:43:36.688Z  INFO 6 --- [deepapp_main] [main] c.deepapp.vn.io.DeepappMainApplication   : Starting DeepappMainApplication v0.0.1-SNAPSHOT using Java 17.0.17 with PID 6 (/app/app.jar started by root in /app)
2025-12-23T07:43:36.690Z DEBUG 6 --- [deepapp_main] [main] c.deepapp.vn.io.DeepappMainApplication   : Running with Spring Boot v4.0.1, Spring v7.0.2
2025-12-23T07:43:36.691Z  INFO 6 --- [deepapp_main] [main] c.deepapp.vn.io.DeepappMainApplication   : The following 1 profile is active: "docker"
2025-12-23T07:43:37.556Z  INFO 6 --- [deepapp_main] [main] o.s.boot.tomcat.TomcatWebServer          : Tomcat initialized with port 8080 (http)
2025-12-23T07:43:37.565Z  INFO 6 --- [deepapp_main] [main] o.apache.catalina.core.StandardService   : Starting service [Tomcat]
2025-12-23T07:43:37.566Z  INFO 6 --- [deepapp_main] [main] o.apache.catalina.core.StandardEngine    : Starting Servlet engine: [Apache Tomcat/11.0.15]
2025-12-23T07:43:37.591Z  INFO 6 --- [deepapp_main] [main] b.w.c.s.WebApplicationContextInitializer : Root WebApplicationContext: initialization completed in 860 ms
2025-12-23T07:43:37.868Z  INFO 6 --- [deepapp_main] [main] c.d.v.i.i.cpp.CppWorkerManager           : ========================================
2025-12-23T07:43:37.868Z  INFO 6 --- [deepapp_main] [main] c.d.v.i.i.cpp.CppWorkerManager           : C++ Worker Manager - Initialization
2025-12-23T07:43:37.868Z  INFO 6 --- [deepapp_main] [main] c.d.v.i.i.cpp.CppWorkerManager           : ========================================
2025-12-23T07:43:37.868Z  INFO 6 --- [deepapp_main] [main] c.d.v.i.i.cpp.CppWorkerManager           : Starting C++ worker process...
2025-12-23T07:43:37.869Z  INFO 6 --- [deepapp_main] [main] c.d.v.i.i.cpp.CppWorkerManager           :   gRPC Server: 72.60.111.138:50051:50051
2025-12-23T07:43:37.869Z  INFO 6 --- [deepapp_main] [main] c.d.v.i.i.cpp.CppWorkerManager           :   Client ID: cpp-worker
2025-12-23T07:43:37.873Z ERROR 6 --- [deepapp_main] [cpp-worker-error] c.d.v.i.i.cpp.CppWorkerManager           : [C++ Worker ERROR] /app/build/deepapp_worker_main: error while loading shared libraries: libprotobuf.so.23: cannot open shared object file: No such file or directory
2025-12-23T07:43:39.875Z ERROR 6 --- [deepapp_main] [main] c.d.v.i.i.cpp.CppWorkerManager           : Failed to start C++ worker

java.lang.RuntimeException: C++ worker process terminated immediately
	at com.deepapp.vn.io.infrastructure.cpp.CppWorkerManager.startCppWorker(CppWorkerManager.java:222) ~[!/:0.0.1-SNAPSHOT]
	at com.deepapp.vn.io.infrastructure.cpp.CppWorkerManager.initialize(CppWorkerManager.java:73) ~[!/:0.0.1-SNAPSHOT]
	at java.base/jdk.internal.reflect.NativeMethodAccessorImpl.invoke0(Native Method) ~[na:na]
	at java.base/jdk.internal.reflect.NativeMethodAccessorImpl.invoke(Unknown Source) ~[na:na]
	at java.base/jdk.internal.reflect.DelegatingMethodAccessorImpl.invoke(Unknown Source) ~[na:na]
	at java.base/java.lang.reflect.Method.invoke(Unknown Source) ~[na:na]
	at org.springframework.beans.factory.annotation.InitDestroyAnnotationBeanPostProcessor$LifecycleMethod.invoke(InitDestroyAnnotationBeanPostProcessor.java:453) ~[spring-beans-7.0.2.jar!/:7.0.2]
	at org.springframework.beans.factory.annotation.InitDestroyAnnotationBeanPostProcessor$LifecycleMetadata.invokeInitMethods(InitDestroyAnnotationBeanPostProcessor.java:397) ~[spring-beans-7.0.2.jar!/:7.0.2]
	at org.springframework.beans.factory.annotation.InitDestroyAnnotationBeanPostProcessor.postProcessBeforeInitialization(InitDestroyAnnotationBeanPostProcessor.java:217) ~[spring-beans-7.0.2.jar!/:7.0.2]
	at org.springframework.beans.factory.support.AbstractAutowireCapableBeanFactory.applyBeanPostProcessorsBeforeInitialization(AbstractAutowireCapableBeanFactory.java:426) ~[spring-beans-7.0.2.jar!/:7.0.2]
	at org.springframework.beans.factory.support.AbstractAutowireCapableBeanFactory.initializeBean(AbstractAutowireCapableBeanFactory.java:1809) ~[spring-beans-7.0.2.jar!/:7.0.2]
	at org.springframework.beans.factory.support.AbstractAutowireCapableBeanFactory.doCreateBean(AbstractAutowireCapableBeanFactory.java:603) ~[spring-beans-7.0.2.jar!/:7.0.2]
	at org.springframework.beans.factory.support.AbstractAutowireCapableBeanFactory.createBean(AbstractAutowireCapableBeanFactory.java:525) ~[spring-beans-7.0.2.jar!/:7.0.2]
	at org.springframework.beans.factory.support.AbstractBeanFactory.lambda$doGetBean$0(AbstractBeanFactory.java:333) ~[spring-beans-7.0.2.jar!/:7.0.2]
	at org.springframework.beans.factory.support.DefaultSingletonBeanRegistry.getSingleton(DefaultSingletonBeanRegistry.java:371) ~[spring-beans-7.0.2.jar!/:7.0.2]
	at org.springframework.beans.factory.support.AbstractBeanFactory.doGetBean(AbstractBeanFactory.java:331) ~[spring-beans-7.0.2.jar!/:7.0.2]
	at org.springframework.beans.factory.support.AbstractBeanFactory.getBean(AbstractBeanFactory.java:196) ~[spring-beans-7.0.2.jar!/:7.0.2]
	at org.springframework.beans.factory.support.DefaultListableBeanFactory.instantiateSingleton(DefaultListableBeanFactory.java:1218) ~[spring-beans-7.0.2.jar!/:7.0.2]
	at org.springframework.beans.factory.support.DefaultListableBeanFactory.preInstantiateSingleton(DefaultListableBeanFactory.java:1184) ~[spring-beans-7.0.2.jar!/:7.0.2]
	at org.springframework.beans.factory.support.DefaultListableBeanFactory.preInstantiateSingletons(DefaultListableBeanFactory.java:1121) ~[spring-beans-7.0.2.jar!/:7.0.2]
	at org.springframework.context.support.AbstractApplicationContext.finishBeanFactoryInitialization(AbstractApplicationContext.java:993) ~[spring-context-7.0.2.jar!/:7.0.2]
	at org.springframework.context.support.AbstractApplicationContext.refresh(AbstractApplicationContext.java:620) ~[spring-context-7.0.2.jar!/:7.0.2]
	at org.springframework.boot.web.server.servlet.context.ServletWebServerApplicationContext.refresh(ServletWebServerApplicationContext.java:143) ~[spring-boot-web-server-4.0.1.jar!/:4.0.1]
	at org.springframework.boot.SpringApplication.refresh(SpringApplication.java:756) ~[spring-boot-4.0.1.jar!/:4.0.1]
	at org.springframework.boot.SpringApplication.refreshContext(SpringApplication.java:445) ~[spring-boot-4.0.1.jar!/:4.0.1]
	at org.springframework.boot.SpringApplication.run(SpringApplication.java:321) ~[spring-boot-4.0.1.jar!/:4.0.1]
	at org.springframework.boot.SpringApplication.run(SpringApplication.java:1365) ~[spring-boot-4.0.1.jar!/:4.0.1]
	at org.springframework.boot.SpringApplication.run(SpringApplication.java:1354) ~[spring-boot-4.0.1.jar!/:4.0.1]
	at com.deepapp.vn.io.DeepappMainApplication.main(DeepappMainApplication.java:10) ~[!/:0.0.1-SNAPSHOT]
	at java.base/jdk.internal.reflect.NativeMethodAccessorImpl.invoke0(Native Method) ~[na:na]
	at java.base/jdk.internal.reflect.NativeMethodAccessorImpl.invoke(Unknown Source) ~[na:na]
	at java.base/jdk.internal.reflect.DelegatingMethodAccessorImpl.invoke(Unknown Source) ~[na:na]
	at java.base/java.lang.reflect.Method.invoke(Unknown Source) ~[na:na]
	at org.springframework.boot.loader.launch.Launcher.launch(Launcher.java:106) ~[app.jar:0.0.1-SNAPSHOT]
	at org.springframework.boot.loader.launch.Launcher.launch(Launcher.java:64) ~[app.jar:0.0.1-SNAPSHOT]
	at org.springframework.boot.loader.launch.JarLauncher.main(JarLauncher.java:40) ~[app.jar:0.0.1-SNAPSHOT]

2025-12-23T07:43:39.878Z ERROR 6 --- [deepapp_main] [main] c.d.v.i.i.cpp.CppWorkerManager           : Failed to initialize C++ worker manager

java.lang.RuntimeException: C++ worker start failed
	at com.deepapp.vn.io.infrastructure.cpp.CppWorkerManager.startCppWorker(CppWorkerManager.java:230) ~[!/:0.0.1-SNAPSHOT]
	at com.deepapp.vn.io.infrastructure.cpp.CppWorkerManager.initialize(CppWorkerManager.java:73) ~[!/:0.0.1-SNAPSHOT]
	at java.base/jdk.internal.reflect.NativeMethodAccessorImpl.invoke0(Native Method) ~[na:na]
	at java.base/jdk.internal.reflect.NativeMethodAccessorImpl.invoke(Unknown Source) ~[na:na]
	at java.base/jdk.internal.reflect.DelegatingMethodAccessorImpl.invoke(Unknown Source) ~[na:na]
	at java.base/java.lang.reflect.Method.invoke(Unknown Source) ~[na:na]
	at org.springframework.beans.factory.annotation.InitDestroyAnnotationBeanPostProcessor$LifecycleMethod.invoke(InitDestroyAnnotationBeanPostProcessor.java:453) ~[spring-beans-7.0.2.jar!/:7.0.2]
	at org.springframework.beans.factory.annotation.InitDestroyAnnotationBeanPostProcessor$LifecycleMetadata.invokeInitMethods(InitDestroyAnnotationBeanPostProcessor.java:397) ~[spring-beans-7.0.2.jar!/:7.0.2]
	at org.springframework.beans.factory.annotation.InitDestroyAnnotationBeanPostProcessor.postProcessBeforeInitialization(InitDestroyAnnotationBeanPostProcessor.java:217) ~[spring-beans-7.0.2.jar!/:7.0.2]
	at org.springframework.beans.factory.support.AbstractAutowireCapableBeanFactory.applyBeanPostProcessorsBeforeInitialization(AbstractAutowireCapableBeanFactory.java:426) ~[spring-beans-7.0.2.jar!/:7.0.2]
	at org.springframework.beans.factory.support.AbstractAutowireCapableBeanFactory.initializeBean(AbstractAutowireCapableBeanFactory.java:1809) ~[spring-beans-7.0.2.jar!/:7.0.2]
	at org.springframework.beans.factory.support.AbstractAutowireCapableBeanFactory.doCreateBean(AbstractAutowireCapableBeanFactory.java:603) ~[spring-beans-7.0.2.jar!/:7.0.2]
	at org.springframework.beans.factory.support.AbstractAutowireCapableBeanFactory.createBean(AbstractAutowireCapableBeanFactory.java:525) ~[spring-beans-7.0.2.jar!/:7.0.2]
	at org.springframework.beans.factory.support.AbstractBeanFactory.lambda$doGetBean$0(AbstractBeanFactory.java:333) ~[spring-beans-7.0.2.jar!/:7.0.2]
	at org.springframework.beans.factory.support.DefaultSingletonBeanRegistry.getSingleton(DefaultSingletonBeanRegistry.java:371) ~[spring-beans-7.0.2.jar!/:7.0.2]
	at org.springframework.beans.factory.support.AbstractBeanFactory.doGetBean(AbstractBeanFactory.java:331) ~[spring-beans-7.0.2.jar!/:7.0.2]
	at org.springframework.beans.factory.support.AbstractBeanFactory.getBean(AbstractBeanFactory.java:196) ~[spring-beans-7.0.2.jar!/:7.0.2]
	at org.springframework.beans.factory.support.DefaultListableBeanFactory.instantiateSingleton(DefaultListableBeanFactory.java:1218) ~[spring-beans-7.0.2.jar!/:7.0.2]
	at org.springframework.beans.factory.support.DefaultListableBeanFactory.preInstantiateSingleton(DefaultListableBeanFactory.java:1184) ~[spring-beans-7.0.2.jar!/:7.0.2]
	at org.springframework.beans.factory.support.DefaultListableBeanFactory.preInstantiateSingletons(DefaultListableBeanFactory.java:1121) ~[spring-beans-7.0.2.jar!/:7.0.2]
	at org.springframework.context.support.AbstractApplicationContext.finishBeanFactoryInitialization(AbstractApplicationContext.java:993) ~[spring-context-7.0.2.jar!/:7.0.2]
	at org.springframework.context.support.AbstractApplicationContext.refresh(AbstractApplicationContext.java:620) ~[spring-context-7.0.2.jar!/:7.0.2]
	at org.springframework.boot.web.server.servlet.context.ServletWebServerApplicationContext.refresh(ServletWebServerApplicationContext.java:143) ~[spring-boot-web-server-4.0.1.jar!/:4.0.1]
	at org.springframework.boot.SpringApplication.refresh(SpringApplication.java:756) ~[spring-boot-4.0.1.jar!/:4.0.1]
	at org.springframework.boot.SpringApplication.refreshContext(SpringApplication.java:445) ~[spring-boot-4.0.1.jar!/:4.0.1]
	at org.springframework.boot.SpringApplication.run(SpringApplication.java:321) ~[spring-boot-4.0.1.jar!/:4.0.1]
	at org.springframework.boot.SpringApplication.run(SpringApplication.java:1365) ~[spring-boot-4.0.1.jar!/:4.0.1]
	at org.springframework.boot.SpringApplication.run(SpringApplication.java:1354) ~[spring-boot-4.0.1.jar!/:4.0.1]
	at com.deepapp.vn.io.DeepappMainApplication.main(DeepappMainApplication.java:10) ~[!/:0.0.1-SNAPSHOT]
	at java.base/jdk.internal.reflect.NativeMethodAccessorImpl.invoke0(Native Method) ~[na:na]
	at java.base/jdk.internal.reflect.NativeMethodAccessorImpl.invoke(Unknown Source) ~[na:na]
	at java.base/jdk.internal.reflect.DelegatingMethodAccessorImpl.invoke(Unknown Source) ~[na:na]
	at java.base/java.lang.reflect.Method.invoke(Unknown Source) ~[na:na]
	at org.springframework.boot.loader.launch.Launcher.launch(Launcher.java:106) ~[app.jar:0.0.1-SNAPSHOT]
	at org.springframework.boot.loader.launch.Launcher.launch(Launcher.java:64) ~[app.jar:0.0.1-SNAPSHOT]
	at org.springframework.boot.loader.launch.JarLauncher.main(JarLauncher.java:40) ~[app.jar:0.0.1-SNAPSHOT]
Caused by: java.lang.RuntimeException: C++ worker process terminated immediately
	at com.deepapp.vn.io.infrastructure.cpp.CppWorkerManager.startCppWorker(CppWorkerManager.java:222) ~[!/:0.0.1-SNAPSHOT]
	... 35 common frames omitted

2025-12-23T07:43:39.880Z  WARN 6 --- [deepapp_main] [main] ConfigServletWebServerApplicationContext : Exception encountered during context initialization - cancelling refresh attempt: org.springframework.beans.factory.BeanCreationException: Error creating bean with name 'cppWorkerManager': Invocation of init method failed
2025-12-23T07:43:39.883Z  INFO 6 --- [deepapp_main] [main] o.apache.catalina.core.StandardService   : Stopping service [Tomcat]
2025-12-23T07:43:39.893Z  INFO 6 --- [deepapp_main] [main] .s.b.a.l.ConditionEvaluationReportLogger : 

Error starting ApplicationContext. To display the condition evaluation report re-run your application with 'debug' enabled.
2025-12-23T07:43:39.903Z ERROR 6 --- [deepapp_main] [main] o.s.boot.SpringApplication               : Application run failed

org.springframework.beans.factory.BeanCreationException: Error creating bean with name 'cppWorkerManager': Invocation of init method failed
	at org.springframework.beans.factory.annotation.InitDestroyAnnotationBeanPostProcessor.postProcessBeforeInitialization(InitDestroyAnnotationBeanPostProcessor.java:220) ~[spring-beans-7.0.2.jar!/:7.0.2]
	at org.springframework.beans.factory.support.AbstractAutowireCapableBeanFactory.applyBeanPostProcessorsBeforeInitialization(AbstractAutowireCapableBeanFactory.java:426) ~[spring-beans-7.0.2.jar!/:7.0.2]
	at org.springframework.beans.factory.support.AbstractAutowireCapableBeanFactory.initializeBean(AbstractAutowireCapableBeanFactory.java:1809) ~[spring-beans-7.0.2.jar!/:7.0.2]
	at org.springframework.beans.factory.support.AbstractAutowireCapableBeanFactory.doCreateBean(AbstractAutowireCapableBeanFactory.java:603) ~[spring-beans-7.0.2.jar!/:7.0.2]
	at org.springframework.beans.factory.support.AbstractAutowireCapableBeanFactory.createBean(AbstractAutowireCapableBeanFactory.java:525) ~[spring-beans-7.0.2.jar!/:7.0.2]
	at org.springframework.beans.factory.support.AbstractBeanFactory.lambda$doGetBean$0(AbstractBeanFactory.java:333) ~[spring-beans-7.0.2.jar!/:7.0.2]
	at org.springframework.beans.factory.support.DefaultSingletonBeanRegistry.getSingleton(DefaultSingletonBeanRegistry.java:371) ~[spring-beans-7.0.2.jar!/:7.0.2]
	at org.springframework.beans.factory.support.AbstractBeanFactory.doGetBean(AbstractBeanFactory.java:331) ~[spring-beans-7.0.2.jar!/:7.0.2]
	at org.springframework.beans.factory.support.AbstractBeanFactory.getBean(AbstractBeanFactory.java:196) ~[spring-beans-7.0.2.jar!/:7.0.2]
	at org.springframework.beans.factory.support.DefaultListableBeanFactory.instantiateSingleton(DefaultListableBeanFactory.java:1218) ~[spring-beans-7.0.2.jar!/:7.0.2]
	at org.springframework.beans.factory.support.DefaultListableBeanFactory.preInstantiateSingleton(DefaultListableBeanFactory.java:1184) ~[spring-beans-7.0.2.jar!/:7.0.2]
	at org.springframework.beans.factory.support.DefaultListableBeanFactory.preInstantiateSingletons(DefaultListableBeanFactory.java:1121) ~[spring-beans-7.0.2.jar!/:7.0.2]
	at org.springframework.context.support.AbstractApplicationContext.finishBeanFactoryInitialization(AbstractApplicationContext.java:993) ~[spring-context-7.0.2.jar!/:7.0.2]
	at org.springframework.context.support.AbstractApplicationContext.refresh(AbstractApplicationContext.java:620) ~[spring-context-7.0.2.jar!/:7.0.2]
	at org.springframework.boot.web.server.servlet.context.ServletWebServerApplicationContext.refresh(ServletWebServerApplicationContext.java:143) ~[spring-boot-web-server-4.0.1.jar!/:4.0.1]
	at org.springframework.boot.SpringApplication.refresh(SpringApplication.java:756) ~[spring-boot-4.0.1.jar!/:4.0.1]
	at org.springframework.boot.SpringApplication.refreshContext(SpringApplication.java:445) ~[spring-boot-4.0.1.jar!/:4.0.1]
	at org.springframework.boot.SpringApplication.run(SpringApplication.java:321) ~[spring-boot-4.0.1.jar!/:4.0.1]
	at org.springframework.boot.SpringApplication.run(SpringApplication.java:1365) ~[spring-boot-4.0.1.jar!/:4.0.1]
	at org.springframework.boot.SpringApplication.run(SpringApplication.java:1354) ~[spring-boot-4.0.1.jar!/:4.0.1]
	at com.deepapp.vn.io.DeepappMainApplication.main(DeepappMainApplication.java:10) ~[!/:0.0.1-SNAPSHOT]
	at java.base/jdk.internal.reflect.NativeMethodAccessorImpl.invoke0(Native Method) ~[na:na]
	at java.base/jdk.internal.reflect.NativeMethodAccessorImpl.invoke(Unknown Source) ~[na:na]
	at java.base/jdk.internal.reflect.DelegatingMethodAccessorImpl.invoke(Unknown Source) ~[na:na]
	at java.base/java.lang.reflect.Method.invoke(Unknown Source) ~[na:na]
	at org.springframework.boot.loader.launch.Launcher.launch(Launcher.java:106) ~[app.jar:0.0.1-SNAPSHOT]
	at org.springframework.boot.loader.launch.Launcher.launch(Launcher.java:64) ~[app.jar:0.0.1-SNAPSHOT]
	at org.springframework.boot.loader.launch.JarLauncher.main(JarLauncher.java:40) ~[app.jar:0.0.1-SNAPSHOT]
Caused by: java.lang.RuntimeException: C++ worker initialization failed
	at com.deepapp.vn.io.infrastructure.cpp.CppWorkerManager.initialize(CppWorkerManager.java:80) ~[!/:0.0.1-SNAPSHOT]
	at java.base/jdk.internal.reflect.NativeMethodAccessorImpl.invoke0(Native Method) ~[na:na]
	at java.base/jdk.internal.reflect.NativeMethodAccessorImpl.invoke(Unknown Source) ~[na:na]
	at java.base/jdk.internal.reflect.DelegatingMethodAccessorImpl.invoke(Unknown Source) ~[na:na]
	at java.base/java.lang.reflect.Method.invoke(Unknown Source) ~[na:na]
	at org.springframework.beans.factory.annotation.InitDestroyAnnotationBeanPostProcessor$LifecycleMethod.invoke(InitDestroyAnnotationBeanPostProcessor.java:453) ~[spring-beans-7.0.2.jar!/:7.0.2]
	at org.springframework.beans.factory.annotation.InitDestroyAnnotationBeanPostProcessor$LifecycleMetadata.invokeInitMethods(InitDestroyAnnotationBeanPostProcessor.java:397) ~[spring-beans-7.0.2.jar!/:7.0.2]
	at org.springframework.beans.factory.annotation.InitDestroyAnnotationBeanPostProcessor.postProcessBeforeInitialization(InitDestroyAnnotationBeanPostProcessor.java:217) ~[spring-beans-7.0.2.jar!/:7.0.2]
	... 27 common frames omitted
Caused by: java.lang.RuntimeException: C++ worker start failed
	at com.deepapp.vn.io.infrastructure.cpp.CppWorkerManager.startCppWorker(CppWorkerManager.java:230) ~[!/:0.0.1-SNAPSHOT]
	at com.deepapp.vn.io.infrastructure.cpp.CppWorkerManager.initialize(CppWorkerManager.java:73) ~[!/:0.0.1-SNAPSHOT]
	... 34 common frames omitted
Caused by: java.lang.RuntimeException: C++ worker process terminated immediately
	at com.deepapp.vn.io.infrastructure.cpp.CppWorkerManager.startCppWorker(CppWorkerManager.java:222) ~[!/:0.0.1-SNAPSHOT]
	... 35 common frames omitted

2025-12-23T07:43:41.230Z  INFO 7 --- [deepapp_main] [main] c.deepapp.vn.io.DeepappMainApplication   : Starting DeepappMainApplication v0.0.1-SNAPSHOT using Java 17.0.17 with PID 7 (/app/app.jar started by root in /app)
2025-12-23T07:43:41.232Z DEBUG 7 --- [deepapp_main] [main] c.deepapp.vn.io.DeepappMainApplication   : Running with Spring Boot v4.0.1, Spring v7.0.2
2025-12-23T07:43:41.233Z  INFO 7 --- [deepapp_main] [main] c.deepapp.vn.io.DeepappMainApplication   : The following 1 profile is active: "docker"
2025-12-23T07:43:42.056Z  INFO 7 --- [deepapp_main] [main] o.s.boot.tomcat.TomcatWebServer          : Tomcat initialized with port 8080 (http)
2025-12-23T07:43:42.066Z  INFO 7 --- [deepapp_main] [main] o.apache.catalina.core.StandardService   : Starting service [Tomcat]
2025-12-23T07:43:42.066Z  INFO 7 --- [deepapp_main] [main] o.apache.catalina.core.StandardEngine    : Starting Servlet engine: [Apache Tomcat/11.0.15]
2025-12-23T07:43:42.088Z  INFO 7 --- [deepapp_main] [main] b.w.c.s.WebApplicationContextInitializer : Root WebApplicationContext: initialization completed in 818 ms
2025-12-23T07:43:42.254Z  INFO 7 --- [deepapp_main] [main] c.d.v.i.i.cpp.CppWorkerManager           : ========================================
2025-12-23T07:43:42.255Z  INFO 7 --- [deepapp_main] [main] c.d.v.i.i.cpp.CppWorkerManager           : C++ Worker Manager - Initialization
2025-12-23T07:43:42.255Z  INFO 7 --- [deepapp_main] [main] c.d.v.i.i.cpp.CppWorkerManager           : ========================================
2025-12-23T07:43:42.255Z  INFO 7 --- [deepapp_main] [main] c.d.v.i.i.cpp.CppWorkerManager           : Starting C++ worker process...
2025-12-23T07:43:42.255Z  INFO 7 --- [deepapp_main] [main] c.d.v.i.i.cpp.CppWorkerManager           :   gRPC Server: 72.60.111.138:50051:50051
2025-12-23T07:43:42.255Z  INFO 7 --- [deepapp_main] [main] c.d.v.i.i.cpp.CppWorkerManager           :   Client ID: cpp-worker
2025-12-23T07:43:42.260Z ERROR 7 --- [deepapp_main] [cpp-worker-error] c.d.v.i.i.cpp.CppWorkerManager           : [C++ Worker ERROR] /app/build/deepapp_worker_main: error while loading shared libraries: libprotobuf.so.23: cannot open shared object file: No such file or directory
2025-12-23T07:43:44.261Z ERROR 7 --- [deepapp_main] [main] c.d.v.i.i.cpp.CppWorkerManager           : Failed to start C++ worker

java.lang.RuntimeException: C++ worker process terminated immediately
	at com.deepapp.vn.io.infrastructure.cpp.CppWorkerManager.startCppWorker(CppWorkerManager.java:222) ~[!/:0.0.1-SNAPSHOT]
	at com.deepapp.vn.io.infrastructure.cpp.CppWorkerManager.initialize(CppWorkerManager.java:73) ~[!/:0.0.1-SNAPSHOT]
	at java.base/jdk.internal.reflect.NativeMethodAccessorImpl.invoke0(Native Method) ~[na:na]
	at java.base/jdk.internal.reflect.NativeMethodAccessorImpl.invoke(Unknown Source) ~[na:na]
	at java.base/jdk.internal.reflect.DelegatingMethodAccessorImpl.invoke(Unknown Source) ~[na:na]
	at java.base/java.lang.reflect.Method.invoke(Unknown Source) ~[na:na]
	at org.springframework.beans.factory.annotation.InitDestroyAnnotationBeanPostProcessor$LifecycleMethod.invoke(InitDestroyAnnotationBeanPostProcessor.java:453) ~[spring-beans-7.0.2.jar!/:7.0.2]
	at org.springframework.beans.factory.annotation.InitDestroyAnnotationBeanPostProcessor$LifecycleMetadata.invokeInitMethods(InitDestroyAnnotationBeanPostProcessor.java:397) ~[spring-beans-7.0.2.jar!/:7.0.2]
	at org.springframework.beans.factory.annotation.InitDestroyAnnotationBeanPostProcessor.postProcessBeforeInitialization(InitDestroyAnnotationBeanPostProcessor.java:217) ~[spring-beans-7.0.2.jar!/:7.0.2]
	at org.springframework.beans.factory.support.AbstractAutowireCapableBeanFactory.applyBeanPostProcessorsBeforeInitialization(AbstractAutowireCapableBeanFactory.java:426) ~[spring-beans-7.0.2.jar!/:7.0.2]
	at org.springframework.beans.factory.support.AbstractAutowireCapableBeanFactory.initializeBean(AbstractAutowireCapableBeanFactory.java:1809) ~[spring-beans-7.0.2.jar!/:7.0.2]
	at org.springframework.beans.factory.support.AbstractAutowireCapableBeanFactory.doCreateBean(AbstractAutowireCapableBeanFactory.java:603) ~[spring-beans-7.0.2.jar!/:7.0.2]
	at org.springframework.beans.factory.support.AbstractAutowireCapableBeanFactory.createBean(AbstractAutowireCapableBeanFactory.java:525) ~[spring-beans-7.0.2.jar!/:7.0.2]
	at org.springframework.beans.factory.support.AbstractBeanFactory.lambda$doGetBean$0(AbstractBeanFactory.java:333) ~[spring-beans-7.0.2.jar!/:7.0.2]
	at org.springframework.beans.factory.support.DefaultSingletonBeanRegistry.getSingleton(DefaultSingletonBeanRegistry.java:371) ~[spring-beans-7.0.2.jar!/:7.0.2]
	at org.springframework.beans.factory.support.AbstractBeanFactory.doGetBean(AbstractBeanFactory.java:331) ~[spring-beans-7.0.2.jar!/:7.0.2]
	at org.springframework.beans.factory.support.AbstractBeanFactory.getBean(AbstractBeanFactory.java:196) ~[spring-beans-7.0.2.jar!/:7.0.2]
	at org.springframework.beans.factory.support.DefaultListableBeanFactory.instantiateSingleton(DefaultListableBeanFactory.java:1218) ~[spring-beans-7.0.2.jar!/:7.0.2]
	at org.springframework.beans.factory.support.DefaultListableBeanFactory.preInstantiateSingleton(DefaultListableBeanFactory.java:1184) ~[spring-beans-7.0.2.jar!/:7.0.2]
	at org.springframework.beans.factory.support.DefaultListableBeanFactory.preInstantiateSingletons(DefaultListableBeanFactory.java:1121) ~[spring-beans-7.0.2.jar!/:7.0.2]
	at org.springframework.context.support.AbstractApplicationContext.finishBeanFactoryInitialization(AbstractApplicationContext.java:993) ~[spring-context-7.0.2.jar!/:7.0.2]
	at org.springframework.context.support.AbstractApplicationContext.refresh(AbstractApplicationContext.java:620) ~[spring-context-7.0.2.jar!/:7.0.2]
	at org.springframework.boot.web.server.servlet.context.ServletWebServerApplicationContext.refresh(ServletWebServerApplicationContext.java:143) ~[spring-boot-web-server-4.0.1.jar!/:4.0.1]
	at org.springframework.boot.SpringApplication.refresh(SpringApplication.java:756) ~[spring-boot-4.0.1.jar!/:4.0.1]
	at org.springframework.boot.SpringApplication.refreshContext(SpringApplication.java:445) ~[spring-boot-4.0.1.jar!/:4.0.1]
	at org.springframework.boot.SpringApplication.run(SpringApplication.java:321) ~[spring-boot-4.0.1.jar!/:4.0.1]
	at org.springframework.boot.SpringApplication.run(SpringApplication.java:1365) ~[spring-boot-4.0.1.jar!/:4.0.1]
	at org.springframework.boot.SpringApplication.run(SpringApplication.java:1354) ~[spring-boot-4.0.1.jar!/:4.0.1]
	at com.deepapp.vn.io.DeepappMainApplication.main(DeepappMainApplication.java:10) ~[!/:0.0.1-SNAPSHOT]
	at java.base/jdk.internal.reflect.NativeMethodAccessorImpl.invoke0(Native Method) ~[na:na]
	at java.base/jdk.internal.reflect.NativeMethodAccessorImpl.invoke(Unknown Source) ~[na:na]
	at java.base/jdk.internal.reflect.DelegatingMethodAccessorImpl.invoke(Unknown Source) ~[na:na]
	at java.base/java.lang.reflect.Method.invoke(Unknown Source) ~[na:na]
	at org.springframework.boot.loader.launch.Launcher.launch(Launcher.java:106) ~[app.jar:0.0.1-SNAPSHOT]
	at org.springframework.boot.loader.launch.Launcher.launch(Launcher.java:64) ~[app.jar:0.0.1-SNAPSHOT]
	at org.springframework.boot.loader.launch.JarLauncher.main(JarLauncher.java:40) ~[app.jar:0.0.1-SNAPSHOT]

2025-12-23T07:43:44.266Z ERROR 7 --- [deepapp_main] [main] c.d.v.i.i.cpp.CppWorkerManager           : Failed to initialize C++ worker manager

java.lang.RuntimeException: C++ worker start failed
	at com.deepapp.vn.io.infrastructure.cpp.CppWorkerManager.startCppWorker(CppWorkerManager.java:230) ~[!/:0.0.1-SNAPSHOT]
	at com.deepapp.vn.io.infrastructure.cpp.CppWorkerManager.initialize(CppWorkerManager.java:73) ~[!/:0.0.1-SNAPSHOT]
	at java.base/jdk.internal.reflect.NativeMethodAccessorImpl.invoke0(Native Method) ~[na:na]
	at java.base/jdk.internal.reflect.NativeMethodAccessorImpl.invoke(Unknown Source) ~[na:na]
	at java.base/jdk.internal.reflect.DelegatingMethodAccessorImpl.invoke(Unknown Source) ~[na:na]
	at java.base/java.lang.reflect.Method.invoke(Unknown Source) ~[na:na]
	at org.springframework.beans.factory.annotation.InitDestroyAnnotationBeanPostProcessor$LifecycleMethod.invoke(InitDestroyAnnotationBeanPostProcessor.java:453) ~[spring-beans-7.0.2.jar!/:7.0.2]
	at org.springframework.beans.factory.annotation.InitDestroyAnnotationBeanPostProcessor$LifecycleMetadata.invokeInitMethods(InitDestroyAnnotationBeanPostProcessor.java:397) ~[spring-beans-7.0.2.jar!/:7.0.2]
	at org.springframework.beans.factory.annotation.InitDestroyAnnotationBeanPostProcessor.postProcessBeforeInitialization(InitDestroyAnnotationBeanPostProcessor.java:217) ~[spring-beans-7.0.2.jar!/:7.0.2]
	at org.springframework.beans.factory.support.AbstractAutowireCapableBeanFactory.applyBeanPostProcessorsBeforeInitialization(AbstractAutowireCapableBeanFactory.java:426) ~[spring-beans-7.0.2.jar!/:7.0.2]
	at org.springframework.beans.factory.support.AbstractAutowireCapableBeanFactory.initializeBean(AbstractAutowireCapableBeanFactory.java:1809) ~[spring-beans-7.0.2.jar!/:7.0.2]
	at org.springframework.beans.factory.support.AbstractAutowireCapableBeanFactory.doCreateBean(AbstractAutowireCapableBeanFactory.java:603) ~[spring-beans-7.0.2.jar!/:7.0.2]
	at org.springframework.beans.factory.support.AbstractAutowireCapableBeanFactory.createBean(AbstractAutowireCapableBeanFactory.java:525) ~[spring-beans-7.0.2.jar!/:7.0.2]
	at org.springframework.beans.factory.support.AbstractBeanFactory.lambda$doGetBean$0(AbstractBeanFactory.java:333) ~[spring-beans-7.0.2.jar!/:7.0.2]
	at org.springframework.beans.factory.support.DefaultSingletonBeanRegistry.getSingleton(DefaultSingletonBeanRegistry.java:371) ~[spring-beans-7.0.2.jar!/:7.0.2]
	at org.springframework.beans.factory.support.AbstractBeanFactory.doGetBean(AbstractBeanFactory.java:331) ~[spring-beans-7.0.2.jar!/:7.0.2]
	at org.springframework.beans.factory.support.AbstractBeanFactory.getBean(AbstractBeanFactory.java:196) ~[spring-beans-7.0.2.jar!/:7.0.2]
	at org.springframework.beans.factory.support.DefaultListableBeanFactory.instantiateSingleton(DefaultListableBeanFactory.java:1218) ~[spring-beans-7.0.2.jar!/:7.0.2]
	at org.springframework.beans.factory.support.DefaultListableBeanFactory.preInstantiateSingleton(DefaultListableBeanFactory.java:1184) ~[spring-beans-7.0.2.jar!/:7.0.2]
	at org.springframework.beans.factory.support.DefaultListableBeanFactory.preInstantiateSingletons(DefaultListableBeanFactory.java:1121) ~[spring-beans-7.0.2.jar!/:7.0.2]
	at org.springframework.context.support.AbstractApplicationContext.finishBeanFactoryInitialization(AbstractApplicationContext.java:993) ~[spring-context-7.0.2.jar!/:7.0.2]
	at org.springframework.context.support.AbstractApplicationContext.refresh(AbstractApplicationContext.java:620) ~[spring-context-7.0.2.jar!/:7.0.2]
	at org.springframework.boot.web.server.servlet.context.ServletWebServerApplicationContext.refresh(ServletWebServerApplicationContext.java:143) ~[spring-boot-web-server-4.0.1.jar!/:4.0.1]
	at org.springframework.boot.SpringApplication.refresh(SpringApplication.java:756) ~[spring-boot-4.0.1.jar!/:4.0.1]
	at org.springframework.boot.SpringApplication.refreshContext(SpringApplication.java:445) ~[spring-boot-4.0.1.jar!/:4.0.1]
	at org.springframework.boot.SpringApplication.run(SpringApplication.java:321) ~[spring-boot-4.0.1.jar!/:4.0.1]
	at org.springframework.boot.SpringApplication.run(SpringApplication.java:1365) ~[spring-boot-4.0.1.jar!/:4.0.1]
	at org.springframework.boot.SpringApplication.run(SpringApplication.java:1354) ~[spring-boot-4.0.1.jar!/:4.0.1]
	at com.deepapp.vn.io.DeepappMainApplication.main(DeepappMainApplication.java:10) ~[!/:0.0.1-SNAPSHOT]
	at java.base/jdk.internal.reflect.NativeMethodAccessorImpl.invoke0(Native Method) ~[na:na]
	at java.base/jdk.internal.reflect.NativeMethodAccessorImpl.invoke(Unknown Source) ~[na:na]
	at java.base/jdk.internal.reflect.DelegatingMethodAccessorImpl.invoke(Unknown Source) ~[na:na]
	at java.base/java.lang.reflect.Method.invoke(Unknown Source) ~[na:na]
	at org.springframework.boot.loader.launch.Launcher.launch(Launcher.java:106) ~[app.jar:0.0.1-SNAPSHOT]
	at org.springframework.boot.loader.launch.Launcher.launch(Launcher.java:64) ~[app.jar:0.0.1-SNAPSHOT]
	at org.springframework.boot.loader.launch.JarLauncher.main(JarLauncher.java:40) ~[app.jar:0.0.1-SNAPSHOT]
Caused by: java.lang.RuntimeException: C++ worker process terminated immediately
	at com.deepapp.vn.io.infrastructure.cpp.CppWorkerManager.startCppWorker(CppWorkerManager.java:222) ~[!/:0.0.1-SNAPSHOT]
	... 35 common frames omitted

2025-12-23T07:43:44.268Z  WARN 7 --- [deepapp_main] [main] ConfigServletWebServerApplicationContext : Exception encountered during context initialization - cancelling refresh attempt: org.springframework.beans.factory.BeanCreationException: Error creating bean with name 'cppWorkerManager': Invocation of init method failed
2025-12-23T07:43:44.270Z  INFO 7 --- [deepapp_main] [main] o.apache.catalina.core.StandardService   : Stopping service [Tomcat]
2025-12-23T07:43:44.279Z  INFO 7 --- [deepapp_main] [main] .s.b.a.l.ConditionEvaluationReportLogger : 

Error starting ApplicationContext. To display the condition evaluation report re-run your application with 'debug' enabled.
2025-12-23T07:43:44.288Z ERROR 7 --- [deepapp_main] [main] o.s.boot.SpringApplication               : Application run failed

org.springframework.beans.factory.BeanCreationException: Error creating bean with name 'cppWorkerManager': Invocation of init method failed
	at org.springframework.beans.factory.annotation.InitDestroyAnnotationBeanPostProcessor.postProcessBeforeInitialization(InitDestroyAnnotationBeanPostProcessor.java:220) ~[spring-beans-7.0.2.jar!/:7.0.2]
	at org.springframework.beans.factory.support.AbstractAutowireCapableBeanFactory.applyBeanPostProcessorsBeforeInitialization(AbstractAutowireCapableBeanFactory.java:426) ~[spring-beans-7.0.2.jar!/:7.0.2]
	at org.springframework.beans.factory.support.AbstractAutowireCapableBeanFactory.initializeBean(AbstractAutowireCapableBeanFactory.java:1809) ~[spring-beans-7.0.2.jar!/:7.0.2]
	at org.springframework.beans.factory.support.AbstractAutowireCapableBeanFactory.doCreateBean(AbstractAutowireCapableBeanFactory.java:603) ~[spring-beans-7.0.2.jar!/:7.0.2]
	at org.springframework.beans.factory.support.AbstractAutowireCapableBeanFactory.createBean(AbstractAutowireCapableBeanFactory.java:525) ~[spring-beans-7.0.2.jar!/:7.0.2]
	at org.springframework.beans.factory.support.AbstractBeanFactory.lambda$doGetBean$0(AbstractBeanFactory.java:333) ~[spring-beans-7.0.2.jar!/:7.0.2]
	at org.springframework.beans.factory.support.DefaultSingletonBeanRegistry.getSingleton(DefaultSingletonBeanRegistry.java:371) ~[spring-beans-7.0.2.jar!/:7.0.2]
	at org.springframework.beans.factory.support.AbstractBeanFactory.doGetBean(AbstractBeanFactory.java:331) ~[spring-beans-7.0.2.jar!/:7.0.2]
	at org.springframework.beans.factory.support.AbstractBeanFactory.getBean(AbstractBeanFactory.java:196) ~[spring-beans-7.0.2.jar!/:7.0.2]
	at org.springframework.beans.factory.support.DefaultListableBeanFactory.instantiateSingleton(DefaultListableBeanFactory.java:1218) ~[spring-beans-7.0.2.jar!/:7.0.2]
	at org.springframework.beans.factory.support.DefaultListableBeanFactory.preInstantiateSingleton(DefaultListableBeanFactory.java:1184) ~[spring-beans-7.0.2.jar!/:7.0.2]
	at org.springframework.beans.factory.support.DefaultListableBeanFactory.preInstantiateSingletons(DefaultListableBeanFactory.java:1121) ~[spring-beans-7.0.2.jar!/:7.0.2]
	at org.springframework.context.support.AbstractApplicationContext.finishBeanFactoryInitialization(AbstractApplicationContext.java:993) ~[spring-context-7.0.2.jar!/:7.0.2]
	at org.springframework.context.support.AbstractApplicationContext.refresh(AbstractApplicationContext.java:620) ~[spring-context-7.0.2.jar!/:7.0.2]
	at org.springframework.boot.web.server.servlet.context.ServletWebServerApplicationContext.refresh(ServletWebServerApplicationContext.java:143) ~[spring-boot-web-server-4.0.1.jar!/:4.0.1]
	at org.springframework.boot.SpringApplication.refresh(SpringApplication.java:756) ~[spring-boot-4.0.1.jar!/:4.0.1]
	at org.springframework.boot.SpringApplication.refreshContext(SpringApplication.java:445) ~[spring-boot-4.0.1.jar!/:4.0.1]
	at org.springframework.boot.SpringApplication.run(SpringApplication.java:321) ~[spring-boot-4.0.1.jar!/:4.0.1]
	at org.springframework.boot.SpringApplication.run(SpringApplication.java:1365) ~[spring-boot-4.0.1.jar!/:4.0.1]
	at org.springframework.boot.SpringApplication.run(SpringApplication.java:1354) ~[spring-boot-4.0.1.jar!/:4.0.1]
	at com.deepapp.vn.io.DeepappMainApplication.main(DeepappMainApplication.java:10) ~[!/:0.0.1-SNAPSHOT]
	at java.base/jdk.internal.reflect.NativeMethodAccessorImpl.invoke0(Native Method) ~[na:na]
	at java.base/jdk.internal.reflect.NativeMethodAccessorImpl.invoke(Unknown Source) ~[na:na]
	at java.base/jdk.internal.reflect.DelegatingMethodAccessorImpl.invoke(Unknown Source) ~[na:na]
	at java.base/java.lang.reflect.Method.invoke(Unknown Source) ~[na:na]
	at org.springframework.boot.loader.launch.Launcher.launch(Launcher.java:106) ~[app.jar:0.0.1-SNAPSHOT]
	at org.springframework.boot.loader.launch.Launcher.launch(Launcher.java:64) ~[app.jar:0.0.1-SNAPSHOT]
	at org.springframework.boot.loader.launch.JarLauncher.main(JarLauncher.java:40) ~[app.jar:0.0.1-SNAPSHOT]
Caused by: java.lang.RuntimeException: C++ worker initialization failed
	at com.deepapp.vn.io.infrastructure.cpp.CppWorkerManager.initialize(CppWorkerManager.java:80) ~[!/:0.0.1-SNAPSHOT]
	at java.base/jdk.internal.reflect.NativeMethodAccessorImpl.invoke0(Native Method) ~[na:na]
	at java.base/jdk.internal.reflect.NativeMethodAccessorImpl.invoke(Unknown Source) ~[na:na]
	at java.base/jdk.internal.reflect.DelegatingMethodAccessorImpl.invoke(Unknown Source) ~[na:na]
	at java.base/java.lang.reflect.Method.invoke(Unknown Source) ~[na:na]
	at org.springframework.beans.factory.annotation.InitDestroyAnnotationBeanPostProcessor$LifecycleMethod.invoke(InitDestroyAnnotationBeanPostProcessor.java:453) ~[spring-beans-7.0.2.jar!/:7.0.2]
	at org.springframework.beans.factory.annotation.InitDestroyAnnotationBeanPostProcessor$LifecycleMetadata.invokeInitMethods(InitDestroyAnnotationBeanPostProcessor.java:397) ~[spring-beans-7.0.2.jar!/:7.0.2]
	at org.springframework.beans.factory.annotation.InitDestroyAnnotationBeanPostProcessor.postProcessBeforeInitialization(InitDestroyAnnotationBeanPostProcessor.java:217) ~[spring-beans-7.0.2.jar!/:7.0.2]
	... 27 common frames omitted
Caused by: java.lang.RuntimeException: C++ worker start failed
	at com.deepapp.vn.io.infrastructure.cpp.CppWorkerManager.startCppWorker(CppWorkerManager.java:230) ~[!/:0.0.1-SNAPSHOT]
	at com.deepapp.vn.io.infrastructure.cpp.CppWorkerManager.initialize(CppWorkerManager.java:73) ~[!/:0.0.1-SNAPSHOT]
	... 34 common frames omitted
Caused by: java.lang.RuntimeException: C++ worker process terminated immediately
	at com.deepapp.vn.io.infrastructure.cpp.CppWorkerManager.startCppWorker(CppWorkerManager.java:222) ~[!/:0.0.1-SNAPSHOT]
	... 35 common frames omitted

2025-12-23T07:43:45.886Z  INFO 7 --- [deepapp_main] [main] c.deepapp.vn.io.DeepappMainApplication   : Starting DeepappMainApplication v0.0.1-SNAPSHOT using Java 17.0.17 with PID 7 (/app/app.jar started by root in /app)
2025-12-23T07:43:45.888Z DEBUG 7 --- [deepapp_main] [main] c.deepapp.vn.io.DeepappMainApplication   : Running with Spring Boot v4.0.1, Spring v7.0.2
2025-12-23T07:43:45.889Z  INFO 7 --- [deepapp_main] [main] c.deepapp.vn.io.DeepappMainApplication   : The following 1 profile is active: "docker"
2025-12-23T07:43:46.895Z  INFO 7 --- [deepapp_main] [main] o.s.boot.tomcat.TomcatWebServer          : Tomcat initialized with port 8080 (http)
2025-12-23T07:43:46.912Z  INFO 7 --- [deepapp_main] [main] o.apache.catalina.core.StandardService   : Starting service [Tomcat]
2025-12-23T07:43:46.913Z  INFO 7 --- [deepapp_main] [main] o.apache.catalina.core.StandardEngine    : Starting Servlet engine: [Apache Tomcat/11.0.15]
2025-12-23T07:43:46.947Z  INFO 7 --- [deepapp_main] [main] b.w.c.s.WebApplicationContextInitializer : Root WebApplicationContext: initialization completed in 1021 ms
2025-12-23T07:43:47.158Z  INFO 7 --- [deepapp_main] [main] c.d.v.i.i.cpp.CppWorkerManager           : ========================================
2025-12-23T07:43:47.159Z  INFO 7 --- [deepapp_main] [main] c.d.v.i.i.cpp.CppWorkerManager           : C++ Worker Manager - Initialization
2025-12-23T07:43:47.159Z  INFO 7 --- [deepapp_main] [main] c.d.v.i.i.cpp.CppWorkerManager           : ========================================
2025-12-23T07:43:47.159Z  INFO 7 --- [deepapp_main] [main] c.d.v.i.i.cpp.CppWorkerManager           : Starting C++ worker process...
2025-12-23T07:43:47.159Z  INFO 7 --- [deepapp_main] [main] c.d.v.i.i.cpp.CppWorkerManager           :   gRPC Server: 72.60.111.138:50051:50051
2025-12-23T07:43:47.159Z  INFO 7 --- [deepapp_main] [main] c.d.v.i.i.cpp.CppWorkerManager           :   Client ID: cpp-worker
2025-12-23T07:43:47.166Z ERROR 7 --- [deepapp_main] [cpp-worker-error] c.d.v.i.i.cpp.CppWorkerManager           : [C++ Worker ERROR] /app/build/deepapp_worker_main: error while loading shared libraries: libprotobuf.so.23: cannot open shared object file: No such file or directory
2025-12-23T07:43:49.166Z ERROR 7 --- [deepapp_main] [main] c.d.v.i.i.cpp.CppWorkerManager           : Failed to start C++ worker

java.lang.RuntimeException: C++ worker process terminated immediately
	at com.deepapp.vn.io.infrastructure.cpp.CppWorkerManager.startCppWorker(CppWorkerManager.java:222) ~[!/:0.0.1-SNAPSHOT]
	at com.deepapp.vn.io.infrastructure.cpp.CppWorkerManager.initialize(CppWorkerManager.java:73) ~[!/:0.0.1-SNAPSHOT]
	at java.base/jdk.internal.reflect.NativeMethodAccessorImpl.invoke0(Native Method) ~[na:na]
	at java.base/jdk.internal.reflect.NativeMethodAccessorImpl.invoke(Unknown Source) ~[na:na]
	at java.base/jdk.internal.reflect.DelegatingMethodAccessorImpl.invoke(Unknown Source) ~[na:na]
	at java.base/java.lang.reflect.Method.invoke(Unknown Source) ~[na:na]
	at org.springframework.beans.factory.annotation.InitDestroyAnnotationBeanPostProcessor$LifecycleMethod.invoke(InitDestroyAnnotationBeanPostProcessor.java:453) ~[spring-beans-7.0.2.jar!/:7.0.2]
	at org.springframework.beans.factory.annotation.InitDestroyAnnotationBeanPostProcessor$LifecycleMetadata.invokeInitMethods(InitDestroyAnnotationBeanPostProcessor.java:397) ~[spring-beans-7.0.2.jar!/:7.0.2]
	at org.springframework.beans.factory.annotation.InitDestroyAnnotationBeanPostProcessor.postProcessBeforeInitialization(InitDestroyAnnotationBeanPostProcessor.java:217) ~[spring-beans-7.0.2.jar!/:7.0.2]
	at org.springframework.beans.factory.support.AbstractAutowireCapableBeanFactory.applyBeanPostProcessorsBeforeInitialization(AbstractAutowireCapableBeanFactory.java:426) ~[spring-beans-7.0.2.jar!/:7.0.2]
	at org.springframework.beans.factory.support.AbstractAutowireCapableBeanFactory.initializeBean(AbstractAutowireCapableBeanFactory.java:1809) ~[spring-beans-7.0.2.jar!/:7.0.2]
	at org.springframework.beans.factory.support.AbstractAutowireCapableBeanFactory.doCreateBean(AbstractAutowireCapableBeanFactory.java:603) ~[spring-beans-7.0.2.jar!/:7.0.2]
	at org.springframework.beans.factory.support.AbstractAutowireCapableBeanFactory.createBean(AbstractAutowireCapableBeanFactory.java:525) ~[spring-beans-7.0.2.jar!/:7.0.2]
	at org.springframework.beans.factory.support.AbstractBeanFactory.lambda$doGetBean$0(AbstractBeanFactory.java:333) ~[spring-beans-7.0.2.jar!/:7.0.2]
	at org.springframework.beans.factory.support.DefaultSingletonBeanRegistry.getSingleton(DefaultSingletonBeanRegistry.java:371) ~[spring-beans-7.0.2.jar!/:7.0.2]
	at org.springframework.beans.factory.support.AbstractBeanFactory.doGetBean(AbstractBeanFactory.java:331) ~[spring-beans-7.0.2.jar!/:7.0.2]
	at org.springframework.beans.factory.support.AbstractBeanFactory.getBean(AbstractBeanFactory.java:196) ~[spring-beans-7.0.2.jar!/:7.0.2]
	at org.springframework.beans.factory.support.DefaultListableBeanFactory.instantiateSingleton(DefaultListableBeanFactory.java:1218) ~[spring-beans-7.0.2.jar!/:7.0.2]
	at org.springframework.beans.factory.support.DefaultListableBeanFactory.preInstantiateSingleton(DefaultListableBeanFactory.java:1184) ~[spring-beans-7.0.2.jar!/:7.0.2]
	at org.springframework.beans.factory.support.DefaultListableBeanFactory.preInstantiateSingletons(DefaultListableBeanFactory.java:1121) ~[spring-beans-7.0.2.jar!/:7.0.2]
	at org.springframework.context.support.AbstractApplicationContext.finishBeanFactoryInitialization(AbstractApplicationContext.java:993) ~[spring-context-7.0.2.jar!/:7.0.2]
	at org.springframework.context.support.AbstractApplicationContext.refresh(AbstractApplicationContext.java:620) ~[spring-context-7.0.2.jar!/:7.0.2]
	at org.springframework.boot.web.server.servlet.context.ServletWebServerApplicationContext.refresh(ServletWebServerApplicationContext.java:143) ~[spring-boot-web-server-4.0.1.jar!/:4.0.1]
	at org.springframework.boot.SpringApplication.refresh(SpringApplication.java:756) ~[spring-boot-4.0.1.jar!/:4.0.1]
	at org.springframework.boot.SpringApplication.refreshContext(SpringApplication.java:445) ~[spring-boot-4.0.1.jar!/:4.0.1]
	at org.springframework.boot.SpringApplication.run(SpringApplication.java:321) ~[spring-boot-4.0.1.jar!/:4.0.1]
	at org.springframework.boot.SpringApplication.run(SpringApplication.java:1365) ~[spring-boot-4.0.1.jar!/:4.0.1]
	at org.springframework.boot.SpringApplication.run(SpringApplication.java:1354) ~[spring-boot-4.0.1.jar!/:4.0.1]
	at com.deepapp.vn.io.DeepappMainApplication.main(DeepappMainApplication.java:10) ~[!/:0.0.1-SNAPSHOT]
	at java.base/jdk.internal.reflect.NativeMethodAccessorImpl.invoke0(Native Method) ~[na:na]
	at java.base/jdk.internal.reflect.NativeMethodAccessorImpl.invoke(Unknown Source) ~[na:na]
	at java.base/jdk.internal.reflect.DelegatingMethodAccessorImpl.invoke(Unknown Source) ~[na:na]
	at java.base/java.lang.reflect.Method.invoke(Unknown Source) ~[na:na]
	at org.springframework.boot.loader.launch.Launcher.launch(Launcher.java:106) ~[app.jar:0.0.1-SNAPSHOT]
	at org.springframework.boot.loader.launch.Launcher.launch(Launcher.java:64) ~[app.jar:0.0.1-SNAPSHOT]
	at org.springframework.boot.loader.launch.JarLauncher.main(JarLauncher.java:40) ~[app.jar:0.0.1-SNAPSHOT]

2025-12-23T07:43:49.169Z ERROR 7 --- [deepapp_main] [main] c.d.v.i.i.cpp.CppWorkerManager           : Failed to initialize C++ worker manager

java.lang.RuntimeException: C++ worker start failed
	at com.deepapp.vn.io.infrastructure.cpp.CppWorkerManager.startCppWorker(CppWorkerManager.java:230) ~[!/:0.0.1-SNAPSHOT]
	at com.deepapp.vn.io.infrastructure.cpp.CppWorkerManager.initialize(CppWorkerManager.java:73) ~[!/:0.0.1-SNAPSHOT]
	at java.base/jdk.internal.reflect.NativeMethodAccessorImpl.invoke0(Native Method) ~[na:na]
	at java.base/jdk.internal.reflect.NativeMethodAccessorImpl.invoke(Unknown Source) ~[na:na]
	at java.base/jdk.internal.reflect.DelegatingMethodAccessorImpl.invoke(Unknown Source) ~[na:na]
	at java.base/java.lang.reflect.Method.invoke(Unknown Source) ~[na:na]
	at org.springframework.beans.factory.annotation.InitDestroyAnnotationBeanPostProcessor$LifecycleMethod.invoke(InitDestroyAnnotationBeanPostProcessor.java:453) ~[spring-beans-7.0.2.jar!/:7.0.2]
	at org.springframework.beans.factory.annotation.InitDestroyAnnotationBeanPostProcessor$LifecycleMetadata.invokeInitMethods(InitDestroyAnnotationBeanPostProcessor.java:397) ~[spring-beans-7.0.2.jar!/:7.0.2]
	at org.springframework.beans.factory.annotation.InitDestroyAnnotationBeanPostProcessor.postProcessBeforeInitialization(InitDestroyAnnotationBeanPostProcessor.java:217) ~[spring-beans-7.0.2.jar!/:7.0.2]
	at org.springframework.beans.factory.support.AbstractAutowireCapableBeanFactory.applyBeanPostProcessorsBeforeInitialization(AbstractAutowireCapableBeanFactory.java:426) ~[spring-beans-7.0.2.jar!/:7.0.2]
	at org.springframework.beans.factory.support.AbstractAutowireCapableBeanFactory.initializeBean(AbstractAutowireCapableBeanFactory.java:1809) ~[spring-beans-7.0.2.jar!/:7.0.2]
	at org.springframework.beans.factory.support.AbstractAutowireCapableBeanFactory.doCreateBean(AbstractAutowireCapableBeanFactory.java:603) ~[spring-beans-7.0.2.jar!/:7.0.2]
	at org.springframework.beans.factory.support.AbstractAutowireCapableBeanFactory.createBean(AbstractAutowireCapableBeanFactory.java:525) ~[spring-beans-7.0.2.jar!/:7.0.2]
	at org.springframework.beans.factory.support.AbstractBeanFactory.lambda$doGetBean$0(AbstractBeanFactory.java:333) ~[spring-beans-7.0.2.jar!/:7.0.2]
	at org.springframework.beans.factory.support.DefaultSingletonBeanRegistry.getSingleton(DefaultSingletonBeanRegistry.java:371) ~[spring-beans-7.0.2.jar!/:7.0.2]
	at org.springframework.beans.factory.support.AbstractBeanFactory.doGetBean(AbstractBeanFactory.java:331) ~[spring-beans-7.0.2.jar!/:7.0.2]
	at org.springframework.beans.factory.support.AbstractBeanFactory.getBean(AbstractBeanFactory.java:196) ~[spring-beans-7.0.2.jar!/:7.0.2]
	at org.springframework.beans.factory.support.DefaultListableBeanFactory.instantiateSingleton(DefaultListableBeanFactory.java:1218) ~[spring-beans-7.0.2.jar!/:7.0.2]
	at org.springframework.beans.factory.support.DefaultListableBeanFactory.preInstantiateSingleton(DefaultListableBeanFactory.java:1184) ~[spring-beans-7.0.2.jar!/:7.0.2]
	at org.springframework.beans.factory.support.DefaultListableBeanFactory.preInstantiateSingletons(DefaultListableBeanFactory.java:1121) ~[spring-beans-7.0.2.jar!/:7.0.2]
	at org.springframework.context.support.AbstractApplicationContext.finishBeanFactoryInitialization(AbstractApplicationContext.java:993) ~[spring-context-7.0.2.jar!/:7.0.2]
	at org.springframework.context.support.AbstractApplicationContext.refresh(AbstractApplicationContext.java:620) ~[spring-context-7.0.2.jar!/:7.0.2]
	at org.springframework.boot.web.server.servlet.context.ServletWebServerApplicationContext.refresh(ServletWebServerApplicationContext.java:143) ~[spring-boot-web-server-4.0.1.jar!/:4.0.1]
	at org.springframework.boot.SpringApplication.refresh(SpringApplication.java:756) ~[spring-boot-4.0.1.jar!/:4.0.1]
	at org.springframework.boot.SpringApplication.refreshContext(SpringApplication.java:445) ~[spring-boot-4.0.1.jar!/:4.0.1]
	at org.springframework.boot.SpringApplication.run(SpringApplication.java:321) ~[spring-boot-4.0.1.jar!/:4.0.1]
	at org.springframework.boot.SpringApplication.run(SpringApplication.java:1365) ~[spring-boot-4.0.1.jar!/:4.0.1]
	at org.springframework.boot.SpringApplication.run(SpringApplication.java:1354) ~[spring-boot-4.0.1.jar!/:4.0.1]
	at com.deepapp.vn.io.DeepappMainApplication.main(DeepappMainApplication.java:10) ~[!/:0.0.1-SNAPSHOT]
	at java.base/jdk.internal.reflect.NativeMethodAccessorImpl.invoke0(Native Method) ~[na:na]
	at java.base/jdk.internal.reflect.NativeMethodAccessorImpl.invoke(Unknown Source) ~[na:na]
	at java.base/jdk.internal.reflect.DelegatingMethodAccessorImpl.invoke(Unknown Source) ~[na:na]
	at java.base/java.lang.reflect.Method.invoke(Unknown Source) ~[na:na]
	at org.springframework.boot.loader.launch.Launcher.launch(Launcher.java:106) ~[app.jar:0.0.1-SNAPSHOT]
	at org.springframework.boot.loader.launch.Launcher.launch(Launcher.java:64) ~[app.jar:0.0.1-SNAPSHOT]
	at org.springframework.boot.loader.launch.JarLauncher.main(JarLauncher.java:40) ~[app.jar:0.0.1-SNAPSHOT]
Caused by: java.lang.RuntimeException: C++ worker process terminated immediately
	at com.deepapp.vn.io.infrastructure.cpp.CppWorkerManager.startCppWorker(CppWorkerManager.java:222) ~[!/:0.0.1-SNAPSHOT]
	... 35 common frames omitted

2025-12-23T07:43:49.171Z  WARN 7 --- [deepapp_main] [main] ConfigServletWebServerApplicationContext : Exception encountered during context initialization - cancelling refresh attempt: org.springframework.beans.factory.BeanCreationException: Error creating bean with name 'cppWorkerManager': Invocation of init method failed
2025-12-23T07:43:49.173Z  INFO 7 --- [deepapp_main] [main] o.apache.catalina.core.StandardService   : Stopping service [Tomcat]
2025-12-23T07:43:49.181Z  INFO 7 --- [deepapp_main] [main] .s.b.a.l.ConditionEvaluationReportLogger : 

Error starting ApplicationContext. To display the condition evaluation report re-run your application with 'debug' enabled.
2025-12-23T07:43:49.190Z ERROR 7 --- [deepapp_main] [main] o.s.boot.SpringApplication               : Application run failed

org.springframework.beans.factory.BeanCreationException: Error creating bean with name 'cppWorkerManager': Invocation of init method failed
	at org.springframework.beans.factory.annotation.InitDestroyAnnotationBeanPostProcessor.postProcessBeforeInitialization(InitDestroyAnnotationBeanPostProcessor.java:220) ~[spring-beans-7.0.2.jar!/:7.0.2]
	at org.springframework.beans.factory.support.AbstractAutowireCapableBeanFactory.applyBeanPostProcessorsBeforeInitialization(AbstractAutowireCapableBeanFactory.java:426) ~[spring-beans-7.0.2.jar!/:7.0.2]
	at org.springframework.beans.factory.support.AbstractAutowireCapableBeanFactory.initializeBean(AbstractAutowireCapableBeanFactory.java:1809) ~[spring-beans-7.0.2.jar!/:7.0.2]
	at org.springframework.beans.factory.support.AbstractAutowireCapableBeanFactory.doCreateBean(AbstractAutowireCapableBeanFactory.java:603) ~[spring-beans-7.0.2.jar!/:7.0.2]
	at org.springframework.beans.factory.support.AbstractAutowireCapableBeanFactory.createBean(AbstractAutowireCapableBeanFactory.java:525) ~[spring-beans-7.0.2.jar!/:7.0.2]
	at org.springframework.beans.factory.support.AbstractBeanFactory.lambda$doGetBean$0(AbstractBeanFactory.java:333) ~[spring-beans-7.0.2.jar!/:7.0.2]
	at org.springframework.beans.factory.support.DefaultSingletonBeanRegistry.getSingleton(DefaultSingletonBeanRegistry.java:371) ~[spring-beans-7.0.2.jar!/:7.0.2]
	at org.springframework.beans.factory.support.AbstractBeanFactory.doGetBean(AbstractBeanFactory.java:331) ~[spring-beans-7.0.2.jar!/:7.0.2]
	at org.springframework.beans.factory.support.AbstractBeanFactory.getBean(AbstractBeanFactory.java:196) ~[spring-beans-7.0.2.jar!/:7.0.2]
	at org.springframework.beans.factory.support.DefaultListableBeanFactory.instantiateSingleton(DefaultListableBeanFactory.java:1218) ~[spring-beans-7.0.2.jar!/:7.0.2]
	at org.springframework.beans.factory.support.DefaultListableBeanFactory.preInstantiateSingleton(DefaultListableBeanFactory.java:1184) ~[spring-beans-7.0.2.jar!/:7.0.2]
	at org.springframework.beans.factory.support.DefaultListableBeanFactory.preInstantiateSingletons(DefaultListableBeanFactory.java:1121) ~[spring-beans-7.0.2.jar!/:7.0.2]
	at org.springframework.context.support.AbstractApplicationContext.finishBeanFactoryInitialization(AbstractApplicationContext.java:993) ~[spring-context-7.0.2.jar!/:7.0.2]
	at org.springframework.context.support.AbstractApplicationContext.refresh(AbstractApplicationContext.java:620) ~[spring-context-7.0.2.jar!/:7.0.2]
	at org.springframework.boot.web.server.servlet.context.ServletWebServerApplicationContext.refresh(ServletWebServerApplicationContext.java:143) ~[spring-boot-web-server-4.0.1.jar!/:4.0.1]
	at org.springframework.boot.SpringApplication.refresh(SpringApplication.java:756) ~[spring-boot-4.0.1.jar!/:4.0.1]
	at org.springframework.boot.SpringApplication.refreshContext(SpringApplication.java:445) ~[spring-boot-4.0.1.jar!/:4.0.1]
	at org.springframework.boot.SpringApplication.run(SpringApplication.java:321) ~[spring-boot-4.0.1.jar!/:4.0.1]
	at org.springframework.boot.SpringApplication.run(SpringApplication.java:1365) ~[spring-boot-4.0.1.jar!/:4.0.1]
	at org.springframework.boot.SpringApplication.run(SpringApplication.java:1354) ~[spring-boot-4.0.1.jar!/:4.0.1]
	at com.deepapp.vn.io.DeepappMainApplication.main(DeepappMainApplication.java:10) ~[!/:0.0.1-SNAPSHOT]
	at java.base/jdk.internal.reflect.NativeMethodAccessorImpl.invoke0(Native Method) ~[na:na]
	at java.base/jdk.internal.reflect.NativeMethodAccessorImpl.invoke(Unknown Source) ~[na:na]
	at java.base/jdk.internal.reflect.DelegatingMethodAccessorImpl.invoke(Unknown Source) ~[na:na]
	at java.base/java.lang.reflect.Method.invoke(Unknown Source) ~[na:na]
	at org.springframework.boot.loader.launch.Launcher.launch(Launcher.java:106) ~[app.jar:0.0.1-SNAPSHOT]
	at org.springframework.boot.loader.launch.Launcher.launch(Launcher.java:64) ~[app.jar:0.0.1-SNAPSHOT]
	at org.springframework.boot.loader.launch.JarLauncher.main(JarLauncher.java:40) ~[app.jar:0.0.1-SNAPSHOT]
Caused by: java.lang.RuntimeException: C++ worker initialization failed
	at com.deepapp.vn.io.infrastructure.cpp.CppWorkerManager.initialize(CppWorkerManager.java:80) ~[!/:0.0.1-SNAPSHOT]
	at java.base/jdk.internal.reflect.NativeMethodAccessorImpl.invoke0(Native Method) ~[na:na]
	at java.base/jdk.internal.reflect.NativeMethodAccessorImpl.invoke(Unknown Source) ~[na:na]
	at java.base/jdk.internal.reflect.DelegatingMethodAccessorImpl.invoke(Unknown Source) ~[na:na]
	at java.base/java.lang.reflect.Method.invoke(Unknown Source) ~[na:na]
	at org.springframework.beans.factory.annotation.InitDestroyAnnotationBeanPostProcessor$LifecycleMethod.invoke(InitDestroyAnnotationBeanPostProcessor.java:453) ~[spring-beans-7.0.2.jar!/:7.0.2]
	at org.springframework.beans.factory.annotation.InitDestroyAnnotationBeanPostProcessor$LifecycleMetadata.invokeInitMethods(InitDestroyAnnotationBeanPostProcessor.java:397) ~[spring-beans-7.0.2.jar!/:7.0.2]
	at org.springframework.beans.factory.annotation.InitDestroyAnnotationBeanPostProcessor.postProcessBeforeInitialization(InitDestroyAnnotationBeanPostProcessor.java:217) ~[spring-beans-7.0.2.jar!/:7.0.2]
	... 27 common frames omitted
Caused by: java.lang.RuntimeException: C++ worker start failed
	at com.deepapp.vn.io.infrastructure.cpp.CppWorkerManager.startCppWorker(CppWorkerManager.java:230) ~[!/:0.0.1-SNAPSHOT]
	at com.deepapp.vn.io.infrastructure.cpp.CppWorkerManager.initialize(CppWorkerManager.java:73) ~[!/:0.0.1-SNAPSHOT]
	... 34 common frames omitted
Caused by: java.lang.RuntimeException: C++ worker process terminated immediately
	at com.deepapp.vn.io.infrastructure.cpp.CppWorkerManager.startCppWorker(CppWorkerManager.java:222) ~[!/:0.0.1-SNAPSHOT]
	... 35 common frames omitted

2025-12-23T07:43:51.096Z  INFO 7 --- [deepapp_main] [main] c.deepapp.vn.io.DeepappMainApplication   : Starting DeepappMainApplication v0.0.1-SNAPSHOT using Java 17.0.17 with PID 7 (/app/app.jar started by root in /app)
2025-12-23T07:43:51.099Z DEBUG 7 --- [deepapp_main] [main] c.deepapp.vn.io.DeepappMainApplication   : Running with Spring Boot v4.0.1, Spring v7.0.2
2025-12-23T07:43:51.100Z  INFO 7 --- [deepapp_main] [main] c.deepapp.vn.io.DeepappMainApplication   : The following 1 profile is active: "docker"
2025-12-23T07:43:52.007Z  INFO 7 --- [deepapp_main] [main] o.s.boot.tomcat.TomcatWebServer          : Tomcat initialized with port 8080 (http)
2025-12-23T07:43:52.020Z  INFO 7 --- [deepapp_main] [main] o.apache.catalina.core.StandardService   : Starting service [Tomcat]
2025-12-23T07:43:52.021Z  INFO 7 --- [deepapp_main] [main] o.apache.catalina.core.StandardEngine    : Starting Servlet engine: [Apache Tomcat/11.0.15]
2025-12-23T07:43:52.049Z  INFO 7 --- [deepapp_main] [main] b.w.c.s.WebApplicationContextInitializer : Root WebApplicationContext: initialization completed in 892 ms
2025-12-23T07:43:52.207Z  INFO 7 --- [deepapp_main] [main] c.d.v.i.i.cpp.CppWorkerManager           : ========================================
2025-12-23T07:43:52.208Z  INFO 7 --- [deepapp_main] [main] c.d.v.i.i.cpp.CppWorkerManager           : C++ Worker Manager - Initialization
2025-12-23T07:43:52.208Z  INFO 7 --- [deepapp_main] [main] c.d.v.i.i.cpp.CppWorkerManager           : ========================================
2025-12-23T07:43:52.208Z  INFO 7 --- [deepapp_main] [main] c.d.v.i.i.cpp.CppWorkerManager           : Starting C++ worker process...
2025-12-23T07:43:52.208Z  INFO 7 --- [deepapp_main] [main] c.d.v.i.i.cpp.CppWorkerManager           :   gRPC Server: 72.60.111.138:50051:50051
2025-12-23T07:43:52.208Z  INFO 7 --- [deepapp_main] [main] c.d.v.i.i.cpp.CppWorkerManager           :   Client ID: cpp-worker
2025-12-23T07:43:52.213Z ERROR 7 --- [deepapp_main] [cpp-worker-error] c.d.v.i.i.cpp.CppWorkerManager           : [C++ Worker ERROR] /app/build/deepapp_worker_main: error while loading shared libraries: libprotobuf.so.23: cannot open shared object file: No such file or directory
2025-12-23T07:43:54.213Z ERROR 7 --- [deepapp_main] [main] c.d.v.i.i.cpp.CppWorkerManager           : Failed to start C++ worker

java.lang.RuntimeException: C++ worker process terminated immediately
	at com.deepapp.vn.io.infrastructure.cpp.CppWorkerManager.startCppWorker(CppWorkerManager.java:222) ~[!/:0.0.1-SNAPSHOT]
	at com.deepapp.vn.io.infrastructure.cpp.CppWorkerManager.initialize(CppWorkerManager.java:73) ~[!/:0.0.1-SNAPSHOT]
	at java.base/jdk.internal.reflect.NativeMethodAccessorImpl.invoke0(Native Method) ~[na:na]
	at java.base/jdk.internal.reflect.NativeMethodAccessorImpl.invoke(Unknown Source) ~[na:na]
	at java.base/jdk.internal.reflect.DelegatingMethodAccessorImpl.invoke(Unknown Source) ~[na:na]
	at java.base/java.lang.reflect.Method.invoke(Unknown Source) ~[na:na]
	at org.springframework.beans.factory.annotation.InitDestroyAnnotationBeanPostProcessor$LifecycleMethod.invoke(InitDestroyAnnotationBeanPostProcessor.java:453) ~[spring-beans-7.0.2.jar!/:7.0.2]
	at org.springframework.beans.factory.annotation.InitDestroyAnnotationBeanPostProcessor$LifecycleMetadata.invokeInitMethods(InitDestroyAnnotationBeanPostProcessor.java:397) ~[spring-beans-7.0.2.jar!/:7.0.2]
	at org.springframework.beans.factory.annotation.InitDestroyAnnotationBeanPostProcessor.postProcessBeforeInitialization(InitDestroyAnnotationBeanPostProcessor.java:217) ~[spring-beans-7.0.2.jar!/:7.0.2]
	at org.springframework.beans.factory.support.AbstractAutowireCapableBeanFactory.applyBeanPostProcessorsBeforeInitialization(AbstractAutowireCapableBeanFactory.java:426) ~[spring-beans-7.0.2.jar!/:7.0.2]
	at org.springframework.beans.factory.support.AbstractAutowireCapableBeanFactory.initializeBean(AbstractAutowireCapableBeanFactory.java:1809) ~[spring-beans-7.0.2.jar!/:7.0.2]
	at org.springframework.beans.factory.support.AbstractAutowireCapableBeanFactory.doCreateBean(AbstractAutowireCapableBeanFactory.java:603) ~[spring-beans-7.0.2.jar!/:7.0.2]
	at org.springframework.beans.factory.support.AbstractAutowireCapableBeanFactory.createBean(AbstractAutowireCapableBeanFactory.java:525) ~[spring-beans-7.0.2.jar!/:7.0.2]
	at org.springframework.beans.factory.support.AbstractBeanFactory.lambda$doGetBean$0(AbstractBeanFactory.java:333) ~[spring-beans-7.0.2.jar!/:7.0.2]
	at org.springframework.beans.factory.support.DefaultSingletonBeanRegistry.getSingleton(DefaultSingletonBeanRegistry.java:371) ~[spring-beans-7.0.2.jar!/:7.0.2]
	at org.springframework.beans.factory.support.AbstractBeanFactory.doGetBean(AbstractBeanFactory.java:331) ~[spring-beans-7.0.2.jar!/:7.0.2]
	at org.springframework.beans.factory.support.AbstractBeanFactory.getBean(AbstractBeanFactory.java:196) ~[spring-beans-7.0.2.jar!/:7.0.2]
	at org.springframework.beans.factory.support.DefaultListableBeanFactory.instantiateSingleton(DefaultListableBeanFactory.java:1218) ~[spring-beans-7.0.2.jar!/:7.0.2]
	at org.springframework.beans.factory.support.DefaultListableBeanFactory.preInstantiateSingleton(DefaultListableBeanFactory.java:1184) ~[spring-beans-7.0.2.jar!/:7.0.2]
	at org.springframework.beans.factory.support.DefaultListableBeanFactory.preInstantiateSingletons(DefaultListableBeanFactory.java:1121) ~[spring-beans-7.0.2.jar!/:7.0.2]
	at org.springframework.context.support.AbstractApplicationContext.finishBeanFactoryInitialization(AbstractApplicationContext.java:993) ~[spring-context-7.0.2.jar!/:7.0.2]
	at org.springframework.context.support.AbstractApplicationContext.refresh(AbstractApplicationContext.java:620) ~[spring-context-7.0.2.jar!/:7.0.2]
	at org.springframework.boot.web.server.servlet.context.ServletWebServerApplicationContext.refresh(ServletWebServerApplicationContext.java:143) ~[spring-boot-web-server-4.0.1.jar!/:4.0.1]
	at org.springframework.boot.SpringApplication.refresh(SpringApplication.java:756) ~[spring-boot-4.0.1.jar!/:4.0.1]
	at org.springframework.boot.SpringApplication.refreshContext(SpringApplication.java:445) ~[spring-boot-4.0.1.jar!/:4.0.1]
	at org.springframework.boot.SpringApplication.run(SpringApplication.java:321) ~[spring-boot-4.0.1.jar!/:4.0.1]
	at org.springframework.boot.SpringApplication.run(SpringApplication.java:1365) ~[spring-boot-4.0.1.jar!/:4.0.1]
	at org.springframework.boot.SpringApplication.run(SpringApplication.java:1354) ~[spring-boot-4.0.1.jar!/:4.0.1]
	at com.deepapp.vn.io.DeepappMainApplication.main(DeepappMainApplication.java:10) ~[!/:0.0.1-SNAPSHOT]
	at java.base/jdk.internal.reflect.NativeMethodAccessorImpl.invoke0(Native Method) ~[na:na]
	at java.base/jdk.internal.reflect.NativeMethodAccessorImpl.invoke(Unknown Source) ~[na:na]
	at java.base/jdk.internal.reflect.DelegatingMethodAccessorImpl.invoke(Unknown Source) ~[na:na]
	at java.base/java.lang.reflect.Method.invoke(Unknown Source) ~[na:na]
	at org.springframework.boot.loader.launch.Launcher.launch(Launcher.java:106) ~[app.jar:0.0.1-SNAPSHOT]
	at org.springframework.boot.loader.launch.Launcher.launch(Launcher.java:64) ~[app.jar:0.0.1-SNAPSHOT]
	at org.springframework.boot.loader.launch.JarLauncher.main(JarLauncher.java:40) ~[app.jar:0.0.1-SNAPSHOT]

2025-12-23T07:43:54.218Z ERROR 7 --- [deepapp_main] [main] c.d.v.i.i.cpp.CppWorkerManager           : Failed to initialize C++ worker manager

java.lang.RuntimeException: C++ worker start failed
	at com.deepapp.vn.io.infrastructure.cpp.CppWorkerManager.startCppWorker(CppWorkerManager.java:230) ~[!/:0.0.1-SNAPSHOT]
	at com.deepapp.vn.io.infrastructure.cpp.CppWorkerManager.initialize(CppWorkerManager.java:73) ~[!/:0.0.1-SNAPSHOT]
	at java.base/jdk.internal.reflect.NativeMethodAccessorImpl.invoke0(Native Method) ~[na:na]
	at java.base/jdk.internal.reflect.NativeMethodAccessorImpl.invoke(Unknown Source) ~[na:na]
	at java.base/jdk.internal.reflect.DelegatingMethodAccessorImpl.invoke(Unknown Source) ~[na:na]
	at java.base/java.lang.reflect.Method.invoke(Unknown Source) ~[na:na]
	at org.springframework.beans.factory.annotation.InitDestroyAnnotationBeanPostProcessor$LifecycleMethod.invoke(InitDestroyAnnotationBeanPostProcessor.java:453) ~[spring-beans-7.0.2.jar!/:7.0.2]
	at org.springframework.beans.factory.annotation.InitDestroyAnnotationBeanPostProcessor$LifecycleMetadata.invokeInitMethods(InitDestroyAnnotationBeanPostProcessor.java:397) ~[spring-beans-7.0.2.jar!/:7.0.2]
	at org.springframework.beans.factory.annotation.InitDestroyAnnotationBeanPostProcessor.postProcessBeforeInitialization(InitDestroyAnnotationBeanPostProcessor.java:217) ~[spring-beans-7.0.2.jar!/:7.0.2]
	at org.springframework.beans.factory.support.AbstractAutowireCapableBeanFactory.applyBeanPostProcessorsBeforeInitialization(AbstractAutowireCapableBeanFactory.java:426) ~[spring-beans-7.0.2.jar!/:7.0.2]
	at org.springframework.beans.factory.support.AbstractAutowireCapableBeanFactory.initializeBean(AbstractAutowireCapableBeanFactory.java:1809) ~[spring-beans-7.0.2.jar!/:7.0.2]
	at org.springframework.beans.factory.support.AbstractAutowireCapableBeanFactory.doCreateBean(AbstractAutowireCapableBeanFactory.java:603) ~[spring-beans-7.0.2.jar!/:7.0.2]
	at org.springframework.beans.factory.support.AbstractAutowireCapableBeanFactory.createBean(AbstractAutowireCapableBeanFactory.java:525) ~[spring-beans-7.0.2.jar!/:7.0.2]
	at org.springframework.beans.factory.support.AbstractBeanFactory.lambda$doGetBean$0(AbstractBeanFactory.java:333) ~[spring-beans-7.0.2.jar!/:7.0.2]
	at org.springframework.beans.factory.support.DefaultSingletonBeanRegistry.getSingleton(DefaultSingletonBeanRegistry.java:371) ~[spring-beans-7.0.2.jar!/:7.0.2]
	at org.springframework.beans.factory.support.AbstractBeanFactory.doGetBean(AbstractBeanFactory.java:331) ~[spring-beans-7.0.2.jar!/:7.0.2]
	at org.springframework.beans.factory.support.AbstractBeanFactory.getBean(AbstractBeanFactory.java:196) ~[spring-beans-7.0.2.jar!/:7.0.2]
	at org.springframework.beans.factory.support.DefaultListableBeanFactory.instantiateSingleton(DefaultListableBeanFactory.java:1218) ~[spring-beans-7.0.2.jar!/:7.0.2]
	at org.springframework.beans.factory.support.DefaultListableBeanFactory.preInstantiateSingleton(DefaultListableBeanFactory.java:1184) ~[spring-beans-7.0.2.jar!/:7.0.2]
	at org.springframework.beans.factory.support.DefaultListableBeanFactory.preInstantiateSingletons(DefaultListableBeanFactory.java:1121) ~[spring-beans-7.0.2.jar!/:7.0.2]
	at org.springframework.context.support.AbstractApplicationContext.finishBeanFactoryInitialization(AbstractApplicationContext.java:993) ~[spring-context-7.0.2.jar!/:7.0.2]
	at org.springframework.context.support.AbstractApplicationContext.refresh(AbstractApplicationContext.java:620) ~[spring-context-7.0.2.jar!/:7.0.2]
	at org.springframework.boot.web.server.servlet.context.ServletWebServerApplicationContext.refresh(ServletWebServerApplicationContext.java:143) ~[spring-boot-web-server-4.0.1.jar!/:4.0.1]
	at org.springframework.boot.SpringApplication.refresh(SpringApplication.java:756) ~[spring-boot-4.0.1.jar!/:4.0.1]
	at org.springframework.boot.SpringApplication.refreshContext(SpringApplication.java:445) ~[spring-boot-4.0.1.jar!/:4.0.1]
	at org.springframework.boot.SpringApplication.run(SpringApplication.java:321) ~[spring-boot-4.0.1.jar!/:4.0.1]
	at org.springframework.boot.SpringApplication.run(SpringApplication.java:1365) ~[spring-boot-4.0.1.jar!/:4.0.1]
	at org.springframework.boot.SpringApplication.run(SpringApplication.java:1354) ~[spring-boot-4.0.1.jar!/:4.0.1]
	at com.deepapp.vn.io.DeepappMainApplication.main(DeepappMainApplication.java:10) ~[!/:0.0.1-SNAPSHOT]
	at java.base/jdk.internal.reflect.NativeMethodAccessorImpl.invoke0(Native Method) ~[na:na]
	at java.base/jdk.internal.reflect.NativeMethodAccessorImpl.invoke(Unknown Source) ~[na:na]
	at java.base/jdk.internal.reflect.DelegatingMethodAccessorImpl.invoke(Unknown Source) ~[na:na]
	at java.base/java.lang.reflect.Method.invoke(Unknown Source) ~[na:na]
	at org.springframework.boot.loader.launch.Launcher.launch(Launcher.java:106) ~[app.jar:0.0.1-SNAPSHOT]
	at org.springframework.boot.loader.launch.Launcher.launch(Launcher.java:64) ~[app.jar:0.0.1-SNAPSHOT]
	at org.springframework.boot.loader.launch.JarLauncher.main(JarLauncher.java:40) ~[app.jar:0.0.1-SNAPSHOT]
Caused by: java.lang.RuntimeException: C++ worker process terminated immediately
	at com.deepapp.vn.io.infrastructure.cpp.CppWorkerManager.startCppWorker(CppWorkerManager.java:222) ~[!/:0.0.1-SNAPSHOT]
	... 35 common frames omitted

2025-12-23T07:43:54.222Z  WARN 7 --- [deepapp_main] [main] ConfigServletWebServerApplicationContext : Exception encountered during context initialization - cancelling refresh attempt: org.springframework.beans.factory.BeanCreationException: Error creating bean with name 'cppWorkerManager': Invocation of init method failed
2025-12-23T07:43:54.225Z  INFO 7 --- [deepapp_main] [main] o.apache.catalina.core.StandardService   : Stopping service [Tomcat]
2025-12-23T07:43:54.233Z  INFO 7 --- [deepapp_main] [main] .s.b.a.l.ConditionEvaluationReportLogger : 

Error starting ApplicationContext. To display the condition evaluation report re-run your application with 'debug' enabled.
2025-12-23T07:43:54.242Z ERROR 7 --- [deepapp_main] [main] o.s.boot.SpringApplication               : Application run failed

org.springframework.beans.factory.BeanCreationException: Error creating bean with name 'cppWorkerManager': Invocation of init method failed
	at org.springframework.beans.factory.annotation.InitDestroyAnnotationBeanPostProcessor.postProcessBeforeInitialization(InitDestroyAnnotationBeanPostProcessor.java:220) ~[spring-beans-7.0.2.jar!/:7.0.2]
	at org.springframework.beans.factory.support.AbstractAutowireCapableBeanFactory.applyBeanPostProcessorsBeforeInitialization(AbstractAutowireCapableBeanFactory.java:426) ~[spring-beans-7.0.2.jar!/:7.0.2]
	at org.springframework.beans.factory.support.AbstractAutowireCapableBeanFactory.initializeBean(AbstractAutowireCapableBeanFactory.java:1809) ~[spring-beans-7.0.2.jar!/:7.0.2]
	at org.springframework.beans.factory.support.AbstractAutowireCapableBeanFactory.doCreateBean(AbstractAutowireCapableBeanFactory.java:603) ~[spring-beans-7.0.2.jar!/:7.0.2]
	at org.springframework.beans.factory.support.AbstractAutowireCapableBeanFactory.createBean(AbstractAutowireCapableBeanFactory.java:525) ~[spring-beans-7.0.2.jar!/:7.0.2]
	at org.springframework.beans.factory.support.AbstractBeanFactory.lambda$doGetBean$0(AbstractBeanFactory.java:333) ~[spring-beans-7.0.2.jar!/:7.0.2]
	at org.springframework.beans.factory.support.DefaultSingletonBeanRegistry.getSingleton(DefaultSingletonBeanRegistry.java:371) ~[spring-beans-7.0.2.jar!/:7.0.2]
	at org.springframework.beans.factory.support.AbstractBeanFactory.doGetBean(AbstractBeanFactory.java:331) ~[spring-beans-7.0.2.jar!/:7.0.2]
	at org.springframework.beans.factory.support.AbstractBeanFactory.getBean(AbstractBeanFactory.java:196) ~[spring-beans-7.0.2.jar!/:7.0.2]
	at org.springframework.beans.factory.support.DefaultListableBeanFactory.instantiateSingleton(DefaultListableBeanFactory.java:1218) ~[spring-beans-7.0.2.jar!/:7.0.2]
	at org.springframework.beans.factory.support.DefaultListableBeanFactory.preInstantiateSingleton(DefaultListableBeanFactory.java:1184) ~[spring-beans-7.0.2.jar!/:7.0.2]
	at org.springframework.beans.factory.support.DefaultListableBeanFactory.preInstantiateSingletons(DefaultListableBeanFactory.java:1121) ~[spring-beans-7.0.2.jar!/:7.0.2]
	at org.springframework.context.support.AbstractApplicationContext.finishBeanFactoryInitialization(AbstractApplicationContext.java:993) ~[spring-context-7.0.2.jar!/:7.0.2]
	at org.springframework.context.support.AbstractApplicationContext.refresh(AbstractApplicationContext.java:620) ~[spring-context-7.0.2.jar!/:7.0.2]
	at org.springframework.boot.web.server.servlet.context.ServletWebServerApplicationContext.refresh(ServletWebServerApplicationContext.java:143) ~[spring-boot-web-server-4.0.1.jar!/:4.0.1]
	at org.springframework.boot.SpringApplication.refresh(SpringApplication.java:756) ~[spring-boot-4.0.1.jar!/:4.0.1]
	at org.springframework.boot.SpringApplication.refreshContext(SpringApplication.java:445) ~[spring-boot-4.0.1.jar!/:4.0.1]
	at org.springframework.boot.SpringApplication.run(SpringApplication.java:321) ~[spring-boot-4.0.1.jar!/:4.0.1]
	at org.springframework.boot.SpringApplication.run(SpringApplication.java:1365) ~[spring-boot-4.0.1.jar!/:4.0.1]
	at org.springframework.boot.SpringApplication.run(SpringApplication.java:1354) ~[spring-boot-4.0.1.jar!/:4.0.1]
	at com.deepapp.vn.io.DeepappMainApplication.main(DeepappMainApplication.java:10) ~[!/:0.0.1-SNAPSHOT]
	at java.base/jdk.internal.reflect.NativeMethodAccessorImpl.invoke0(Native Method) ~[na:na]
	at java.base/jdk.internal.reflect.NativeMethodAccessorImpl.invoke(Unknown Source) ~[na:na]
	at java.base/jdk.internal.reflect.DelegatingMethodAccessorImpl.invoke(Unknown Source) ~[na:na]
	at java.base/java.lang.reflect.Method.invoke(Unknown Source) ~[na:na]
	at org.springframework.boot.loader.launch.Launcher.launch(Launcher.java:106) ~[app.jar:0.0.1-SNAPSHOT]
	at org.springframework.boot.loader.launch.Launcher.launch(Launcher.java:64) ~[app.jar:0.0.1-SNAPSHOT]
	at org.springframework.boot.loader.launch.JarLauncher.main(JarLauncher.java:40) ~[app.jar:0.0.1-SNAPSHOT]
Caused by: java.lang.RuntimeException: C++ worker initialization failed
	at com.deepapp.vn.io.infrastructure.cpp.CppWorkerManager.initialize(CppWorkerManager.java:80) ~[!/:0.0.1-SNAPSHOT]
	at java.base/jdk.internal.reflect.NativeMethodAccessorImpl.invoke0(Native Method) ~[na:na]
	at java.base/jdk.internal.reflect.NativeMethodAccessorImpl.invoke(Unknown Source) ~[na:na]
	at java.base/jdk.internal.reflect.DelegatingMethodAccessorImpl.invoke(Unknown Source) ~[na:na]
	at java.base/java.lang.reflect.Method.invoke(Unknown Source) ~[na:na]
	at org.springframework.beans.factory.annotation.InitDestroyAnnotationBeanPostProcessor$LifecycleMethod.invoke(InitDestroyAnnotationBeanPostProcessor.java:453) ~[spring-beans-7.0.2.jar!/:7.0.2]
	at org.springframework.beans.factory.annotation.InitDestroyAnnotationBeanPostProcessor$LifecycleMetadata.invokeInitMethods(InitDestroyAnnotationBeanPostProcessor.java:397) ~[spring-beans-7.0.2.jar!/:7.0.2]
	at org.springframework.beans.factory.annotation.InitDestroyAnnotationBeanPostProcessor.postProcessBeforeInitialization(InitDestroyAnnotationBeanPostProcessor.java:217) ~[spring-beans-7.0.2.jar!/:7.0.2]
	... 27 common frames omitted
Caused by: java.lang.RuntimeException: C++ worker start failed
	at com.deepapp.vn.io.infrastructure.cpp.CppWorkerManager.startCppWorker(CppWorkerManager.java:230) ~[!/:0.0.1-SNAPSHOT]
	at com.deepapp.vn.io.infrastructure.cpp.CppWorkerManager.initialize(CppWorkerManager.java:73) ~[!/:0.0.1-SNAPSHOT]
	... 34 common frames omitted
Caused by: java.lang.RuntimeException: C++ worker process terminated immediately
	at com.deepapp.vn.io.infrastructure.cpp.CppWorkerManager.startCppWorker(CppWorkerManager.java:222) ~[!/:0.0.1-SNAPSHOT]
	... 35 common frames omitted

2025-12-23T07:43:56.886Z  INFO 7 --- [deepapp_main] [main] c.deepapp.vn.io.DeepappMainApplication   : Starting DeepappMainApplication v0.0.1-SNAPSHOT using Java 17.0.17 with PID 7 (/app/app.jar started by root in /app)
2025-12-23T07:43:56.888Z DEBUG 7 --- [deepapp_main] [main] c.deepapp.vn.io.DeepappMainApplication   : Running with Spring Boot v4.0.1, Spring v7.0.2
2025-12-23T07:43:56.889Z  INFO 7 --- [deepapp_main] [main] c.deepapp.vn.io.DeepappMainApplication   : The following 1 profile is active: "docker"
2025-12-23T07:43:57.703Z  INFO 7 --- [deepapp_main] [main] o.s.boot.tomcat.TomcatWebServer          : Tomcat initialized with port 8080 (http)
2025-12-23T07:43:57.713Z  INFO 7 --- [deepapp_main] [main] o.apache.catalina.core.StandardService   : Starting service [Tomcat]
2025-12-23T07:43:57.713Z  INFO 7 --- [deepapp_main] [main] o.apache.catalina.core.StandardEngine    : Starting Servlet engine: [Apache Tomcat/11.0.15]
2025-12-23T07:43:57.738Z  INFO 7 --- [deepapp_main] [main] b.w.c.s.WebApplicationContextInitializer : Root WebApplicationContext: initialization completed in 807 ms
2025-12-23T07:43:57.898Z  INFO 7 --- [deepapp_main] [main] c.d.v.i.i.cpp.CppWorkerManager           : ========================================
2025-12-23T07:43:57.898Z  INFO 7 --- [deepapp_main] [main] c.d.v.i.i.cpp.CppWorkerManager           : C++ Worker Manager - Initialization
2025-12-23T07:43:57.899Z  INFO 7 --- [deepapp_main] [main] c.d.v.i.i.cpp.CppWorkerManager           : ========================================
2025-12-23T07:43:57.899Z  INFO 7 --- [deepapp_main] [main] c.d.v.i.i.cpp.CppWorkerManager           : Starting C++ worker process...
2025-12-23T07:43:57.899Z  INFO 7 --- [deepapp_main] [main] c.d.v.i.i.cpp.CppWorkerManager           :   gRPC Server: 72.60.111.138:50051:50051
2025-12-23T07:43:57.899Z  INFO 7 --- [deepapp_main] [main] c.d.v.i.i.cpp.CppWorkerManager           :   Client ID: cpp-worker
2025-12-23T07:43:57.904Z ERROR 7 --- [deepapp_main] [cpp-worker-error] c.d.v.i.i.cpp.CppWorkerManager           : [C++ Worker ERROR] /app/build/deepapp_worker_main: error while loading shared libraries: libprotobuf.so.23: cannot open shared object file: No such file or directory
2025-12-23T07:43:59.904Z ERROR 7 --- [deepapp_main] [main] c.d.v.i.i.cpp.CppWorkerManager           : Failed to start C++ worker

java.lang.RuntimeException: C++ worker process terminated immediately
	at com.deepapp.vn.io.infrastructure.cpp.CppWorkerManager.startCppWorker(CppWorkerManager.java:222) ~[!/:0.0.1-SNAPSHOT]
	at com.deepapp.vn.io.infrastructure.cpp.CppWorkerManager.initialize(CppWorkerManager.java:73) ~[!/:0.0.1-SNAPSHOT]
	at java.base/jdk.internal.reflect.NativeMethodAccessorImpl.invoke0(Native Method) ~[na:na]
	at java.base/jdk.internal.reflect.NativeMethodAccessorImpl.invoke(Unknown Source) ~[na:na]
	at java.base/jdk.internal.reflect.DelegatingMethodAccessorImpl.invoke(Unknown Source) ~[na:na]
	at java.base/java.lang.reflect.Method.invoke(Unknown Source) ~[na:na]
	at org.springframework.beans.factory.annotation.InitDestroyAnnotationBeanPostProcessor$LifecycleMethod.invoke(InitDestroyAnnotationBeanPostProcessor.java:453) ~[spring-beans-7.0.2.jar!/:7.0.2]
	at org.springframework.beans.factory.annotation.InitDestroyAnnotationBeanPostProcessor$LifecycleMetadata.invokeInitMethods(InitDestroyAnnotationBeanPostProcessor.java:397) ~[spring-beans-7.0.2.jar!/:7.0.2]
	at org.springframework.beans.factory.annotation.InitDestroyAnnotationBeanPostProcessor.postProcessBeforeInitialization(InitDestroyAnnotationBeanPostProcessor.java:217) ~[spring-beans-7.0.2.jar!/:7.0.2]
	at org.springframework.beans.factory.support.AbstractAutowireCapableBeanFactory.applyBeanPostProcessorsBeforeInitialization(AbstractAutowireCapableBeanFactory.java:426) ~[spring-beans-7.0.2.jar!/:7.0.2]
	at org.springframework.beans.factory.support.AbstractAutowireCapableBeanFactory.initializeBean(AbstractAutowireCapableBeanFactory.java:1809) ~[spring-beans-7.0.2.jar!/:7.0.2]
	at org.springframework.beans.factory.support.AbstractAutowireCapableBeanFactory.doCreateBean(AbstractAutowireCapableBeanFactory.java:603) ~[spring-beans-7.0.2.jar!/:7.0.2]
	at org.springframework.beans.factory.support.AbstractAutowireCapableBeanFactory.createBean(AbstractAutowireCapableBeanFactory.java:525) ~[spring-beans-7.0.2.jar!/:7.0.2]
	at org.springframework.beans.factory.support.AbstractBeanFactory.lambda$doGetBean$0(AbstractBeanFactory.java:333) ~[spring-beans-7.0.2.jar!/:7.0.2]
	at org.springframework.beans.factory.support.DefaultSingletonBeanRegistry.getSingleton(DefaultSingletonBeanRegistry.java:371) ~[spring-beans-7.0.2.jar!/:7.0.2]
	at org.springframework.beans.factory.support.AbstractBeanFactory.doGetBean(AbstractBeanFactory.java:331) ~[spring-beans-7.0.2.jar!/:7.0.2]
	at org.springframework.beans.factory.support.AbstractBeanFactory.getBean(AbstractBeanFactory.java:196) ~[spring-beans-7.0.2.jar!/:7.0.2]
	at org.springframework.beans.factory.support.DefaultListableBeanFactory.instantiateSingleton(DefaultListableBeanFactory.java:1218) ~[spring-beans-7.0.2.jar!/:7.0.2]
	at org.springframework.beans.factory.support.DefaultListableBeanFactory.preInstantiateSingleton(DefaultListableBeanFactory.java:1184) ~[spring-beans-7.0.2.jar!/:7.0.2]
	at org.springframework.beans.factory.support.DefaultListableBeanFactory.preInstantiateSingletons(DefaultListableBeanFactory.java:1121) ~[spring-beans-7.0.2.jar!/:7.0.2]
	at org.springframework.context.support.AbstractApplicationContext.finishBeanFactoryInitialization(AbstractApplicationContext.java:993) ~[spring-context-7.0.2.jar!/:7.0.2]
	at org.springframework.context.support.AbstractApplicationContext.refresh(AbstractApplicationContext.java:620) ~[spring-context-7.0.2.jar!/:7.0.2]
	at org.springframework.boot.web.server.servlet.context.ServletWebServerApplicationContext.refresh(ServletWebServerApplicationContext.java:143) ~[spring-boot-web-server-4.0.1.jar!/:4.0.1]
	at org.springframework.boot.SpringApplication.refresh(SpringApplication.java:756) ~[spring-boot-4.0.1.jar!/:4.0.1]
	at org.springframework.boot.SpringApplication.refreshContext(SpringApplication.java:445) ~[spring-boot-4.0.1.jar!/:4.0.1]
	at org.springframework.boot.SpringApplication.run(SpringApplication.java:321) ~[spring-boot-4.0.1.jar!/:4.0.1]
	at org.springframework.boot.SpringApplication.run(SpringApplication.java:1365) ~[spring-boot-4.0.1.jar!/:4.0.1]
	at org.springframework.boot.SpringApplication.run(SpringApplication.java:1354) ~[spring-boot-4.0.1.jar!/:4.0.1]
	at com.deepapp.vn.io.DeepappMainApplication.main(DeepappMainApplication.java:10) ~[!/:0.0.1-SNAPSHOT]
	at java.base/jdk.internal.reflect.NativeMethodAccessorImpl.invoke0(Native Method) ~[na:na]
	at java.base/jdk.internal.reflect.NativeMethodAccessorImpl.invoke(Unknown Source) ~[na:na]
	at java.base/jdk.internal.reflect.DelegatingMethodAccessorImpl.invoke(Unknown Source) ~[na:na]
	at java.base/java.lang.reflect.Method.invoke(Unknown Source) ~[na:na]
	at org.springframework.boot.loader.launch.Launcher.launch(Launcher.java:106) ~[app.jar:0.0.1-SNAPSHOT]
	at org.springframework.boot.loader.launch.Launcher.launch(Launcher.java:64) ~[app.jar:0.0.1-SNAPSHOT]
	at org.springframework.boot.loader.launch.JarLauncher.main(JarLauncher.java:40) ~[app.jar:0.0.1-SNAPSHOT]

2025-12-23T07:43:59.909Z ERROR 7 --- [deepapp_main] [main] c.d.v.i.i.cpp.CppWorkerManager           : Failed to initialize C++ worker manager

java.lang.RuntimeException: C++ worker start failed
	at com.deepapp.vn.io.infrastructure.cpp.CppWorkerManager.startCppWorker(CppWorkerManager.java:230) ~[!/:0.0.1-SNAPSHOT]
	at com.deepapp.vn.io.infrastructure.cpp.CppWorkerManager.initialize(CppWorkerManager.java:73) ~[!/:0.0.1-SNAPSHOT]
	at java.base/jdk.internal.reflect.NativeMethodAccessorImpl.invoke0(Native Method) ~[na:na]
	at java.base/jdk.internal.reflect.NativeMethodAccessorImpl.invoke(Unknown Source) ~[na:na]
	at java.base/jdk.internal.reflect.DelegatingMethodAccessorImpl.invoke(Unknown Source) ~[na:na]
	at java.base/java.lang.reflect.Method.invoke(Unknown Source) ~[na:na]
	at org.springframework.beans.factory.annotation.InitDestroyAnnotationBeanPostProcessor$LifecycleMethod.invoke(InitDestroyAnnotationBeanPostProcessor.java:453) ~[spring-beans-7.0.2.jar!/:7.0.2]
	at org.springframework.beans.factory.annotation.InitDestroyAnnotationBeanPostProcessor$LifecycleMetadata.invokeInitMethods(InitDestroyAnnotationBeanPostProcessor.java:397) ~[spring-beans-7.0.2.jar!/:7.0.2]
	at org.springframework.beans.factory.annotation.InitDestroyAnnotationBeanPostProcessor.postProcessBeforeInitialization(InitDestroyAnnotationBeanPostProcessor.java:217) ~[spring-beans-7.0.2.jar!/:7.0.2]
	at org.springframework.beans.factory.support.AbstractAutowireCapableBeanFactory.applyBeanPostProcessorsBeforeInitialization(AbstractAutowireCapableBeanFactory.java:426) ~[spring-beans-7.0.2.jar!/:7.0.2]
	at org.springframework.beans.factory.support.AbstractAutowireCapableBeanFactory.initializeBean(AbstractAutowireCapableBeanFactory.java:1809) ~[spring-beans-7.0.2.jar!/:7.0.2]
	at org.springframework.beans.factory.support.AbstractAutowireCapableBeanFactory.doCreateBean(AbstractAutowireCapableBeanFactory.java:603) ~[spring-beans-7.0.2.jar!/:7.0.2]
	at org.springframework.beans.factory.support.AbstractAutowireCapableBeanFactory.createBean(AbstractAutowireCapableBeanFactory.java:525) ~[spring-beans-7.0.2.jar!/:7.0.2]
	at org.springframework.beans.factory.support.AbstractBeanFactory.lambda$doGetBean$0(AbstractBeanFactory.java:333) ~[spring-beans-7.0.2.jar!/:7.0.2]
	at org.springframework.beans.factory.support.DefaultSingletonBeanRegistry.getSingleton(DefaultSingletonBeanRegistry.java:371) ~[spring-beans-7.0.2.jar!/:7.0.2]
	at org.springframework.beans.factory.support.AbstractBeanFactory.doGetBean(AbstractBeanFactory.java:331) ~[spring-beans-7.0.2.jar!/:7.0.2]
	at org.springframework.beans.factory.support.AbstractBeanFactory.getBean(AbstractBeanFactory.java:196) ~[spring-beans-7.0.2.jar!/:7.0.2]
	at org.springframework.beans.factory.support.DefaultListableBeanFactory.instantiateSingleton(DefaultListableBeanFactory.java:1218) ~[spring-beans-7.0.2.jar!/:7.0.2]
	at org.springframework.beans.factory.support.DefaultListableBeanFactory.preInstantiateSingleton(DefaultListableBeanFactory.java:1184) ~[spring-beans-7.0.2.jar!/:7.0.2]
	at org.springframework.beans.factory.support.DefaultListableBeanFactory.preInstantiateSingletons(DefaultListableBeanFactory.java:1121) ~[spring-beans-7.0.2.jar!/:7.0.2]
	at org.springframework.context.support.AbstractApplicationContext.finishBeanFactoryInitialization(AbstractApplicationContext.java:993) ~[spring-context-7.0.2.jar!/:7.0.2]
	at org.springframework.context.support.AbstractApplicationContext.refresh(AbstractApplicationContext.java:620) ~[spring-context-7.0.2.jar!/:7.0.2]
	at org.springframework.boot.web.server.servlet.context.ServletWebServerApplicationContext.refresh(ServletWebServerApplicationContext.java:143) ~[spring-boot-web-server-4.0.1.jar!/:4.0.1]
	at org.springframework.boot.SpringApplication.refresh(SpringApplication.java:756) ~[spring-boot-4.0.1.jar!/:4.0.1]
	at org.springframework.boot.SpringApplication.refreshContext(SpringApplication.java:445) ~[spring-boot-4.0.1.jar!/:4.0.1]
	at org.springframework.boot.SpringApplication.run(SpringApplication.java:321) ~[spring-boot-4.0.1.jar!/:4.0.1]
	at org.springframework.boot.SpringApplication.run(SpringApplication.java:1365) ~[spring-boot-4.0.1.jar!/:4.0.1]
	at org.springframework.boot.SpringApplication.run(SpringApplication.java:1354) ~[spring-boot-4.0.1.jar!/:4.0.1]
	at com.deepapp.vn.io.DeepappMainApplication.main(DeepappMainApplication.java:10) ~[!/:0.0.1-SNAPSHOT]
	at java.base/jdk.internal.reflect.NativeMethodAccessorImpl.invoke0(Native Method) ~[na:na]
	at java.base/jdk.internal.reflect.NativeMethodAccessorImpl.invoke(Unknown Source) ~[na:na]
	at java.base/jdk.internal.reflect.DelegatingMethodAccessorImpl.invoke(Unknown Source) ~[na:na]
	at java.base/java.lang.reflect.Method.invoke(Unknown Source) ~[na:na]
	at org.springframework.boot.loader.launch.Launcher.launch(Launcher.java:106) ~[app.jar:0.0.1-SNAPSHOT]
	at org.springframework.boot.loader.launch.Launcher.launch(Launcher.java:64) ~[app.jar:0.0.1-SNAPSHOT]
	at org.springframework.boot.loader.launch.JarLauncher.main(JarLauncher.java:40) ~[app.jar:0.0.1-SNAPSHOT]
Caused by: java.lang.RuntimeException: C++ worker process terminated immediately
	at com.deepapp.vn.io.infrastructure.cpp.CppWorkerManager.startCppWorker(CppWorkerManager.java:222) ~[!/:0.0.1-SNAPSHOT]
	... 35 common frames omitted

2025-12-23T07:43:59.913Z  WARN 7 --- [deepapp_main] [main] ConfigServletWebServerApplicationContext : Exception encountered during context initialization - cancelling refresh attempt: org.springframework.beans.factory.BeanCreationException: Error creating bean with name 'cppWorkerManager': Invocation of init method failed
2025-12-23T07:43:59.915Z  INFO 7 --- [deepapp_main] [main] o.apache.catalina.core.StandardService   : Stopping service [Tomcat]
2025-12-23T07:43:59.923Z  INFO 7 --- [deepapp_main] [main] .s.b.a.l.ConditionEvaluationReportLogger : 

Error starting ApplicationContext. To display the condition evaluation report re-run your application with 'debug' enabled.
2025-12-23T07:43:59.932Z ERROR 7 --- [deepapp_main] [main] o.s.boot.SpringApplication               : Application run failed

org.springframework.beans.factory.BeanCreationException: Error creating bean with name 'cppWorkerManager': Invocation of init method failed
	at org.springframework.beans.factory.annotation.InitDestroyAnnotationBeanPostProcessor.postProcessBeforeInitialization(InitDestroyAnnotationBeanPostProcessor.java:220) ~[spring-beans-7.0.2.jar!/:7.0.2]
	at org.springframework.beans.factory.support.AbstractAutowireCapableBeanFactory.applyBeanPostProcessorsBeforeInitialization(AbstractAutowireCapableBeanFactory.java:426) ~[spring-beans-7.0.2.jar!/:7.0.2]
	at org.springframework.beans.factory.support.AbstractAutowireCapableBeanFactory.initializeBean(AbstractAutowireCapableBeanFactory.java:1809) ~[spring-beans-7.0.2.jar!/:7.0.2]
	at org.springframework.beans.factory.support.AbstractAutowireCapableBeanFactory.doCreateBean(AbstractAutowireCapableBeanFactory.java:603) ~[spring-beans-7.0.2.jar!/:7.0.2]
	at org.springframework.beans.factory.support.AbstractAutowireCapableBeanFactory.createBean(AbstractAutowireCapableBeanFactory.java:525) ~[spring-beans-7.0.2.jar!/:7.0.2]
	at org.springframework.beans.factory.support.AbstractBeanFactory.lambda$doGetBean$0(AbstractBeanFactory.java:333) ~[spring-beans-7.0.2.jar!/:7.0.2]
	at org.springframework.beans.factory.support.DefaultSingletonBeanRegistry.getSingleton(DefaultSingletonBeanRegistry.java:371) ~[spring-beans-7.0.2.jar!/:7.0.2]
	at org.springframework.beans.factory.support.AbstractBeanFactory.doGetBean(AbstractBeanFactory.java:331) ~[spring-beans-7.0.2.jar!/:7.0.2]
	at org.springframework.beans.factory.support.AbstractBeanFactory.getBean(AbstractBeanFactory.java:196) ~[spring-beans-7.0.2.jar!/:7.0.2]
	at org.springframework.beans.factory.support.DefaultListableBeanFactory.instantiateSingleton(DefaultListableBeanFactory.java:1218) ~[spring-beans-7.0.2.jar!/:7.0.2]
	at org.springframework.beans.factory.support.DefaultListableBeanFactory.preInstantiateSingleton(DefaultListableBeanFactory.java:1184) ~[spring-beans-7.0.2.jar!/:7.0.2]
	at org.springframework.beans.factory.support.DefaultListableBeanFactory.preInstantiateSingletons(DefaultListableBeanFactory.java:1121) ~[spring-beans-7.0.2.jar!/:7.0.2]
	at org.springframework.context.support.AbstractApplicationContext.finishBeanFactoryInitialization(AbstractApplicationContext.java:993) ~[spring-context-7.0.2.jar!/:7.0.2]
	at org.springframework.context.support.AbstractApplicationContext.refresh(AbstractApplicationContext.java:620) ~[spring-context-7.0.2.jar!/:7.0.2]
	at org.springframework.boot.web.server.servlet.context.ServletWebServerApplicationContext.refresh(ServletWebServerApplicationContext.java:143) ~[spring-boot-web-server-4.0.1.jar!/:4.0.1]
	at org.springframework.boot.SpringApplication.refresh(SpringApplication.java:756) ~[spring-boot-4.0.1.jar!/:4.0.1]
	at org.springframework.boot.SpringApplication.refreshContext(SpringApplication.java:445) ~[spring-boot-4.0.1.jar!/:4.0.1]
	at org.springframework.boot.SpringApplication.run(SpringApplication.java:321) ~[spring-boot-4.0.1.jar!/:4.0.1]
	at org.springframework.boot.SpringApplication.run(SpringApplication.java:1365) ~[spring-boot-4.0.1.jar!/:4.0.1]
	at org.springframework.boot.SpringApplication.run(SpringApplication.java:1354) ~[spring-boot-4.0.1.jar!/:4.0.1]
	at com.deepapp.vn.io.DeepappMainApplication.main(DeepappMainApplication.java:10) ~[!/:0.0.1-SNAPSHOT]
	at java.base/jdk.internal.reflect.NativeMethodAccessorImpl.invoke0(Native Method) ~[na:na]
	at java.base/jdk.internal.reflect.NativeMethodAccessorImpl.invoke(Unknown Source) ~[na:na]
	at java.base/jdk.internal.reflect.DelegatingMethodAccessorImpl.invoke(Unknown Source) ~[na:na]
	at java.base/java.lang.reflect.Method.invoke(Unknown Source) ~[na:na]
	at org.springframework.boot.loader.launch.Launcher.launch(Launcher.java:106) ~[app.jar:0.0.1-SNAPSHOT]
	at org.springframework.boot.loader.launch.Launcher.launch(Launcher.java:64) ~[app.jar:0.0.1-SNAPSHOT]
	at org.springframework.boot.loader.launch.JarLauncher.main(JarLauncher.java:40) ~[app.jar:0.0.1-SNAPSHOT]
Caused by: java.lang.RuntimeException: C++ worker initialization failed
	at com.deepapp.vn.io.infrastructure.cpp.CppWorkerManager.initialize(CppWorkerManager.java:80) ~[!/:0.0.1-SNAPSHOT]
	at java.base/jdk.internal.reflect.NativeMethodAccessorImpl.invoke0(Native Method) ~[na:na]
	at java.base/jdk.internal.reflect.NativeMethodAccessorImpl.invoke(Unknown Source) ~[na:na]
	at java.base/jdk.internal.reflect.DelegatingMethodAccessorImpl.invoke(Unknown Source) ~[na:na]
	at java.base/java.lang.reflect.Method.invoke(Unknown Source) ~[na:na]
	at org.springframework.beans.factory.annotation.InitDestroyAnnotationBeanPostProcessor$LifecycleMethod.invoke(InitDestroyAnnotationBeanPostProcessor.java:453) ~[spring-beans-7.0.2.jar!/:7.0.2]
	at org.springframework.beans.factory.annotation.InitDestroyAnnotationBeanPostProcessor$LifecycleMetadata.invokeInitMethods(InitDestroyAnnotationBeanPostProcessor.java:397) ~[spring-beans-7.0.2.jar!/:7.0.2]
	at org.springframework.beans.factory.annotation.InitDestroyAnnotationBeanPostProcessor.postProcessBeforeInitialization(InitDestroyAnnotationBeanPostProcessor.java:217) ~[spring-beans-7.0.2.jar!/:7.0.2]
	... 27 common frames omitted
Caused by: java.lang.RuntimeException: C++ worker start failed
	at com.deepapp.vn.io.infrastructure.cpp.CppWorkerManager.startCppWorker(CppWorkerManager.java:230) ~[!/:0.0.1-SNAPSHOT]
	at com.deepapp.vn.io.infrastructure.cpp.CppWorkerManager.initialize(CppWorkerManager.java:73) ~[!/:0.0.1-SNAPSHOT]
	... 34 common frames omitted
Caused by: java.lang.RuntimeException: C++ worker process terminated immediately
	at com.deepapp.vn.io.infrastructure.cpp.CppWorkerManager.startCppWorker(CppWorkerManager.java:222) ~[!/:0.0.1-SNAPSHOT]
	... 35 common frames omitted

2025-12-23T07:44:04.367Z  INFO 7 --- [deepapp_main] [main] c.deepapp.vn.io.DeepappMainApplication   : Starting DeepappMainApplication v0.0.1-SNAPSHOT using Java 17.0.17 with PID 7 (/app/app.jar started by root in /app)
2025-12-23T07:44:04.370Z DEBUG 7 --- [deepapp_main] [main] c.deepapp.vn.io.DeepappMainApplication   : Running with Spring Boot v4.0.1, Spring v7.0.2
2025-12-23T07:44:04.370Z  INFO 7 --- [deepapp_main] [main] c.deepapp.vn.io.DeepappMainApplication   : The following 1 profile is active: "docker"
2025-12-23T07:44:05.286Z  INFO 7 --- [deepapp_main] [main] o.s.boot.tomcat.TomcatWebServer          : Tomcat initialized with port 8080 (http)
2025-12-23T07:44:05.299Z  INFO 7 --- [deepapp_main] [main] o.apache.catalina.core.StandardService   : Starting service [Tomcat]
2025-12-23T07:44:05.299Z  INFO 7 --- [deepapp_main] [main] o.apache.catalina.core.StandardEngine    : Starting Servlet engine: [Apache Tomcat/11.0.15]
2025-12-23T07:44:05.333Z  INFO 7 --- [deepapp_main] [main] b.w.c.s.WebApplicationContextInitializer : Root WebApplicationContext: initialization completed in 915 ms
2025-12-23T07:44:05.507Z  INFO 7 --- [deepapp_main] [main] c.d.v.i.i.cpp.CppWorkerManager           : ========================================
2025-12-23T07:44:05.507Z  INFO 7 --- [deepapp_main] [main] c.d.v.i.i.cpp.CppWorkerManager           : C++ Worker Manager - Initialization
2025-12-23T07:44:05.507Z  INFO 7 --- [deepapp_main] [main] c.d.v.i.i.cpp.CppWorkerManager           : ========================================
2025-12-23T07:44:05.507Z  INFO 7 --- [deepapp_main] [main] c.d.v.i.i.cpp.CppWorkerManager           : Starting C++ worker process...
2025-12-23T07:44:05.507Z  INFO 7 --- [deepapp_main] [main] c.d.v.i.i.cpp.CppWorkerManager           :   gRPC Server: 72.60.111.138:50051:50051
2025-12-23T07:44:05.508Z  INFO 7 --- [deepapp_main] [main] c.d.v.i.i.cpp.CppWorkerManager           :   Client ID: cpp-worker
2025-12-23T07:44:05.513Z ERROR 7 --- [deepapp_main] [cpp-worker-error] c.d.v.i.i.cpp.CppWorkerManager           : [C++ Worker ERROR] /app/build/deepapp_worker_main: error while loading shared libraries: libprotobuf.so.23: cannot open shared object file: No such file or directory
2025-12-23T07:44:07.513Z ERROR 7 --- [deepapp_main] [main] c.d.v.i.i.cpp.CppWorkerManager           : Failed to start C++ worker

java.lang.RuntimeException: C++ worker process terminated immediately
	at com.deepapp.vn.io.infrastructure.cpp.CppWorkerManager.startCppWorker(CppWorkerManager.java:222) ~[!/:0.0.1-SNAPSHOT]
	at com.deepapp.vn.io.infrastructure.cpp.CppWorkerManager.initialize(CppWorkerManager.java:73) ~[!/:0.0.1-SNAPSHOT]
	at java.base/jdk.internal.reflect.NativeMethodAccessorImpl.invoke0(Native Method) ~[na:na]
	at java.base/jdk.internal.reflect.NativeMethodAccessorImpl.invoke(Unknown Source) ~[na:na]
	at java.base/jdk.internal.reflect.DelegatingMethodAccessorImpl.invoke(Unknown Source) ~[na:na]
	at java.base/java.lang.reflect.Method.invoke(Unknown Source) ~[na:na]
	at org.springframework.beans.factory.annotation.InitDestroyAnnotationBeanPostProcessor$LifecycleMethod.invoke(InitDestroyAnnotationBeanPostProcessor.java:453) ~[spring-beans-7.0.2.jar!/:7.0.2]
	at org.springframework.beans.factory.annotation.InitDestroyAnnotationBeanPostProcessor$LifecycleMetadata.invokeInitMethods(InitDestroyAnnotationBeanPostProcessor.java:397) ~[spring-beans-7.0.2.jar!/:7.0.2]
	at org.springframework.beans.factory.annotation.InitDestroyAnnotationBeanPostProcessor.postProcessBeforeInitialization(InitDestroyAnnotationBeanPostProcessor.java:217) ~[spring-beans-7.0.2.jar!/:7.0.2]
	at org.springframework.beans.factory.support.AbstractAutowireCapableBeanFactory.applyBeanPostProcessorsBeforeInitialization(AbstractAutowireCapableBeanFactory.java:426) ~[spring-beans-7.0.2.jar!/:7.0.2]
	at org.springframework.beans.factory.support.AbstractAutowireCapableBeanFactory.initializeBean(AbstractAutowireCapableBeanFactory.java:1809) ~[spring-beans-7.0.2.jar!/:7.0.2]
	at org.springframework.beans.factory.support.AbstractAutowireCapableBeanFactory.doCreateBean(AbstractAutowireCapableBeanFactory.java:603) ~[spring-beans-7.0.2.jar!/:7.0.2]
	at org.springframework.beans.factory.support.AbstractAutowireCapableBeanFactory.createBean(AbstractAutowireCapableBeanFactory.java:525) ~[spring-beans-7.0.2.jar!/:7.0.2]
	at org.springframework.beans.factory.support.AbstractBeanFactory.lambda$doGetBean$0(AbstractBeanFactory.java:333) ~[spring-beans-7.0.2.jar!/:7.0.2]
	at org.springframework.beans.factory.support.DefaultSingletonBeanRegistry.getSingleton(DefaultSingletonBeanRegistry.java:371) ~[spring-beans-7.0.2.jar!/:7.0.2]
	at org.springframework.beans.factory.support.AbstractBeanFactory.doGetBean(AbstractBeanFactory.java:331) ~[spring-beans-7.0.2.jar!/:7.0.2]
	at org.springframework.beans.factory.support.AbstractBeanFactory.getBean(AbstractBeanFactory.java:196) ~[spring-beans-7.0.2.jar!/:7.0.2]
	at org.springframework.beans.factory.support.DefaultListableBeanFactory.instantiateSingleton(DefaultListableBeanFactory.java:1218) ~[spring-beans-7.0.2.jar!/:7.0.2]
	at org.springframework.beans.factory.support.DefaultListableBeanFactory.preInstantiateSingleton(DefaultListableBeanFactory.java:1184) ~[spring-beans-7.0.2.jar!/:7.0.2]
	at org.springframework.beans.factory.support.DefaultListableBeanFactory.preInstantiateSingletons(DefaultListableBeanFactory.java:1121) ~[spring-beans-7.0.2.jar!/:7.0.2]
	at org.springframework.context.support.AbstractApplicationContext.finishBeanFactoryInitialization(AbstractApplicationContext.java:993) ~[spring-context-7.0.2.jar!/:7.0.2]
	at org.springframework.context.support.AbstractApplicationContext.refresh(AbstractApplicationContext.java:620) ~[spring-context-7.0.2.jar!/:7.0.2]
	at org.springframework.boot.web.server.servlet.context.ServletWebServerApplicationContext.refresh(ServletWebServerApplicationContext.java:143) ~[spring-boot-web-server-4.0.1.jar!/:4.0.1]
	at org.springframework.boot.SpringApplication.refresh(SpringApplication.java:756) ~[spring-boot-4.0.1.jar!/:4.0.1]
	at org.springframework.boot.SpringApplication.refreshContext(SpringApplication.java:445) ~[spring-boot-4.0.1.jar!/:4.0.1]
	at org.springframework.boot.SpringApplication.run(SpringApplication.java:321) ~[spring-boot-4.0.1.jar!/:4.0.1]
	at org.springframework.boot.SpringApplication.run(SpringApplication.java:1365) ~[spring-boot-4.0.1.jar!/:4.0.1]
	at org.springframework.boot.SpringApplication.run(SpringApplication.java:1354) ~[spring-boot-4.0.1.jar!/:4.0.1]
	at com.deepapp.vn.io.DeepappMainApplication.main(DeepappMainApplication.java:10) ~[!/:0.0.1-SNAPSHOT]
	at java.base/jdk.internal.reflect.NativeMethodAccessorImpl.invoke0(Native Method) ~[na:na]
	at java.base/jdk.internal.reflect.NativeMethodAccessorImpl.invoke(Unknown Source) ~[na:na]
	at java.base/jdk.internal.reflect.DelegatingMethodAccessorImpl.invoke(Unknown Source) ~[na:na]
	at java.base/java.lang.reflect.Method.invoke(Unknown Source) ~[na:na]
	at org.springframework.boot.loader.launch.Launcher.launch(Launcher.java:106) ~[app.jar:0.0.1-SNAPSHOT]
	at org.springframework.boot.loader.launch.Launcher.launch(Launcher.java:64) ~[app.jar:0.0.1-SNAPSHOT]
	at org.springframework.boot.loader.launch.JarLauncher.main(JarLauncher.java:40) ~[app.jar:0.0.1-SNAPSHOT]

2025-12-23T07:44:07.516Z ERROR 7 --- [deepapp_main] [main] c.d.v.i.i.cpp.CppWorkerManager           : Failed to initialize C++ worker manager

java.lang.RuntimeException: C++ worker start failed
	at com.deepapp.vn.io.infrastructure.cpp.CppWorkerManager.startCppWorker(CppWorkerManager.java:230) ~[!/:0.0.1-SNAPSHOT]
	at com.deepapp.vn.io.infrastructure.cpp.CppWorkerManager.initialize(CppWorkerManager.java:73) ~[!/:0.0.1-SNAPSHOT]
	at java.base/jdk.internal.reflect.NativeMethodAccessorImpl.invoke0(Native Method) ~[na:na]
	at java.base/jdk.internal.reflect.NativeMethodAccessorImpl.invoke(Unknown Source) ~[na:na]
	at java.base/jdk.internal.reflect.DelegatingMethodAccessorImpl.invoke(Unknown Source) ~[na:na]
	at java.base/java.lang.reflect.Method.invoke(Unknown Source) ~[na:na]
	at org.springframework.beans.factory.annotation.InitDestroyAnnotationBeanPostProcessor$LifecycleMethod.invoke(InitDestroyAnnotationBeanPostProcessor.java:453) ~[spring-beans-7.0.2.jar!/:7.0.2]
	at org.springframework.beans.factory.annotation.InitDestroyAnnotationBeanPostProcessor$LifecycleMetadata.invokeInitMethods(InitDestroyAnnotationBeanPostProcessor.java:397) ~[spring-beans-7.0.2.jar!/:7.0.2]
	at org.springframework.beans.factory.annotation.InitDestroyAnnotationBeanPostProcessor.postProcessBeforeInitialization(InitDestroyAnnotationBeanPostProcessor.java:217) ~[spring-beans-7.0.2.jar!/:7.0.2]
	at org.springframework.beans.factory.support.AbstractAutowireCapableBeanFactory.applyBeanPostProcessorsBeforeInitialization(AbstractAutowireCapableBeanFactory.java:426) ~[spring-beans-7.0.2.jar!/:7.0.2]
	at org.springframework.beans.factory.support.AbstractAutowireCapableBeanFactory.initializeBean(AbstractAutowireCapableBeanFactory.java:1809) ~[spring-beans-7.0.2.jar!/:7.0.2]
	at org.springframework.beans.factory.support.AbstractAutowireCapableBeanFactory.doCreateBean(AbstractAutowireCapableBeanFactory.java:603) ~[spring-beans-7.0.2.jar!/:7.0.2]
	at org.springframework.beans.factory.support.AbstractAutowireCapableBeanFactory.createBean(AbstractAutowireCapableBeanFactory.java:525) ~[spring-beans-7.0.2.jar!/:7.0.2]
	at org.springframework.beans.factory.support.AbstractBeanFactory.lambda$doGetBean$0(AbstractBeanFactory.java:333) ~[spring-beans-7.0.2.jar!/:7.0.2]
	at org.springframework.beans.factory.support.DefaultSingletonBeanRegistry.getSingleton(DefaultSingletonBeanRegistry.java:371) ~[spring-beans-7.0.2.jar!/:7.0.2]
	at org.springframework.beans.factory.support.AbstractBeanFactory.doGetBean(AbstractBeanFactory.java:331) ~[spring-beans-7.0.2.jar!/:7.0.2]
	at org.springframework.beans.factory.support.AbstractBeanFactory.getBean(AbstractBeanFactory.java:196) ~[spring-beans-7.0.2.jar!/:7.0.2]
	at org.springframework.beans.factory.support.DefaultListableBeanFactory.instantiateSingleton(DefaultListableBeanFactory.java:1218) ~[spring-beans-7.0.2.jar!/:7.0.2]
	at org.springframework.beans.factory.support.DefaultListableBeanFactory.preInstantiateSingleton(DefaultListableBeanFactory.java:1184) ~[spring-beans-7.0.2.jar!/:7.0.2]
	at org.springframework.beans.factory.support.DefaultListableBeanFactory.preInstantiateSingletons(DefaultListableBeanFactory.java:1121) ~[spring-beans-7.0.2.jar!/:7.0.2]
	at org.springframework.context.support.AbstractApplicationContext.finishBeanFactoryInitialization(AbstractApplicationContext.java:993) ~[spring-context-7.0.2.jar!/:7.0.2]
	at org.springframework.context.support.AbstractApplicationContext.refresh(AbstractApplicationContext.java:620) ~[spring-context-7.0.2.jar!/:7.0.2]
	at org.springframework.boot.web.server.servlet.context.ServletWebServerApplicationContext.refresh(ServletWebServerApplicationContext.java:143) ~[spring-boot-web-server-4.0.1.jar!/:4.0.1]
	at org.springframework.boot.SpringApplication.refresh(SpringApplication.java:756) ~[spring-boot-4.0.1.jar!/:4.0.1]
	at org.springframework.boot.SpringApplication.refreshContext(SpringApplication.java:445) ~[spring-boot-4.0.1.jar!/:4.0.1]
	at org.springframework.boot.SpringApplication.run(SpringApplication.java:321) ~[spring-boot-4.0.1.jar!/:4.0.1]
	at org.springframework.boot.SpringApplication.run(SpringApplication.java:1365) ~[spring-boot-4.0.1.jar!/:4.0.1]
	at org.springframework.boot.SpringApplication.run(SpringApplication.java:1354) ~[spring-boot-4.0.1.jar!/:4.0.1]
	at com.deepapp.vn.io.DeepappMainApplication.main(DeepappMainApplication.java:10) ~[!/:0.0.1-SNAPSHOT]
	at java.base/jdk.internal.reflect.NativeMethodAccessorImpl.invoke0(Native Method) ~[na:na]
	at java.base/jdk.internal.reflect.NativeMethodAccessorImpl.invoke(Unknown Source) ~[na:na]
	at java.base/jdk.internal.reflect.DelegatingMethodAccessorImpl.invoke(Unknown Source) ~[na:na]
	at java.base/java.lang.reflect.Method.invoke(Unknown Source) ~[na:na]
	at org.springframework.boot.loader.launch.Launcher.launch(Launcher.java:106) ~[app.jar:0.0.1-SNAPSHOT]
	at org.springframework.boot.loader.launch.Launcher.launch(Launcher.java:64) ~[app.jar:0.0.1-SNAPSHOT]
	at org.springframework.boot.loader.launch.JarLauncher.main(JarLauncher.java:40) ~[app.jar:0.0.1-SNAPSHOT]
Caused by: java.lang.RuntimeException: C++ worker process terminated immediately
	at com.deepapp.vn.io.infrastructure.cpp.CppWorkerManager.startCppWorker(CppWorkerManager.java:222) ~[!/:0.0.1-SNAPSHOT]
	... 35 common frames omitted

2025-12-23T07:44:07.518Z  WARN 7 --- [deepapp_main] [main] ConfigServletWebServerApplicationContext : Exception encountered during context initialization - cancelling refresh attempt: org.springframework.beans.factory.BeanCreationException: Error creating bean with name 'cppWorkerManager': Invocation of init method failed
2025-12-23T07:44:07.521Z  INFO 7 --- [deepapp_main] [main] o.apache.catalina.core.StandardService   : Stopping service [Tomcat]
2025-12-23T07:44:07.532Z  INFO 7 --- [deepapp_main] [main] .s.b.a.l.ConditionEvaluationReportLogger : 

Error starting ApplicationContext. To display the condition evaluation report re-run your application with 'debug' enabled.
2025-12-23T07:44:07.544Z ERROR 7 --- [deepapp_main] [main] o.s.boot.SpringApplication               : Application run failed

org.springframework.beans.factory.BeanCreationException: Error creating bean with name 'cppWorkerManager': Invocation of init method failed
	at org.springframework.beans.factory.annotation.InitDestroyAnnotationBeanPostProcessor.postProcessBeforeInitialization(InitDestroyAnnotationBeanPostProcessor.java:220) ~[spring-beans-7.0.2.jar!/:7.0.2]
	at org.springframework.beans.factory.support.AbstractAutowireCapableBeanFactory.applyBeanPostProcessorsBeforeInitialization(AbstractAutowireCapableBeanFactory.java:426) ~[spring-beans-7.0.2.jar!/:7.0.2]
	at org.springframework.beans.factory.support.AbstractAutowireCapableBeanFactory.initializeBean(AbstractAutowireCapableBeanFactory.java:1809) ~[spring-beans-7.0.2.jar!/:7.0.2]
	at org.springframework.beans.factory.support.AbstractAutowireCapableBeanFactory.doCreateBean(AbstractAutowireCapableBeanFactory.java:603) ~[spring-beans-7.0.2.jar!/:7.0.2]
	at org.springframework.beans.factory.support.AbstractAutowireCapableBeanFactory.createBean(AbstractAutowireCapableBeanFactory.java:525) ~[spring-beans-7.0.2.jar!/:7.0.2]
	at org.springframework.beans.factory.support.AbstractBeanFactory.lambda$doGetBean$0(AbstractBeanFactory.java:333) ~[spring-beans-7.0.2.jar!/:7.0.2]
	at org.springframework.beans.factory.support.DefaultSingletonBeanRegistry.getSingleton(DefaultSingletonBeanRegistry.java:371) ~[spring-beans-7.0.2.jar!/:7.0.2]
	at org.springframework.beans.factory.support.AbstractBeanFactory.doGetBean(AbstractBeanFactory.java:331) ~[spring-beans-7.0.2.jar!/:7.0.2]
	at org.springframework.beans.factory.support.AbstractBeanFactory.getBean(AbstractBeanFactory.java:196) ~[spring-beans-7.0.2.jar!/:7.0.2]
	at org.springframework.beans.factory.support.DefaultListableBeanFactory.instantiateSingleton(DefaultListableBeanFactory.java:1218) ~[spring-beans-7.0.2.jar!/:7.0.2]
	at org.springframework.beans.factory.support.DefaultListableBeanFactory.preInstantiateSingleton(DefaultListableBeanFactory.java:1184) ~[spring-beans-7.0.2.jar!/:7.0.2]
	at org.springframework.beans.factory.support.DefaultListableBeanFactory.preInstantiateSingletons(DefaultListableBeanFactory.java:1121) ~[spring-beans-7.0.2.jar!/:7.0.2]
	at org.springframework.context.support.AbstractApplicationContext.finishBeanFactoryInitialization(AbstractApplicationContext.java:993) ~[spring-context-7.0.2.jar!/:7.0.2]
	at org.springframework.context.support.AbstractApplicationContext.refresh(AbstractApplicationContext.java:620) ~[spring-context-7.0.2.jar!/:7.0.2]
	at org.springframework.boot.web.server.servlet.context.ServletWebServerApplicationContext.refresh(ServletWebServerApplicationContext.java:143) ~[spring-boot-web-server-4.0.1.jar!/:4.0.1]
	at org.springframework.boot.SpringApplication.refresh(SpringApplication.java:756) ~[spring-boot-4.0.1.jar!/:4.0.1]
	at org.springframework.boot.SpringApplication.refreshContext(SpringApplication.java:445) ~[spring-boot-4.0.1.jar!/:4.0.1]
	at org.springframework.boot.SpringApplication.run(SpringApplication.java:321) ~[spring-boot-4.0.1.jar!/:4.0.1]
	at org.springframework.boot.SpringApplication.run(SpringApplication.java:1365) ~[spring-boot-4.0.1.jar!/:4.0.1]
	at org.springframework.boot.SpringApplication.run(SpringApplication.java:1354) ~[spring-boot-4.0.1.jar!/:4.0.1]
	at com.deepapp.vn.io.DeepappMainApplication.main(DeepappMainApplication.java:10) ~[!/:0.0.1-SNAPSHOT]
	at java.base/jdk.internal.reflect.NativeMethodAccessorImpl.invoke0(Native Method) ~[na:na]
	at java.base/jdk.internal.reflect.NativeMethodAccessorImpl.invoke(Unknown Source) ~[na:na]
	at java.base/jdk.internal.reflect.DelegatingMethodAccessorImpl.invoke(Unknown Source) ~[na:na]
	at java.base/java.lang.reflect.Method.invoke(Unknown Source) ~[na:na]
	at org.springframework.boot.loader.launch.Launcher.launch(Launcher.java:106) ~[app.jar:0.0.1-SNAPSHOT]
	at org.springframework.boot.loader.launch.Launcher.launch(Launcher.java:64) ~[app.jar:0.0.1-SNAPSHOT]
	at org.springframework.boot.loader.launch.JarLauncher.main(JarLauncher.java:40) ~[app.jar:0.0.1-SNAPSHOT]
Caused by: java.lang.RuntimeException: C++ worker initialization failed
	at com.deepapp.vn.io.infrastructure.cpp.CppWorkerManager.initialize(CppWorkerManager.java:80) ~[!/:0.0.1-SNAPSHOT]
	at java.base/jdk.internal.reflect.NativeMethodAccessorImpl.invoke0(Native Method) ~[na:na]
	at java.base/jdk.internal.reflect.NativeMethodAccessorImpl.invoke(Unknown Source) ~[na:na]
	at java.base/jdk.internal.reflect.DelegatingMethodAccessorImpl.invoke(Unknown Source) ~[na:na]
	at java.base/java.lang.reflect.Method.invoke(Unknown Source) ~[na:na]
	at org.springframework.beans.factory.annotation.InitDestroyAnnotationBeanPostProcessor$LifecycleMethod.invoke(InitDestroyAnnotationBeanPostProcessor.java:453) ~[spring-beans-7.0.2.jar!/:7.0.2]
	at org.springframework.beans.factory.annotation.InitDestroyAnnotationBeanPostProcessor$LifecycleMetadata.invokeInitMethods(InitDestroyAnnotationBeanPostProcessor.java:397) ~[spring-beans-7.0.2.jar!/:7.0.2]
	at org.springframework.beans.factory.annotation.InitDestroyAnnotationBeanPostProcessor.postProcessBeforeInitialization(InitDestroyAnnotationBeanPostProcessor.java:217) ~[spring-beans-7.0.2.jar!/:7.0.2]
	... 27 common frames omitted
Caused by: java.lang.RuntimeException: C++ worker start failed
	at com.deepapp.vn.io.infrastructure.cpp.CppWorkerManager.startCppWorker(CppWorkerManager.java:230) ~[!/:0.0.1-SNAPSHOT]
	at com.deepapp.vn.io.infrastructure.cpp.CppWorkerManager.initialize(CppWorkerManager.java:73) ~[!/:0.0.1-SNAPSHOT]
	... 34 common frames omitted
Caused by: java.lang.RuntimeException: C++ worker process terminated immediately
	at com.deepapp.vn.io.infrastructure.cpp.CppWorkerManager.startCppWorker(CppWorkerManager.java:222) ~[!/:0.0.1-SNAPSHOT]
	... 35 common frames omitted

2025-12-23T07:44:15.163Z  INFO 7 --- [deepapp_main] [main] c.deepapp.vn.io.DeepappMainApplication   : Starting DeepappMainApplication v0.0.1-SNAPSHOT using Java 17.0.17 with PID 7 (/app/app.jar started by root in /app)
2025-12-23T07:44:15.166Z DEBUG 7 --- [deepapp_main] [main] c.deepapp.vn.io.DeepappMainApplication   : Running with Spring Boot v4.0.1, Spring v7.0.2
2025-12-23T07:44:15.167Z  INFO 7 --- [deepapp_main] [main] c.deepapp.vn.io.DeepappMainApplication   : The following 1 profile is active: "docker"
2025-12-23T07:44:16.161Z  INFO 7 --- [deepapp_main] [main] o.s.boot.tomcat.TomcatWebServer          : Tomcat initialized with port 8080 (http)
2025-12-23T07:44:16.173Z  INFO 7 --- [deepapp_main] [main] o.apache.catalina.core.StandardService   : Starting service [Tomcat]
2025-12-23T07:44:16.174Z  INFO 7 --- [deepapp_main] [main] o.apache.catalina.core.StandardEngine    : Starting Servlet engine: [Apache Tomcat/11.0.15]
2025-12-23T07:44:16.206Z  INFO 7 --- [deepapp_main] [main] b.w.c.s.WebApplicationContextInitializer : Root WebApplicationContext: initialization completed in 999 ms
2025-12-23T07:44:16.389Z  INFO 7 --- [deepapp_main] [main] c.d.v.i.i.cpp.CppWorkerManager           : ========================================
2025-12-23T07:44:16.389Z  INFO 7 --- [deepapp_main] [main] c.d.v.i.i.cpp.CppWorkerManager           : C++ Worker Manager - Initialization
2025-12-23T07:44:16.390Z  INFO 7 --- [deepapp_main] [main] c.d.v.i.i.cpp.CppWorkerManager           : ========================================
2025-12-23T07:44:16.390Z  INFO 7 --- [deepapp_main] [main] c.d.v.i.i.cpp.CppWorkerManager           : Starting C++ worker process...
2025-12-23T07:44:16.390Z  INFO 7 --- [deepapp_main] [main] c.d.v.i.i.cpp.CppWorkerManager           :   gRPC Server: 72.60.111.138:50051:50051
2025-12-23T07:44:16.390Z  INFO 7 --- [deepapp_main] [main] c.d.v.i.i.cpp.CppWorkerManager           :   Client ID: cpp-worker
2025-12-23T07:44:16.396Z ERROR 7 --- [deepapp_main] [cpp-worker-error] c.d.v.i.i.cpp.CppWorkerManager           : [C++ Worker ERROR] /app/build/deepapp_worker_main: error while loading shared libraries: libprotobuf.so.23: cannot open shared object file: No such file or directory
2025-12-23T07:44:18.396Z ERROR 7 --- [deepapp_main] [main] c.d.v.i.i.cpp.CppWorkerManager           : Failed to start C++ worker

java.lang.RuntimeException: C++ worker process terminated immediately
	at com.deepapp.vn.io.infrastructure.cpp.CppWorkerManager.startCppWorker(CppWorkerManager.java:222) ~[!/:0.0.1-SNAPSHOT]
	at com.deepapp.vn.io.infrastructure.cpp.CppWorkerManager.initialize(CppWorkerManager.java:73) ~[!/:0.0.1-SNAPSHOT]
	at java.base/jdk.internal.reflect.NativeMethodAccessorImpl.invoke0(Native Method) ~[na:na]
	at java.base/jdk.internal.reflect.NativeMethodAccessorImpl.invoke(Unknown Source) ~[na:na]
	at java.base/jdk.internal.reflect.DelegatingMethodAccessorImpl.invoke(Unknown Source) ~[na:na]
	at java.base/java.lang.reflect.Method.invoke(Unknown Source) ~[na:na]
	at org.springframework.beans.factory.annotation.InitDestroyAnnotationBeanPostProcessor$LifecycleMethod.invoke(InitDestroyAnnotationBeanPostProcessor.java:453) ~[spring-beans-7.0.2.jar!/:7.0.2]
	at org.springframework.beans.factory.annotation.InitDestroyAnnotationBeanPostProcessor$LifecycleMetadata.invokeInitMethods(InitDestroyAnnotationBeanPostProcessor.java:397) ~[spring-beans-7.0.2.jar!/:7.0.2]
	at org.springframework.beans.factory.annotation.InitDestroyAnnotationBeanPostProcessor.postProcessBeforeInitialization(InitDestroyAnnotationBeanPostProcessor.java:217) ~[spring-beans-7.0.2.jar!/:7.0.2]
	at org.springframework.beans.factory.support.AbstractAutowireCapableBeanFactory.applyBeanPostProcessorsBeforeInitialization(AbstractAutowireCapableBeanFactory.java:426) ~[spring-beans-7.0.2.jar!/:7.0.2]
	at org.springframework.beans.factory.support.AbstractAutowireCapableBeanFactory.initializeBean(AbstractAutowireCapableBeanFactory.java:1809) ~[spring-beans-7.0.2.jar!/:7.0.2]
	at org.springframework.beans.factory.support.AbstractAutowireCapableBeanFactory.doCreateBean(AbstractAutowireCapableBeanFactory.java:603) ~[spring-beans-7.0.2.jar!/:7.0.2]
	at org.springframework.beans.factory.support.AbstractAutowireCapableBeanFactory.createBean(AbstractAutowireCapableBeanFactory.java:525) ~[spring-beans-7.0.2.jar!/:7.0.2]
	at org.springframework.beans.factory.support.AbstractBeanFactory.lambda$doGetBean$0(AbstractBeanFactory.java:333) ~[spring-beans-7.0.2.jar!/:7.0.2]
	at org.springframework.beans.factory.support.DefaultSingletonBeanRegistry.getSingleton(DefaultSingletonBeanRegistry.java:371) ~[spring-beans-7.0.2.jar!/:7.0.2]
	at org.springframework.beans.factory.support.AbstractBeanFactory.doGetBean(AbstractBeanFactory.java:331) ~[spring-beans-7.0.2.jar!/:7.0.2]
	at org.springframework.beans.factory.support.AbstractBeanFactory.getBean(AbstractBeanFactory.java:196) ~[spring-beans-7.0.2.jar!/:7.0.2]
	at org.springframework.beans.factory.support.DefaultListableBeanFactory.instantiateSingleton(DefaultListableBeanFactory.java:1218) ~[spring-beans-7.0.2.jar!/:7.0.2]
	at org.springframework.beans.factory.support.DefaultListableBeanFactory.preInstantiateSingleton(DefaultListableBeanFactory.java:1184) ~[spring-beans-7.0.2.jar!/:7.0.2]
	at org.springframework.beans.factory.support.DefaultListableBeanFactory.preInstantiateSingletons(DefaultListableBeanFactory.java:1121) ~[spring-beans-7.0.2.jar!/:7.0.2]
	at org.springframework.context.support.AbstractApplicationContext.finishBeanFactoryInitialization(AbstractApplicationContext.java:993) ~[spring-context-7.0.2.jar!/:7.0.2]
	at org.springframework.context.support.AbstractApplicationContext.refresh(AbstractApplicationContext.java:620) ~[spring-context-7.0.2.jar!/:7.0.2]
	at org.springframework.boot.web.server.servlet.context.ServletWebServerApplicationContext.refresh(ServletWebServerApplicationContext.java:143) ~[spring-boot-web-server-4.0.1.jar!/:4.0.1]
	at org.springframework.boot.SpringApplication.refresh(SpringApplication.java:756) ~[spring-boot-4.0.1.jar!/:4.0.1]
	at org.springframework.boot.SpringApplication.refreshContext(SpringApplication.java:445) ~[spring-boot-4.0.1.jar!/:4.0.1]
	at org.springframework.boot.SpringApplication.run(SpringApplication.java:321) ~[spring-boot-4.0.1.jar!/:4.0.1]
	at org.springframework.boot.SpringApplication.run(SpringApplication.java:1365) ~[spring-boot-4.0.1.jar!/:4.0.1]
	at org.springframework.boot.SpringApplication.run(SpringApplication.java:1354) ~[spring-boot-4.0.1.jar!/:4.0.1]
	at com.deepapp.vn.io.DeepappMainApplication.main(DeepappMainApplication.java:10) ~[!/:0.0.1-SNAPSHOT]
	at java.base/jdk.internal.reflect.NativeMethodAccessorImpl.invoke0(Native Method) ~[na:na]
	at java.base/jdk.internal.reflect.NativeMethodAccessorImpl.invoke(Unknown Source) ~[na:na]
	at java.base/jdk.internal.reflect.DelegatingMethodAccessorImpl.invoke(Unknown Source) ~[na:na]
	at java.base/java.lang.reflect.Method.invoke(Unknown Source) ~[na:na]
	at org.springframework.boot.loader.launch.Launcher.launch(Launcher.java:106) ~[app.jar:0.0.1-SNAPSHOT]
	at org.springframework.boot.loader.launch.Launcher.launch(Launcher.java:64) ~[app.jar:0.0.1-SNAPSHOT]
	at org.springframework.boot.loader.launch.JarLauncher.main(JarLauncher.java:40) ~[app.jar:0.0.1-SNAPSHOT]

2025-12-23T07:44:18.400Z ERROR 7 --- [deepapp_main] [main] c.d.v.i.i.cpp.CppWorkerManager           : Failed to initialize C++ worker manager

java.lang.RuntimeException: C++ worker start failed
	at com.deepapp.vn.io.infrastructure.cpp.CppWorkerManager.startCppWorker(CppWorkerManager.java:230) ~[!/:0.0.1-SNAPSHOT]
	at com.deepapp.vn.io.infrastructure.cpp.CppWorkerManager.initialize(CppWorkerManager.java:73) ~[!/:0.0.1-SNAPSHOT]
	at java.base/jdk.internal.reflect.NativeMethodAccessorImpl.invoke0(Native Method) ~[na:na]
	at java.base/jdk.internal.reflect.NativeMethodAccessorImpl.invoke(Unknown Source) ~[na:na]
	at java.base/jdk.internal.reflect.DelegatingMethodAccessorImpl.invoke(Unknown Source) ~[na:na]
	at java.base/java.lang.reflect.Method.invoke(Unknown Source) ~[na:na]
	at org.springframework.beans.factory.annotation.InitDestroyAnnotationBeanPostProcessor$LifecycleMethod.invoke(InitDestroyAnnotationBeanPostProcessor.java:453) ~[spring-beans-7.0.2.jar!/:7.0.2]
	at org.springframework.beans.factory.annotation.InitDestroyAnnotationBeanPostProcessor$LifecycleMetadata.invokeInitMethods(InitDestroyAnnotationBeanPostProcessor.java:397) ~[spring-beans-7.0.2.jar!/:7.0.2]
	at org.springframework.beans.factory.annotation.InitDestroyAnnotationBeanPostProcessor.postProcessBeforeInitialization(InitDestroyAnnotationBeanPostProcessor.java:217) ~[spring-beans-7.0.2.jar!/:7.0.2]
	at org.springframework.beans.factory.support.AbstractAutowireCapableBeanFactory.applyBeanPostProcessorsBeforeInitialization(AbstractAutowireCapableBeanFactory.java:426) ~[spring-beans-7.0.2.jar!/:7.0.2]
	at org.springframework.beans.factory.support.AbstractAutowireCapableBeanFactory.initializeBean(AbstractAutowireCapableBeanFactory.java:1809) ~[spring-beans-7.0.2.jar!/:7.0.2]
	at org.springframework.beans.factory.support.AbstractAutowireCapableBeanFactory.doCreateBean(AbstractAutowireCapableBeanFactory.java:603) ~[spring-beans-7.0.2.jar!/:7.0.2]
	at org.springframework.beans.factory.support.AbstractAutowireCapableBeanFactory.createBean(AbstractAutowireCapableBeanFactory.java:525) ~[spring-beans-7.0.2.jar!/:7.0.2]
	at org.springframework.beans.factory.support.AbstractBeanFactory.lambda$doGetBean$0(AbstractBeanFactory.java:333) ~[spring-beans-7.0.2.jar!/:7.0.2]
	at org.springframework.beans.factory.support.DefaultSingletonBeanRegistry.getSingleton(DefaultSingletonBeanRegistry.java:371) ~[spring-beans-7.0.2.jar!/:7.0.2]
	at org.springframework.beans.factory.support.AbstractBeanFactory.doGetBean(AbstractBeanFactory.java:331) ~[spring-beans-7.0.2.jar!/:7.0.2]
	at org.springframework.beans.factory.support.AbstractBeanFactory.getBean(AbstractBeanFactory.java:196) ~[spring-beans-7.0.2.jar!/:7.0.2]
	at org.springframework.beans.factory.support.DefaultListableBeanFactory.instantiateSingleton(DefaultListableBeanFactory.java:1218) ~[spring-beans-7.0.2.jar!/:7.0.2]
	at org.springframework.beans.factory.support.DefaultListableBeanFactory.preInstantiateSingleton(DefaultListableBeanFactory.java:1184) ~[spring-beans-7.0.2.jar!/:7.0.2]
	at org.springframework.beans.factory.support.DefaultListableBeanFactory.preInstantiateSingletons(DefaultListableBeanFactory.java:1121) ~[spring-beans-7.0.2.jar!/:7.0.2]
	at org.springframework.context.support.AbstractApplicationContext.finishBeanFactoryInitialization(AbstractApplicationContext.java:993) ~[spring-context-7.0.2.jar!/:7.0.2]
	at org.springframework.context.support.AbstractApplicationContext.refresh(AbstractApplicationContext.java:620) ~[spring-context-7.0.2.jar!/:7.0.2]
	at org.springframework.boot.web.server.servlet.context.ServletWebServerApplicationContext.refresh(ServletWebServerApplicationContext.java:143) ~[spring-boot-web-server-4.0.1.jar!/:4.0.1]
	at org.springframework.boot.SpringApplication.refresh(SpringApplication.java:756) ~[spring-boot-4.0.1.jar!/:4.0.1]
	at org.springframework.boot.SpringApplication.refreshContext(SpringApplication.java:445) ~[spring-boot-4.0.1.jar!/:4.0.1]
	at org.springframework.boot.SpringApplication.run(SpringApplication.java:321) ~[spring-boot-4.0.1.jar!/:4.0.1]
	at org.springframework.boot.SpringApplication.run(SpringApplication.java:1365) ~[spring-boot-4.0.1.jar!/:4.0.1]
	at org.springframework.boot.SpringApplication.run(SpringApplication.java:1354) ~[spring-boot-4.0.1.jar!/:4.0.1]
	at com.deepapp.vn.io.DeepappMainApplication.main(DeepappMainApplication.java:10) ~[!/:0.0.1-SNAPSHOT]
	at java.base/jdk.internal.reflect.NativeMethodAccessorImpl.invoke0(Native Method) ~[na:na]
	at java.base/jdk.internal.reflect.NativeMethodAccessorImpl.invoke(Unknown Source) ~[na:na]
	at java.base/jdk.internal.reflect.DelegatingMethodAccessorImpl.invoke(Unknown Source) ~[na:na]
	at java.base/java.lang.reflect.Method.invoke(Unknown Source) ~[na:na]
	at org.springframework.boot.loader.launch.Launcher.launch(Launcher.java:106) ~[app.jar:0.0.1-SNAPSHOT]
	at org.springframework.boot.loader.launch.Launcher.launch(Launcher.java:64) ~[app.jar:0.0.1-SNAPSHOT]
	at org.springframework.boot.loader.launch.JarLauncher.main(JarLauncher.java:40) ~[app.jar:0.0.1-SNAPSHOT]
Caused by: java.lang.RuntimeException: C++ worker process terminated immediately
	at com.deepapp.vn.io.infrastructure.cpp.CppWorkerManager.startCppWorker(CppWorkerManager.java:222) ~[!/:0.0.1-SNAPSHOT]
	... 35 common frames omitted

2025-12-23T07:44:18.403Z  WARN 7 --- [deepapp_main] [main] ConfigServletWebServerApplicationContext : Exception encountered during context initialization - cancelling refresh attempt: org.springframework.beans.factory.BeanCreationException: Error creating bean with name 'cppWorkerManager': Invocation of init method failed
2025-12-23T07:44:18.406Z  INFO 7 --- [deepapp_main] [main] o.apache.catalina.core.StandardService   : Stopping service [Tomcat]
2025-12-23T07:44:18.416Z  INFO 7 --- [deepapp_main] [main] .s.b.a.l.ConditionEvaluationReportLogger : 

Error starting ApplicationContext. To display the condition evaluation report re-run your application with 'debug' enabled.
2025-12-23T07:44:18.428Z ERROR 7 --- [deepapp_main] [main] o.s.boot.SpringApplication               : Application run failed

org.springframework.beans.factory.BeanCreationException: Error creating bean with name 'cppWorkerManager': Invocation of init method failed
	at org.springframework.beans.factory.annotation.InitDestroyAnnotationBeanPostProcessor.postProcessBeforeInitialization(InitDestroyAnnotationBeanPostProcessor.java:220) ~[spring-beans-7.0.2.jar!/:7.0.2]
	at org.springframework.beans.factory.support.AbstractAutowireCapableBeanFactory.applyBeanPostProcessorsBeforeInitialization(AbstractAutowireCapableBeanFactory.java:426) ~[spring-beans-7.0.2.jar!/:7.0.2]
	at org.springframework.beans.factory.support.AbstractAutowireCapableBeanFactory.initializeBean(AbstractAutowireCapableBeanFactory.java:1809) ~[spring-beans-7.0.2.jar!/:7.0.2]
	at org.springframework.beans.factory.support.AbstractAutowireCapableBeanFactory.doCreateBean(AbstractAutowireCapableBeanFactory.java:603) ~[spring-beans-7.0.2.jar!/:7.0.2]
	at org.springframework.beans.factory.support.AbstractAutowireCapableBeanFactory.createBean(AbstractAutowireCapableBeanFactory.java:525) ~[spring-beans-7.0.2.jar!/:7.0.2]
	at org.springframework.beans.factory.support.AbstractBeanFactory.lambda$doGetBean$0(AbstractBeanFactory.java:333) ~[spring-beans-7.0.2.jar!/:7.0.2]
	at org.springframework.beans.factory.support.DefaultSingletonBeanRegistry.getSingleton(DefaultSingletonBeanRegistry.java:371) ~[spring-beans-7.0.2.jar!/:7.0.2]
	at org.springframework.beans.factory.support.AbstractBeanFactory.doGetBean(AbstractBeanFactory.java:331) ~[spring-beans-7.0.2.jar!/:7.0.2]
	at org.springframework.beans.factory.support.AbstractBeanFactory.getBean(AbstractBeanFactory.java:196) ~[spring-beans-7.0.2.jar!/:7.0.2]
	at org.springframework.beans.factory.support.DefaultListableBeanFactory.instantiateSingleton(DefaultListableBeanFactory.java:1218) ~[spring-beans-7.0.2.jar!/:7.0.2]
	at org.springframework.beans.factory.support.DefaultListableBeanFactory.preInstantiateSingleton(DefaultListableBeanFactory.java:1184) ~[spring-beans-7.0.2.jar!/:7.0.2]
	at org.springframework.beans.factory.support.DefaultListableBeanFactory.preInstantiateSingletons(DefaultListableBeanFactory.java:1121) ~[spring-beans-7.0.2.jar!/:7.0.2]
	at org.springframework.context.support.AbstractApplicationContext.finishBeanFactoryInitialization(AbstractApplicationContext.java:993) ~[spring-context-7.0.2.jar!/:7.0.2]
	at org.springframework.context.support.AbstractApplicationContext.refresh(AbstractApplicationContext.java:620) ~[spring-context-7.0.2.jar!/:7.0.2]
	at org.springframework.boot.web.server.servlet.context.ServletWebServerApplicationContext.refresh(ServletWebServerApplicationContext.java:143) ~[spring-boot-web-server-4.0.1.jar!/:4.0.1]
	at org.springframework.boot.SpringApplication.refresh(SpringApplication.java:756) ~[spring-boot-4.0.1.jar!/:4.0.1]
	at org.springframework.boot.SpringApplication.refreshContext(SpringApplication.java:445) ~[spring-boot-4.0.1.jar!/:4.0.1]
	at org.springframework.boot.SpringApplication.run(SpringApplication.java:321) ~[spring-boot-4.0.1.jar!/:4.0.1]
	at org.springframework.boot.SpringApplication.run(SpringApplication.java:1365) ~[spring-boot-4.0.1.jar!/:4.0.1]
	at org.springframework.boot.SpringApplication.run(SpringApplication.java:1354) ~[spring-boot-4.0.1.jar!/:4.0.1]
	at com.deepapp.vn.io.DeepappMainApplication.main(DeepappMainApplication.java:10) ~[!/:0.0.1-SNAPSHOT]
	at java.base/jdk.internal.reflect.NativeMethodAccessorImpl.invoke0(Native Method) ~[na:na]
	at java.base/jdk.internal.reflect.NativeMethodAccessorImpl.invoke(Unknown Source) ~[na:na]
	at java.base/jdk.internal.reflect.DelegatingMethodAccessorImpl.invoke(Unknown Source) ~[na:na]
	at java.base/java.lang.reflect.Method.invoke(Unknown Source) ~[na:na]
	at org.springframework.boot.loader.launch.Launcher.launch(Launcher.java:106) ~[app.jar:0.0.1-SNAPSHOT]
	at org.springframework.boot.loader.launch.Launcher.launch(Launcher.java:64) ~[app.jar:0.0.1-SNAPSHOT]
	at org.springframework.boot.loader.launch.JarLauncher.main(JarLauncher.java:40) ~[app.jar:0.0.1-SNAPSHOT]
Caused by: java.lang.RuntimeException: C++ worker initialization failed
	at com.deepapp.vn.io.infrastructure.cpp.CppWorkerManager.initialize(CppWorkerManager.java:80) ~[!/:0.0.1-SNAPSHOT]
	at java.base/jdk.internal.reflect.NativeMethodAccessorImpl.invoke0(Native Method) ~[na:na]
	at java.base/jdk.internal.reflect.NativeMethodAccessorImpl.invoke(Unknown Source) ~[na:na]
	at java.base/jdk.internal.reflect.DelegatingMethodAccessorImpl.invoke(Unknown Source) ~[na:na]
	at java.base/java.lang.reflect.Method.invoke(Unknown Source) ~[na:na]
	at org.springframework.beans.factory.annotation.InitDestroyAnnotationBeanPostProcessor$LifecycleMethod.invoke(InitDestroyAnnotationBeanPostProcessor.java:453) ~[spring-beans-7.0.2.jar!/:7.0.2]
	at org.springframework.beans.factory.annotation.InitDestroyAnnotationBeanPostProcessor$LifecycleMetadata.invokeInitMethods(InitDestroyAnnotationBeanPostProcessor.java:397) ~[spring-beans-7.0.2.jar!/:7.0.2]
	at org.springframework.beans.factory.annotation.InitDestroyAnnotationBeanPostProcessor.postProcessBeforeInitialization(InitDestroyAnnotationBeanPostProcessor.java:217) ~[spring-beans-7.0.2.jar!/:7.0.2]
	... 27 common frames omitted
Caused by: java.lang.RuntimeException: C++ worker start failed
	at com.deepapp.vn.io.infrastructure.cpp.CppWorkerManager.startCppWorker(CppWorkerManager.java:230) ~[!/:0.0.1-SNAPSHOT]
	at com.deepapp.vn.io.infrastructure.cpp.CppWorkerManager.initialize(CppWorkerManager.java:73) ~[!/:0.0.1-SNAPSHOT]
	... 34 common frames omitted
Caused by: java.lang.RuntimeException: C++ worker process terminated immediately
	at com.deepapp.vn.io.infrastructure.cpp.CppWorkerManager.startCppWorker(CppWorkerManager.java:222) ~[!/:0.0.1-SNAPSHOT]
	... 35 common frames omitted

2025-12-23T07:44:32.320Z  INFO 7 --- [deepapp_main] [main] c.deepapp.vn.io.DeepappMainApplication   : Starting DeepappMainApplication v0.0.1-SNAPSHOT using Java 17.0.17 with PID 7 (/app/app.jar started by root in /app)
2025-12-23T07:44:32.323Z DEBUG 7 --- [deepapp_main] [main] c.deepapp.vn.io.DeepappMainApplication   : Running with Spring Boot v4.0.1, Spring v7.0.2
2025-12-23T07:44:32.324Z  INFO 7 --- [deepapp_main] [main] c.deepapp.vn.io.DeepappMainApplication   : The following 1 profile is active: "docker"
2025-12-23T07:44:33.310Z  INFO 7 --- [deepapp_main] [main] o.s.boot.tomcat.TomcatWebServer          : Tomcat initialized with port 8080 (http)
2025-12-23T07:44:33.321Z  INFO 7 --- [deepapp_main] [main] o.apache.catalina.core.StandardService   : Starting service [Tomcat]
2025-12-23T07:44:33.321Z  INFO 7 --- [deepapp_main] [main] o.apache.catalina.core.StandardEngine    : Starting Servlet engine: [Apache Tomcat/11.0.15]
2025-12-23T07:44:33.344Z  INFO 7 --- [deepapp_main] [main] b.w.c.s.WebApplicationContextInitializer : Root WebApplicationContext: initialization completed in 980 ms
2025-12-23T07:44:33.496Z  INFO 7 --- [deepapp_main] [main] c.d.v.i.i.cpp.CppWorkerManager           : ========================================
2025-12-23T07:44:33.497Z  INFO 7 --- [deepapp_main] [main] c.d.v.i.i.cpp.CppWorkerManager           : C++ Worker Manager - Initialization
2025-12-23T07:44:33.497Z  INFO 7 --- [deepapp_main] [main] c.d.v.i.i.cpp.CppWorkerManager           : ========================================
2025-12-23T07:44:33.497Z  INFO 7 --- [deepapp_main] [main] c.d.v.i.i.cpp.CppWorkerManager           : Starting C++ worker process...
2025-12-23T07:44:33.498Z  INFO 7 --- [deepapp_main] [main] c.d.v.i.i.cpp.CppWorkerManager           :   gRPC Server: 72.60.111.138:50051:50051
2025-12-23T07:44:33.498Z  INFO 7 --- [deepapp_main] [main] c.d.v.i.i.cpp.CppWorkerManager           :   Client ID: cpp-worker
2025-12-23T07:44:33.503Z ERROR 7 --- [deepapp_main] [cpp-worker-error] c.d.v.i.i.cpp.CppWorkerManager           : [C++ Worker ERROR] /app/build/deepapp_worker_main: error while loading shared libraries: libprotobuf.so.23: cannot open shared object file: No such file or directory
2025-12-23T07:44:35.503Z ERROR 7 --- [deepapp_main] [main] c.d.v.i.i.cpp.CppWorkerManager           : Failed to start C++ worker

java.lang.RuntimeException: C++ worker process terminated immediately
	at com.deepapp.vn.io.infrastructure.cpp.CppWorkerManager.startCppWorker(CppWorkerManager.java:222) ~[!/:0.0.1-SNAPSHOT]
	at com.deepapp.vn.io.infrastructure.cpp.CppWorkerManager.initialize(CppWorkerManager.java:73) ~[!/:0.0.1-SNAPSHOT]
	at java.base/jdk.internal.reflect.NativeMethodAccessorImpl.invoke0(Native Method) ~[na:na]
	at java.base/jdk.internal.reflect.NativeMethodAccessorImpl.invoke(Unknown Source) ~[na:na]
	at java.base/jdk.internal.reflect.DelegatingMethodAccessorImpl.invoke(Unknown Source) ~[na:na]
	at java.base/java.lang.reflect.Method.invoke(Unknown Source) ~[na:na]
	at org.springframework.beans.factory.annotation.InitDestroyAnnotationBeanPostProcessor$LifecycleMethod.invoke(InitDestroyAnnotationBeanPostProcessor.java:453) ~[spring-beans-7.0.2.jar!/:7.0.2]
	at org.springframework.beans.factory.annotation.InitDestroyAnnotationBeanPostProcessor$LifecycleMetadata.invokeInitMethods(InitDestroyAnnotationBeanPostProcessor.java:397) ~[spring-beans-7.0.2.jar!/:7.0.2]
	at org.springframework.beans.factory.annotation.InitDestroyAnnotationBeanPostProcessor.postProcessBeforeInitialization(InitDestroyAnnotationBeanPostProcessor.java:217) ~[spring-beans-7.0.2.jar!/:7.0.2]
	at org.springframework.beans.factory.support.AbstractAutowireCapableBeanFactory.applyBeanPostProcessorsBeforeInitialization(AbstractAutowireCapableBeanFactory.java:426) ~[spring-beans-7.0.2.jar!/:7.0.2]
	at org.springframework.beans.factory.support.AbstractAutowireCapableBeanFactory.initializeBean(AbstractAutowireCapableBeanFactory.java:1809) ~[spring-beans-7.0.2.jar!/:7.0.2]
	at org.springframework.beans.factory.support.AbstractAutowireCapableBeanFactory.doCreateBean(AbstractAutowireCapableBeanFactory.java:603) ~[spring-beans-7.0.2.jar!/:7.0.2]
	at org.springframework.beans.factory.support.AbstractAutowireCapableBeanFactory.createBean(AbstractAutowireCapableBeanFactory.java:525) ~[spring-beans-7.0.2.jar!/:7.0.2]
	at org.springframework.beans.factory.support.AbstractBeanFactory.lambda$doGetBean$0(AbstractBeanFactory.java:333) ~[spring-beans-7.0.2.jar!/:7.0.2]
	at org.springframework.beans.factory.support.DefaultSingletonBeanRegistry.getSingleton(DefaultSingletonBeanRegistry.java:371) ~[spring-beans-7.0.2.jar!/:7.0.2]
	at org.springframework.beans.factory.support.AbstractBeanFactory.doGetBean(AbstractBeanFactory.java:331) ~[spring-beans-7.0.2.jar!/:7.0.2]
	at org.springframework.beans.factory.support.AbstractBeanFactory.getBean(AbstractBeanFactory.java:196) ~[spring-beans-7.0.2.jar!/:7.0.2]
	at org.springframework.beans.factory.support.DefaultListableBeanFactory.instantiateSingleton(DefaultListableBeanFactory.java:1218) ~[spring-beans-7.0.2.jar!/:7.0.2]
	at org.springframework.beans.factory.support.DefaultListableBeanFactory.preInstantiateSingleton(DefaultListableBeanFactory.java:1184) ~[spring-beans-7.0.2.jar!/:7.0.2]
	at org.springframework.beans.factory.support.DefaultListableBeanFactory.preInstantiateSingletons(DefaultListableBeanFactory.java:1121) ~[spring-beans-7.0.2.jar!/:7.0.2]
	at org.springframework.context.support.AbstractApplicationContext.finishBeanFactoryInitialization(AbstractApplicationContext.java:993) ~[spring-context-7.0.2.jar!/:7.0.2]
	at org.springframework.context.support.AbstractApplicationContext.refresh(AbstractApplicationContext.java:620) ~[spring-context-7.0.2.jar!/:7.0.2]
	at org.springframework.boot.web.server.servlet.context.ServletWebServerApplicationContext.refresh(ServletWebServerApplicationContext.java:143) ~[spring-boot-web-server-4.0.1.jar!/:4.0.1]
	at org.springframework.boot.SpringApplication.refresh(SpringApplication.java:756) ~[spring-boot-4.0.1.jar!/:4.0.1]
	at org.springframework.boot.SpringApplication.refreshContext(SpringApplication.java:445) ~[spring-boot-4.0.1.jar!/:4.0.1]
	at org.springframework.boot.SpringApplication.run(SpringApplication.java:321) ~[spring-boot-4.0.1.jar!/:4.0.1]
	at org.springframework.boot.SpringApplication.run(SpringApplication.java:1365) ~[spring-boot-4.0.1.jar!/:4.0.1]
	at org.springframework.boot.SpringApplication.run(SpringApplication.java:1354) ~[spring-boot-4.0.1.jar!/:4.0.1]
	at com.deepapp.vn.io.DeepappMainApplication.main(DeepappMainApplication.java:10) ~[!/:0.0.1-SNAPSHOT]
	at java.base/jdk.internal.reflect.NativeMethodAccessorImpl.invoke0(Native Method) ~[na:na]
	at java.base/jdk.internal.reflect.NativeMethodAccessorImpl.invoke(Unknown Source) ~[na:na]
	at java.base/jdk.internal.reflect.DelegatingMethodAccessorImpl.invoke(Unknown Source) ~[na:na]
	at java.base/java.lang.reflect.Method.invoke(Unknown Source) ~[na:na]
	at org.springframework.boot.loader.launch.Launcher.launch(Launcher.java:106) ~[app.jar:0.0.1-SNAPSHOT]
	at org.springframework.boot.loader.launch.Launcher.launch(Launcher.java:64) ~[app.jar:0.0.1-SNAPSHOT]
	at org.springframework.boot.loader.launch.JarLauncher.main(JarLauncher.java:40) ~[app.jar:0.0.1-SNAPSHOT]

2025-12-23T07:44:35.509Z ERROR 7 --- [deepapp_main] [main] c.d.v.i.i.cpp.CppWorkerManager           : Failed to initialize C++ worker manager

java.lang.RuntimeException: C++ worker start failed
	at com.deepapp.vn.io.infrastructure.cpp.CppWorkerManager.startCppWorker(CppWorkerManager.java:230) ~[!/:0.0.1-SNAPSHOT]
	at com.deepapp.vn.io.infrastructure.cpp.CppWorkerManager.initialize(CppWorkerManager.java:73) ~[!/:0.0.1-SNAPSHOT]
	at java.base/jdk.internal.reflect.NativeMethodAccessorImpl.invoke0(Native Method) ~[na:na]
	at java.base/jdk.internal.reflect.NativeMethodAccessorImpl.invoke(Unknown Source) ~[na:na]
	at java.base/jdk.internal.reflect.DelegatingMethodAccessorImpl.invoke(Unknown Source) ~[na:na]
	at java.base/java.lang.reflect.Method.invoke(Unknown Source) ~[na:na]
	at org.springframework.beans.factory.annotation.InitDestroyAnnotationBeanPostProcessor$LifecycleMethod.invoke(InitDestroyAnnotationBeanPostProcessor.java:453) ~[spring-beans-7.0.2.jar!/:7.0.2]
	at org.springframework.beans.factory.annotation.InitDestroyAnnotationBeanPostProcessor$LifecycleMetadata.invokeInitMethods(InitDestroyAnnotationBeanPostProcessor.java:397) ~[spring-beans-7.0.2.jar!/:7.0.2]
	at org.springframework.beans.factory.annotation.InitDestroyAnnotationBeanPostProcessor.postProcessBeforeInitialization(InitDestroyAnnotationBeanPostProcessor.java:217) ~[spring-beans-7.0.2.jar!/:7.0.2]
	at org.springframework.beans.factory.support.AbstractAutowireCapableBeanFactory.applyBeanPostProcessorsBeforeInitialization(AbstractAutowireCapableBeanFactory.java:426) ~[spring-beans-7.0.2.jar!/:7.0.2]
	at org.springframework.beans.factory.support.AbstractAutowireCapableBeanFactory.initializeBean(AbstractAutowireCapableBeanFactory.java:1809) ~[spring-beans-7.0.2.jar!/:7.0.2]
	at org.springframework.beans.factory.support.AbstractAutowireCapableBeanFactory.doCreateBean(AbstractAutowireCapableBeanFactory.java:603) ~[spring-beans-7.0.2.jar!/:7.0.2]
	at org.springframework.beans.factory.support.AbstractAutowireCapableBeanFactory.createBean(AbstractAutowireCapableBeanFactory.java:525) ~[spring-beans-7.0.2.jar!/:7.0.2]
	at org.springframework.beans.factory.support.AbstractBeanFactory.lambda$doGetBean$0(AbstractBeanFactory.java:333) ~[spring-beans-7.0.2.jar!/:7.0.2]
	at org.springframework.beans.factory.support.DefaultSingletonBeanRegistry.getSingleton(DefaultSingletonBeanRegistry.java:371) ~[spring-beans-7.0.2.jar!/:7.0.2]
	at org.springframework.beans.factory.support.AbstractBeanFactory.doGetBean(AbstractBeanFactory.java:331) ~[spring-beans-7.0.2.jar!/:7.0.2]
	at org.springframework.beans.factory.support.AbstractBeanFactory.getBean(AbstractBeanFactory.java:196) ~[spring-beans-7.0.2.jar!/:7.0.2]
	at org.springframework.beans.factory.support.DefaultListableBeanFactory.instantiateSingleton(DefaultListableBeanFactory.java:1218) ~[spring-beans-7.0.2.jar!/:7.0.2]
	at org.springframework.beans.factory.support.DefaultListableBeanFactory.preInstantiateSingleton(DefaultListableBeanFactory.java:1184) ~[spring-beans-7.0.2.jar!/:7.0.2]
	at org.springframework.beans.factory.support.DefaultListableBeanFactory.preInstantiateSingletons(DefaultListableBeanFactory.java:1121) ~[spring-beans-7.0.2.jar!/:7.0.2]
	at org.springframework.context.support.AbstractApplicationContext.finishBeanFactoryInitialization(AbstractApplicationContext.java:993) ~[spring-context-7.0.2.jar!/:7.0.2]
	at org.springframework.context.support.AbstractApplicationContext.refresh(AbstractApplicationContext.java:620) ~[spring-context-7.0.2.jar!/:7.0.2]
	at org.springframework.boot.web.server.servlet.context.ServletWebServerApplicationContext.refresh(ServletWebServerApplicationContext.java:143) ~[spring-boot-web-server-4.0.1.jar!/:4.0.1]
	at org.springframework.boot.SpringApplication.refresh(SpringApplication.java:756) ~[spring-boot-4.0.1.jar!/:4.0.1]
	at org.springframework.boot.SpringApplication.refreshContext(SpringApplication.java:445) ~[spring-boot-4.0.1.jar!/:4.0.1]
	at org.springframework.boot.SpringApplication.run(SpringApplication.java:321) ~[spring-boot-4.0.1.jar!/:4.0.1]
	at org.springframework.boot.SpringApplication.run(SpringApplication.java:1365) ~[spring-boot-4.0.1.jar!/:4.0.1]
	at org.springframework.boot.SpringApplication.run(SpringApplication.java:1354) ~[spring-boot-4.0.1.jar!/:4.0.1]
	at com.deepapp.vn.io.DeepappMainApplication.main(DeepappMainApplication.java:10) ~[!/:0.0.1-SNAPSHOT]
	at java.base/jdk.internal.reflect.NativeMethodAccessorImpl.invoke0(Native Method) ~[na:na]
	at java.base/jdk.internal.reflect.NativeMethodAccessorImpl.invoke(Unknown Source) ~[na:na]
	at java.base/jdk.internal.reflect.DelegatingMethodAccessorImpl.invoke(Unknown Source) ~[na:na]
	at java.base/java.lang.reflect.Method.invoke(Unknown Source) ~[na:na]
	at org.springframework.boot.loader.launch.Launcher.launch(Launcher.java:106) ~[app.jar:0.0.1-SNAPSHOT]
	at org.springframework.boot.loader.launch.Launcher.launch(Launcher.java:64) ~[app.jar:0.0.1-SNAPSHOT]
	at org.springframework.boot.loader.launch.JarLauncher.main(JarLauncher.java:40) ~[app.jar:0.0.1-SNAPSHOT]
Caused by: java.lang.RuntimeException: C++ worker process terminated immediately
	at com.deepapp.vn.io.infrastructure.cpp.CppWorkerManager.startCppWorker(CppWorkerManager.java:222) ~[!/:0.0.1-SNAPSHOT]
	... 35 common frames omitted

2025-12-23T07:44:35.514Z  WARN 7 --- [deepapp_main] [main] ConfigServletWebServerApplicationContext : Exception encountered during context initialization - cancelling refresh attempt: org.springframework.beans.factory.BeanCreationException: Error creating bean with name 'cppWorkerManager': Invocation of init method failed
2025-12-23T07:44:35.516Z  INFO 7 --- [deepapp_main] [main] o.apache.catalina.core.StandardService   : Stopping service [Tomcat]
2025-12-23T07:44:35.523Z  INFO 7 --- [deepapp_main] [main] .s.b.a.l.ConditionEvaluationReportLogger : 

Error starting ApplicationContext. To display the condition evaluation report re-run your application with 'debug' enabled.
2025-12-23T07:44:35.534Z ERROR 7 --- [deepapp_main] [main] o.s.boot.SpringApplication               : Application run failed

org.springframework.beans.factory.BeanCreationException: Error creating bean with name 'cppWorkerManager': Invocation of init method failed
	at org.springframework.beans.factory.annotation.InitDestroyAnnotationBeanPostProcessor.postProcessBeforeInitialization(InitDestroyAnnotationBeanPostProcessor.java:220) ~[spring-beans-7.0.2.jar!/:7.0.2]
	at org.springframework.beans.factory.support.AbstractAutowireCapableBeanFactory.applyBeanPostProcessorsBeforeInitialization(AbstractAutowireCapableBeanFactory.java:426) ~[spring-beans-7.0.2.jar!/:7.0.2]
	at org.springframework.beans.factory.support.AbstractAutowireCapableBeanFactory.initializeBean(AbstractAutowireCapableBeanFactory.java:1809) ~[spring-beans-7.0.2.jar!/:7.0.2]
	at org.springframework.beans.factory.support.AbstractAutowireCapableBeanFactory.doCreateBean(AbstractAutowireCapableBeanFactory.java:603) ~[spring-beans-7.0.2.jar!/:7.0.2]
	at org.springframework.beans.factory.support.AbstractAutowireCapableBeanFactory.createBean(AbstractAutowireCapableBeanFactory.java:525) ~[spring-beans-7.0.2.jar!/:7.0.2]
	at org.springframework.beans.factory.support.AbstractBeanFactory.lambda$doGetBean$0(AbstractBeanFactory.java:333) ~[spring-beans-7.0.2.jar!/:7.0.2]
	at org.springframework.beans.factory.support.DefaultSingletonBeanRegistry.getSingleton(DefaultSingletonBeanRegistry.java:371) ~[spring-beans-7.0.2.jar!/:7.0.2]
	at org.springframework.beans.factory.support.AbstractBeanFactory.doGetBean(AbstractBeanFactory.java:331) ~[spring-beans-7.0.2.jar!/:7.0.2]
	at org.springframework.beans.factory.support.AbstractBeanFactory.getBean(AbstractBeanFactory.java:196) ~[spring-beans-7.0.2.jar!/:7.0.2]
	at org.springframework.beans.factory.support.DefaultListableBeanFactory.instantiateSingleton(DefaultListableBeanFactory.java:1218) ~[spring-beans-7.0.2.jar!/:7.0.2]
	at org.springframework.beans.factory.support.DefaultListableBeanFactory.preInstantiateSingleton(DefaultListableBeanFactory.java:1184) ~[spring-beans-7.0.2.jar!/:7.0.2]
	at org.springframework.beans.factory.support.DefaultListableBeanFactory.preInstantiateSingletons(DefaultListableBeanFactory.java:1121) ~[spring-beans-7.0.2.jar!/:7.0.2]
	at org.springframework.context.support.AbstractApplicationContext.finishBeanFactoryInitialization(AbstractApplicationContext.java:993) ~[spring-context-7.0.2.jar!/:7.0.2]
	at org.springframework.context.support.AbstractApplicationContext.refresh(AbstractApplicationContext.java:620) ~[spring-context-7.0.2.jar!/:7.0.2]
	at org.springframework.boot.web.server.servlet.context.ServletWebServerApplicationContext.refresh(ServletWebServerApplicationContext.java:143) ~[spring-boot-web-server-4.0.1.jar!/:4.0.1]
	at org.springframework.boot.SpringApplication.refresh(SpringApplication.java:756) ~[spring-boot-4.0.1.jar!/:4.0.1]
	at org.springframework.boot.SpringApplication.refreshContext(SpringApplication.java:445) ~[spring-boot-4.0.1.jar!/:4.0.1]
	at org.springframework.boot.SpringApplication.run(SpringApplication.java:321) ~[spring-boot-4.0.1.jar!/:4.0.1]
	at org.springframework.boot.SpringApplication.run(SpringApplication.java:1365) ~[spring-boot-4.0.1.jar!/:4.0.1]
	at org.springframework.boot.SpringApplication.run(SpringApplication.java:1354) ~[spring-boot-4.0.1.jar!/:4.0.1]
	at com.deepapp.vn.io.DeepappMainApplication.main(DeepappMainApplication.java:10) ~[!/:0.0.1-SNAPSHOT]
	at java.base/jdk.internal.reflect.NativeMethodAccessorImpl.invoke0(Native Method) ~[na:na]
	at java.base/jdk.internal.reflect.NativeMethodAccessorImpl.invoke(Unknown Source) ~[na:na]
	at java.base/jdk.internal.reflect.DelegatingMethodAccessorImpl.invoke(Unknown Source) ~[na:na]
	at java.base/java.lang.reflect.Method.invoke(Unknown Source) ~[na:na]
	at org.springframework.boot.loader.launch.Launcher.launch(Launcher.java:106) ~[app.jar:0.0.1-SNAPSHOT]
	at org.springframework.boot.loader.launch.Launcher.launch(Launcher.java:64) ~[app.jar:0.0.1-SNAPSHOT]
	at org.springframework.boot.loader.launch.JarLauncher.main(JarLauncher.java:40) ~[app.jar:0.0.1-SNAPSHOT]
Caused by: java.lang.RuntimeException: C++ worker initialization failed
	at com.deepapp.vn.io.infrastructure.cpp.CppWorkerManager.initialize(CppWorkerManager.java:80) ~[!/:0.0.1-SNAPSHOT]
	at java.base/jdk.internal.reflect.NativeMethodAccessorImpl.invoke0(Native Method) ~[na:na]
	at java.base/jdk.internal.reflect.NativeMethodAccessorImpl.invoke(Unknown Source) ~[na:na]
	at java.base/jdk.internal.reflect.DelegatingMethodAccessorImpl.invoke(Unknown Source) ~[na:na]
	at java.base/java.lang.reflect.Method.invoke(Unknown Source) ~[na:na]
	at org.springframework.beans.factory.annotation.InitDestroyAnnotationBeanPostProcessor$LifecycleMethod.invoke(InitDestroyAnnotationBeanPostProcessor.java:453) ~[spring-beans-7.0.2.jar!/:7.0.2]
	at org.springframework.beans.factory.annotation.InitDestroyAnnotationBeanPostProcessor$LifecycleMetadata.invokeInitMethods(InitDestroyAnnotationBeanPostProcessor.java:397) ~[spring-beans-7.0.2.jar!/:7.0.2]
	at org.springframework.beans.factory.annotation.InitDestroyAnnotationBeanPostProcessor.postProcessBeforeInitialization(InitDestroyAnnotationBeanPostProcessor.java:217) ~[spring-beans-7.0.2.jar!/:7.0.2]
	... 27 common frames omitted
Caused by: java.lang.RuntimeException: C++ worker start failed
	at com.deepapp.vn.io.infrastructure.cpp.CppWorkerManager.startCppWorker(CppWorkerManager.java:230) ~[!/:0.0.1-SNAPSHOT]
	at com.deepapp.vn.io.infrastructure.cpp.CppWorkerManager.initialize(CppWorkerManager.java:73) ~[!/:0.0.1-SNAPSHOT]
	... 34 common frames omitted
Caused by: java.lang.RuntimeException: C++ worker process terminated immediately
	at com.deepapp.vn.io.infrastructure.cpp.CppWorkerManager.startCppWorker(CppWorkerManager.java:222) ~[!/:0.0.1-SNAPSHOT]
	... 35 common frames omitted

2025-12-23T07:58:36.594Z  INFO 7 --- [deepapp_main] [main] c.deepapp.vn.io.DeepappMainApplication   : Starting DeepappMainApplication v0.0.1-SNAPSHOT using Java 17.0.17 with PID 7 (/app/app.jar started by root in /app)
2025-12-23T07:58:36.596Z DEBUG 7 --- [deepapp_main] [main] c.deepapp.vn.io.DeepappMainApplication   : Running with Spring Boot v4.0.1, Spring v7.0.2
2025-12-23T07:58:36.597Z  INFO 7 --- [deepapp_main] [main] c.deepapp.vn.io.DeepappMainApplication   : The following 1 profile is active: "docker"
2025-12-23T07:58:37.471Z  INFO 7 --- [deepapp_main] [main] o.s.boot.tomcat.TomcatWebServer          : Tomcat initialized with port 8080 (http)
2025-12-23T07:58:37.481Z  INFO 7 --- [deepapp_main] [main] o.apache.catalina.core.StandardService   : Starting service [Tomcat]
2025-12-23T07:58:37.481Z  INFO 7 --- [deepapp_main] [main] o.apache.catalina.core.StandardEngine    : Starting Servlet engine: [Apache Tomcat/11.0.15]
2025-12-23T07:58:37.513Z  INFO 7 --- [deepapp_main] [main] b.w.c.s.WebApplicationContextInitializer : Root WebApplicationContext: initialization completed in 871 ms
2025-12-23T07:58:37.665Z  INFO 7 --- [deepapp_main] [main] c.d.v.i.i.cpp.CppWorkerManager           : ========================================
2025-12-23T07:58:37.666Z  INFO 7 --- [deepapp_main] [main] c.d.v.i.i.cpp.CppWorkerManager           : C++ Worker Manager - Initialization
2025-12-23T07:58:37.666Z  INFO 7 --- [deepapp_main] [main] c.d.v.i.i.cpp.CppWorkerManager           : ========================================
2025-12-23T07:58:37.666Z  INFO 7 --- [deepapp_main] [main] c.d.v.i.i.cpp.CppWorkerManager           : Starting C++ worker process...
2025-12-23T07:58:37.666Z  INFO 7 --- [deepapp_main] [main] c.d.v.i.i.cpp.CppWorkerManager           :   gRPC Server: 72.60.111.138:50051:50051
2025-12-23T07:58:37.666Z  INFO 7 --- [deepapp_main] [main] c.d.v.i.i.cpp.CppWorkerManager           :   Client ID: cpp-worker
2025-12-23T07:58:37.678Z  INFO 7 --- [deepapp_main] [cpp-worker-output] c.d.v.i.i.cpp.CppWorkerManager           : [C++ Worker] [AAA0_0100_Worker] Initialized
2025-12-23T07:58:37.678Z  INFO 7 --- [deepapp_main] [cpp-worker-output] c.d.v.i.i.cpp.CppWorkerManager           : [C++ Worker] [WorkerRegistry] Registered worker: AAA0_0100_W -> AAA0_0100_Worker
2025-12-23T07:58:37.678Z  INFO 7 --- [deepapp_main] [cpp-worker-output] c.d.v.i.i.cpp.CppWorkerManager           : [C++ Worker] [AAA0_0200_Worker] Initialized
2025-12-23T07:58:37.678Z  INFO 7 --- [deepapp_main] [cpp-worker-output] c.d.v.i.i.cpp.CppWorkerManager           : [C++ Worker] [WorkerRegistry] Registered worker: AAA0_0200_W -> AAA0_0200_Worker
2025-12-23T07:58:37.678Z  INFO 7 --- [deepapp_main] [cpp-worker-output] c.d.v.i.i.cpp.CppWorkerManager           : [C++ Worker] ========================================
2025-12-23T07:58:37.678Z  INFO 7 --- [deepapp_main] [cpp-worker-output] c.d.v.i.i.cpp.CppWorkerManager           : [C++ Worker] DeepApp C++ Worker Application
2025-12-23T07:58:37.678Z  INFO 7 --- [deepapp_main] [cpp-worker-output] c.d.v.i.i.cpp.CppWorkerManager           : [C++ Worker] ========================================
2025-12-23T07:58:37.679Z  INFO 7 --- [deepapp_main] [cpp-worker-output] c.d.v.i.i.cpp.CppWorkerManager           : [C++ Worker] [Main] Configuration:
2025-12-23T07:58:37.679Z  INFO 7 --- [deepapp_main] [cpp-worker-output] c.d.v.i.i.cpp.CppWorkerManager           : [C++ Worker]   Server: 72.60.111.138:50051:50051
2025-12-23T07:58:37.679Z  INFO 7 --- [deepapp_main] [cpp-worker-output] c.d.v.i.i.cpp.CppWorkerManager           : [C++ Worker]   Client ID: cpp-worker
2025-12-23T07:58:37.679Z  INFO 7 --- [deepapp_main] [cpp-worker-output] c.d.v.i.i.cpp.CppWorkerManager           : [C++ Worker] 
2025-12-23T07:58:37.679Z  INFO 7 --- [deepapp_main] [cpp-worker-output] c.d.v.i.i.cpp.CppWorkerManager           : [C++ Worker] [Main] Worker Registry Status:
2025-12-23T07:58:37.679Z  INFO 7 --- [deepapp_main] [cpp-worker-output] c.d.v.i.i.cpp.CppWorkerManager           : [C++ Worker]   Total workers: 2
2025-12-23T07:58:37.680Z  INFO 7 --- [deepapp_main] [cpp-worker-output] c.d.v.i.i.cpp.CppWorkerManager           : [C++ Worker]   ✓ Registered workers:
2025-12-23T07:58:37.680Z  INFO 7 --- [deepapp_main] [cpp-worker-output] c.d.v.i.i.cpp.CppWorkerManager           : [C++ Worker]     - AAA0_0100_W (AAA0_0100_Worker)
2025-12-23T07:58:37.680Z  INFO 7 --- [deepapp_main] [cpp-worker-output] c.d.v.i.i.cpp.CppWorkerManager           : [C++ Worker]     - AAA0_0200_W (AAA0_0200_Worker)
2025-12-23T07:58:37.680Z  INFO 7 --- [deepapp_main] [cpp-worker-output] c.d.v.i.i.cpp.CppWorkerManager           : [C++ Worker] 
2025-12-23T07:58:37.681Z  INFO 7 --- [deepapp_main] [cpp-worker-output] c.d.v.i.i.cpp.CppWorkerManager           : [C++ Worker] [Main] Starting gRPC worker client...
2025-12-23T07:58:37.681Z  INFO 7 --- [deepapp_main] [cpp-worker-output] c.d.v.i.i.cpp.CppWorkerManager           : [C++ Worker] ========================================
2025-12-23T07:58:37.681Z  INFO 7 --- [deepapp_main] [cpp-worker-output] c.d.v.i.i.cpp.CppWorkerManager           : [C++ Worker] 
2025-12-23T07:58:37.681Z  INFO 7 --- [deepapp_main] [cpp-worker-output] c.d.v.i.i.cpp.CppWorkerManager           : [C++ Worker] [GrpcWorkerClient] Connecting to 72.60.111.138:50051:50051 with client_id: cpp-worker
2025-12-23T07:58:37.682Z  INFO 7 --- [deepapp_main] [cpp-worker-output] c.d.v.i.i.cpp.CppWorkerManager           : [C++ Worker] [Main] Client stopped.
2025-12-23T07:58:37.682Z ERROR 7 --- [deepapp_main] [cpp-worker-error] c.d.v.i.i.cpp.CppWorkerManager           : [C++ Worker ERROR] [GrpcWorkerClient] Failed to send connect message
2025-12-23T07:58:39.673Z ERROR 7 --- [deepapp_main] [main] c.d.v.i.i.cpp.CppWorkerManager           : Failed to start C++ worker

java.lang.RuntimeException: C++ worker process terminated immediately
	at com.deepapp.vn.io.infrastructure.cpp.CppWorkerManager.startCppWorker(CppWorkerManager.java:222) ~[!/:0.0.1-SNAPSHOT]
	at com.deepapp.vn.io.infrastructure.cpp.CppWorkerManager.initialize(CppWorkerManager.java:73) ~[!/:0.0.1-SNAPSHOT]
	at java.base/jdk.internal.reflect.NativeMethodAccessorImpl.invoke0(Native Method) ~[na:na]
	at java.base/jdk.internal.reflect.NativeMethodAccessorImpl.invoke(Unknown Source) ~[na:na]
	at java.base/jdk.internal.reflect.DelegatingMethodAccessorImpl.invoke(Unknown Source) ~[na:na]
	at java.base/java.lang.reflect.Method.invoke(Unknown Source) ~[na:na]
	at org.springframework.beans.factory.annotation.InitDestroyAnnotationBeanPostProcessor$LifecycleMethod.invoke(InitDestroyAnnotationBeanPostProcessor.java:453) ~[spring-beans-7.0.2.jar!/:7.0.2]
	at org.springframework.beans.factory.annotation.InitDestroyAnnotationBeanPostProcessor$LifecycleMetadata.invokeInitMethods(InitDestroyAnnotationBeanPostProcessor.java:397) ~[spring-beans-7.0.2.jar!/:7.0.2]
	at org.springframework.beans.factory.annotation.InitDestroyAnnotationBeanPostProcessor.postProcessBeforeInitialization(InitDestroyAnnotationBeanPostProcessor.java:217) ~[spring-beans-7.0.2.jar!/:7.0.2]
	at org.springframework.beans.factory.support.AbstractAutowireCapableBeanFactory.applyBeanPostProcessorsBeforeInitialization(AbstractAutowireCapableBeanFactory.java:426) ~[spring-beans-7.0.2.jar!/:7.0.2]
	at org.springframework.beans.factory.support.AbstractAutowireCapableBeanFactory.initializeBean(AbstractAutowireCapableBeanFactory.java:1809) ~[spring-beans-7.0.2.jar!/:7.0.2]
	at org.springframework.beans.factory.support.AbstractAutowireCapableBeanFactory.doCreateBean(AbstractAutowireCapableBeanFactory.java:603) ~[spring-beans-7.0.2.jar!/:7.0.2]
	at org.springframework.beans.factory.support.AbstractAutowireCapableBeanFactory.createBean(AbstractAutowireCapableBeanFactory.java:525) ~[spring-beans-7.0.2.jar!/:7.0.2]
	at org.springframework.beans.factory.support.AbstractBeanFactory.lambda$doGetBean$0(AbstractBeanFactory.java:333) ~[spring-beans-7.0.2.jar!/:7.0.2]
	at org.springframework.beans.factory.support.DefaultSingletonBeanRegistry.getSingleton(DefaultSingletonBeanRegistry.java:371) ~[spring-beans-7.0.2.jar!/:7.0.2]
	at org.springframework.beans.factory.support.AbstractBeanFactory.doGetBean(AbstractBeanFactory.java:331) ~[spring-beans-7.0.2.jar!/:7.0.2]
	at org.springframework.beans.factory.support.AbstractBeanFactory.getBean(AbstractBeanFactory.java:196) ~[spring-beans-7.0.2.jar!/:7.0.2]
	at org.springframework.beans.factory.support.DefaultListableBeanFactory.instantiateSingleton(DefaultListableBeanFactory.java:1218) ~[spring-beans-7.0.2.jar!/:7.0.2]
	at org.springframework.beans.factory.support.DefaultListableBeanFactory.preInstantiateSingleton(DefaultListableBeanFactory.java:1184) ~[spring-beans-7.0.2.jar!/:7.0.2]
	at org.springframework.beans.factory.support.DefaultListableBeanFactory.preInstantiateSingletons(DefaultListableBeanFactory.java:1121) ~[spring-beans-7.0.2.jar!/:7.0.2]
	at org.springframework.context.support.AbstractApplicationContext.finishBeanFactoryInitialization(AbstractApplicationContext.java:993) ~[spring-context-7.0.2.jar!/:7.0.2]
	at org.springframework.context.support.AbstractApplicationContext.refresh(AbstractApplicationContext.java:620) ~[spring-context-7.0.2.jar!/:7.0.2]
	at org.springframework.boot.web.server.servlet.context.ServletWebServerApplicationContext.refresh(ServletWebServerApplicationContext.java:143) ~[spring-boot-web-server-4.0.1.jar!/:4.0.1]
	at org.springframework.boot.SpringApplication.refresh(SpringApplication.java:756) ~[spring-boot-4.0.1.jar!/:4.0.1]
	at org.springframework.boot.SpringApplication.refreshContext(SpringApplication.java:445) ~[spring-boot-4.0.1.jar!/:4.0.1]
	at org.springframework.boot.SpringApplication.run(SpringApplication.java:321) ~[spring-boot-4.0.1.jar!/:4.0.1]
	at org.springframework.boot.SpringApplication.run(SpringApplication.java:1365) ~[spring-boot-4.0.1.jar!/:4.0.1]
	at org.springframework.boot.SpringApplication.run(SpringApplication.java:1354) ~[spring-boot-4.0.1.jar!/:4.0.1]
	at com.deepapp.vn.io.DeepappMainApplication.main(DeepappMainApplication.java:10) ~[!/:0.0.1-SNAPSHOT]
	at java.base/jdk.internal.reflect.NativeMethodAccessorImpl.invoke0(Native Method) ~[na:na]
	at java.base/jdk.internal.reflect.NativeMethodAccessorImpl.invoke(Unknown Source) ~[na:na]
	at java.base/jdk.internal.reflect.DelegatingMethodAccessorImpl.invoke(Unknown Source) ~[na:na]
	at java.base/java.lang.reflect.Method.invoke(Unknown Source) ~[na:na]
	at org.springframework.boot.loader.launch.Launcher.launch(Launcher.java:106) ~[app.jar:0.0.1-SNAPSHOT]
	at org.springframework.boot.loader.launch.Launcher.launch(Launcher.java:64) ~[app.jar:0.0.1-SNAPSHOT]
	at org.springframework.boot.loader.launch.JarLauncher.main(JarLauncher.java:40) ~[app.jar:0.0.1-SNAPSHOT]

2025-12-23T07:58:39.677Z ERROR 7 --- [deepapp_main] [main] c.d.v.i.i.cpp.CppWorkerManager           : Failed to initialize C++ worker manager

java.lang.RuntimeException: C++ worker start failed
	at com.deepapp.vn.io.infrastructure.cpp.CppWorkerManager.startCppWorker(CppWorkerManager.java:230) ~[!/:0.0.1-SNAPSHOT]
	at com.deepapp.vn.io.infrastructure.cpp.CppWorkerManager.initialize(CppWorkerManager.java:73) ~[!/:0.0.1-SNAPSHOT]
	at java.base/jdk.internal.reflect.NativeMethodAccessorImpl.invoke0(Native Method) ~[na:na]
	at java.base/jdk.internal.reflect.NativeMethodAccessorImpl.invoke(Unknown Source) ~[na:na]
	at java.base/jdk.internal.reflect.DelegatingMethodAccessorImpl.invoke(Unknown Source) ~[na:na]
	at java.base/java.lang.reflect.Method.invoke(Unknown Source) ~[na:na]
	at org.springframework.beans.factory.annotation.InitDestroyAnnotationBeanPostProcessor$LifecycleMethod.invoke(InitDestroyAnnotationBeanPostProcessor.java:453) ~[spring-beans-7.0.2.jar!/:7.0.2]
	at org.springframework.beans.factory.annotation.InitDestroyAnnotationBeanPostProcessor$LifecycleMetadata.invokeInitMethods(InitDestroyAnnotationBeanPostProcessor.java:397) ~[spring-beans-7.0.2.jar!/:7.0.2]
	at org.springframework.beans.factory.annotation.InitDestroyAnnotationBeanPostProcessor.postProcessBeforeInitialization(InitDestroyAnnotationBeanPostProcessor.java:217) ~[spring-beans-7.0.2.jar!/:7.0.2]
	at org.springframework.beans.factory.support.AbstractAutowireCapableBeanFactory.applyBeanPostProcessorsBeforeInitialization(AbstractAutowireCapableBeanFactory.java:426) ~[spring-beans-7.0.2.jar!/:7.0.2]
	at org.springframework.beans.factory.support.AbstractAutowireCapableBeanFactory.initializeBean(AbstractAutowireCapableBeanFactory.java:1809) ~[spring-beans-7.0.2.jar!/:7.0.2]
	at org.springframework.beans.factory.support.AbstractAutowireCapableBeanFactory.doCreateBean(AbstractAutowireCapableBeanFactory.java:603) ~[spring-beans-7.0.2.jar!/:7.0.2]
	at org.springframework.beans.factory.support.AbstractAutowireCapableBeanFactory.createBean(AbstractAutowireCapableBeanFactory.java:525) ~[spring-beans-7.0.2.jar!/:7.0.2]
	at org.springframework.beans.factory.support.AbstractBeanFactory.lambda$doGetBean$0(AbstractBeanFactory.java:333) ~[spring-beans-7.0.2.jar!/:7.0.2]
	at org.springframework.beans.factory.support.DefaultSingletonBeanRegistry.getSingleton(DefaultSingletonBeanRegistry.java:371) ~[spring-beans-7.0.2.jar!/:7.0.2]
	at org.springframework.beans.factory.support.AbstractBeanFactory.doGetBean(AbstractBeanFactory.java:331) ~[spring-beans-7.0.2.jar!/:7.0.2]
	at org.springframework.beans.factory.support.AbstractBeanFactory.getBean(AbstractBeanFactory.java:196) ~[spring-beans-7.0.2.jar!/:7.0.2]
	at org.springframework.beans.factory.support.DefaultListableBeanFactory.instantiateSingleton(DefaultListableBeanFactory.java:1218) ~[spring-beans-7.0.2.jar!/:7.0.2]
	at org.springframework.beans.factory.support.DefaultListableBeanFactory.preInstantiateSingleton(DefaultListableBeanFactory.java:1184) ~[spring-beans-7.0.2.jar!/:7.0.2]
	at org.springframework.beans.factory.support.DefaultListableBeanFactory.preInstantiateSingletons(DefaultListableBeanFactory.java:1121) ~[spring-beans-7.0.2.jar!/:7.0.2]
	at org.springframework.context.support.AbstractApplicationContext.finishBeanFactoryInitialization(AbstractApplicationContext.java:993) ~[spring-context-7.0.2.jar!/:7.0.2]
	at org.springframework.context.support.AbstractApplicationContext.refresh(AbstractApplicationContext.java:620) ~[spring-context-7.0.2.jar!/:7.0.2]
	at org.springframework.boot.web.server.servlet.context.ServletWebServerApplicationContext.refresh(ServletWebServerApplicationContext.java:143) ~[spring-boot-web-server-4.0.1.jar!/:4.0.1]
	at org.springframework.boot.SpringApplication.refresh(SpringApplication.java:756) ~[spring-boot-4.0.1.jar!/:4.0.1]
	at org.springframework.boot.SpringApplication.refreshContext(SpringApplication.java:445) ~[spring-boot-4.0.1.jar!/:4.0.1]
	at org.springframework.boot.SpringApplication.run(SpringApplication.java:321) ~[spring-boot-4.0.1.jar!/:4.0.1]
	at org.springframework.boot.SpringApplication.run(SpringApplication.java:1365) ~[spring-boot-4.0.1.jar!/:4.0.1]
	at org.springframework.boot.SpringApplication.run(SpringApplication.java:1354) ~[spring-boot-4.0.1.jar!/:4.0.1]
	at com.deepapp.vn.io.DeepappMainApplication.main(DeepappMainApplication.java:10) ~[!/:0.0.1-SNAPSHOT]
	at java.base/jdk.internal.reflect.NativeMethodAccessorImpl.invoke0(Native Method) ~[na:na]
	at java.base/jdk.internal.reflect.NativeMethodAccessorImpl.invoke(Unknown Source) ~[na:na]
	at java.base/jdk.internal.reflect.DelegatingMethodAccessorImpl.invoke(Unknown Source) ~[na:na]
	at java.base/java.lang.reflect.Method.invoke(Unknown Source) ~[na:na]
	at org.springframework.boot.loader.launch.Launcher.launch(Launcher.java:106) ~[app.jar:0.0.1-SNAPSHOT]
	at org.springframework.boot.loader.launch.Launcher.launch(Launcher.java:64) ~[app.jar:0.0.1-SNAPSHOT]
	at org.springframework.boot.loader.launch.JarLauncher.main(JarLauncher.java:40) ~[app.jar:0.0.1-SNAPSHOT]
Caused by: java.lang.RuntimeException: C++ worker process terminated immediately
	at com.deepapp.vn.io.infrastructure.cpp.CppWorkerManager.startCppWorker(CppWorkerManager.java:222) ~[!/:0.0.1-SNAPSHOT]
	... 35 common frames omitted

2025-12-23T07:58:39.679Z  WARN 7 --- [deepapp_main] [main] ConfigServletWebServerApplicationContext : Exception encountered during context initialization - cancelling refresh attempt: org.springframework.beans.factory.BeanCreationException: Error creating bean with name 'cppWorkerManager': Invocation of init method failed
2025-12-23T07:58:39.684Z  INFO 7 --- [deepapp_main] [main] o.apache.catalina.core.StandardService   : Stopping service [Tomcat]
2025-12-23T07:58:39.697Z  INFO 7 --- [deepapp_main] [main] .s.b.a.l.ConditionEvaluationReportLogger : 

Error starting ApplicationContext. To display the condition evaluation report re-run your application with 'debug' enabled.
2025-12-23T07:58:39.711Z ERROR 7 --- [deepapp_main] [main] o.s.boot.SpringApplication               : Application run failed

org.springframework.beans.factory.BeanCreationException: Error creating bean with name 'cppWorkerManager': Invocation of init method failed
	at org.springframework.beans.factory.annotation.InitDestroyAnnotationBeanPostProcessor.postProcessBeforeInitialization(InitDestroyAnnotationBeanPostProcessor.java:220) ~[spring-beans-7.0.2.jar!/:7.0.2]
	at org.springframework.beans.factory.support.AbstractAutowireCapableBeanFactory.applyBeanPostProcessorsBeforeInitialization(AbstractAutowireCapableBeanFactory.java:426) ~[spring-beans-7.0.2.jar!/:7.0.2]
	at org.springframework.beans.factory.support.AbstractAutowireCapableBeanFactory.initializeBean(AbstractAutowireCapableBeanFactory.java:1809) ~[spring-beans-7.0.2.jar!/:7.0.2]
	at org.springframework.beans.factory.support.AbstractAutowireCapableBeanFactory.doCreateBean(AbstractAutowireCapableBeanFactory.java:603) ~[spring-beans-7.0.2.jar!/:7.0.2]
	at org.springframework.beans.factory.support.AbstractAutowireCapableBeanFactory.createBean(AbstractAutowireCapableBeanFactory.java:525) ~[spring-beans-7.0.2.jar!/:7.0.2]
	at org.springframework.beans.factory.support.AbstractBeanFactory.lambda$doGetBean$0(AbstractBeanFactory.java:333) ~[spring-beans-7.0.2.jar!/:7.0.2]
	at org.springframework.beans.factory.support.DefaultSingletonBeanRegistry.getSingleton(DefaultSingletonBeanRegistry.java:371) ~[spring-beans-7.0.2.jar!/:7.0.2]
	at org.springframework.beans.factory.support.AbstractBeanFactory.doGetBean(AbstractBeanFactory.java:331) ~[spring-beans-7.0.2.jar!/:7.0.2]
	at org.springframework.beans.factory.support.AbstractBeanFactory.getBean(AbstractBeanFactory.java:196) ~[spring-beans-7.0.2.jar!/:7.0.2]
	at org.springframework.beans.factory.support.DefaultListableBeanFactory.instantiateSingleton(DefaultListableBeanFactory.java:1218) ~[spring-beans-7.0.2.jar!/:7.0.2]
	at org.springframework.beans.factory.support.DefaultListableBeanFactory.preInstantiateSingleton(DefaultListableBeanFactory.java:1184) ~[spring-beans-7.0.2.jar!/:7.0.2]
	at org.springframework.beans.factory.support.DefaultListableBeanFactory.preInstantiateSingletons(DefaultListableBeanFactory.java:1121) ~[spring-beans-7.0.2.jar!/:7.0.2]
	at org.springframework.context.support.AbstractApplicationContext.finishBeanFactoryInitialization(AbstractApplicationContext.java:993) ~[spring-context-7.0.2.jar!/:7.0.2]
	at org.springframework.context.support.AbstractApplicationContext.refresh(AbstractApplicationContext.java:620) ~[spring-context-7.0.2.jar!/:7.0.2]
	at org.springframework.boot.web.server.servlet.context.ServletWebServerApplicationContext.refresh(ServletWebServerApplicationContext.java:143) ~[spring-boot-web-server-4.0.1.jar!/:4.0.1]
	at org.springframework.boot.SpringApplication.refresh(SpringApplication.java:756) ~[spring-boot-4.0.1.jar!/:4.0.1]
	at org.springframework.boot.SpringApplication.refreshContext(SpringApplication.java:445) ~[spring-boot-4.0.1.jar!/:4.0.1]
	at org.springframework.boot.SpringApplication.run(SpringApplication.java:321) ~[spring-boot-4.0.1.jar!/:4.0.1]
	at org.springframework.boot.SpringApplication.run(SpringApplication.java:1365) ~[spring-boot-4.0.1.jar!/:4.0.1]
	at org.springframework.boot.SpringApplication.run(SpringApplication.java:1354) ~[spring-boot-4.0.1.jar!/:4.0.1]
	at com.deepapp.vn.io.DeepappMainApplication.main(DeepappMainApplication.java:10) ~[!/:0.0.1-SNAPSHOT]
	at java.base/jdk.internal.reflect.NativeMethodAccessorImpl.invoke0(Native Method) ~[na:na]
	at java.base/jdk.internal.reflect.NativeMethodAccessorImpl.invoke(Unknown Source) ~[na:na]
	at java.base/jdk.internal.reflect.DelegatingMethodAccessorImpl.invoke(Unknown Source) ~[na:na]
	at java.base/java.lang.reflect.Method.invoke(Unknown Source) ~[na:na]
	at org.springframework.boot.loader.launch.Launcher.launch(Launcher.java:106) ~[app.jar:0.0.1-SNAPSHOT]
	at org.springframework.boot.loader.launch.Launcher.launch(Launcher.java:64) ~[app.jar:0.0.1-SNAPSHOT]
	at org.springframework.boot.loader.launch.JarLauncher.main(JarLauncher.java:40) ~[app.jar:0.0.1-SNAPSHOT]
Caused by: java.lang.RuntimeException: C++ worker initialization failed
	at com.deepapp.vn.io.infrastructure.cpp.CppWorkerManager.initialize(CppWorkerManager.java:80) ~[!/:0.0.1-SNAPSHOT]
	at java.base/jdk.internal.reflect.NativeMethodAccessorImpl.invoke0(Native Method) ~[na:na]
	at java.base/jdk.internal.reflect.NativeMethodAccessorImpl.invoke(Unknown Source) ~[na:na]
	at java.base/jdk.internal.reflect.DelegatingMethodAccessorImpl.invoke(Unknown Source) ~[na:na]
	at java.base/java.lang.reflect.Method.invoke(Unknown Source) ~[na:na]
	at org.springframework.beans.factory.annotation.InitDestroyAnnotationBeanPostProcessor$LifecycleMethod.invoke(InitDestroyAnnotationBeanPostProcessor.java:453) ~[spring-beans-7.0.2.jar!/:7.0.2]
	at org.springframework.beans.factory.annotation.InitDestroyAnnotationBeanPostProcessor$LifecycleMetadata.invokeInitMethods(InitDestroyAnnotationBeanPostProcessor.java:397) ~[spring-beans-7.0.2.jar!/:7.0.2]
	at org.springframework.beans.factory.annotation.InitDestroyAnnotationBeanPostProcessor.postProcessBeforeInitialization(InitDestroyAnnotationBeanPostProcessor.java:217) ~[spring-beans-7.0.2.jar!/:7.0.2]
	... 27 common frames omitted
Caused by: java.lang.RuntimeException: C++ worker start failed
	at com.deepapp.vn.io.infrastructure.cpp.CppWorkerManager.startCppWorker(CppWorkerManager.java:230) ~[!/:0.0.1-SNAPSHOT]
	at com.deepapp.vn.io.infrastructure.cpp.CppWorkerManager.initialize(CppWorkerManager.java:73) ~[!/:0.0.1-SNAPSHOT]
	... 34 common frames omitted
Caused by: java.lang.RuntimeException: C++ worker process terminated immediately
	at com.deepapp.vn.io.infrastructure.cpp.CppWorkerManager.startCppWorker(CppWorkerManager.java:222) ~[!/:0.0.1-SNAPSHOT]
	... 35 common frames omitted

2025-12-23T07:58:41.340Z  INFO 7 --- [deepapp_main] [main] c.deepapp.vn.io.DeepappMainApplication   : Starting DeepappMainApplication v0.0.1-SNAPSHOT using Java 17.0.17 with PID 7 (/app/app.jar started by root in /app)
2025-12-23T07:58:41.342Z DEBUG 7 --- [deepapp_main] [main] c.deepapp.vn.io.DeepappMainApplication   : Running with Spring Boot v4.0.1, Spring v7.0.2
2025-12-23T07:58:41.343Z  INFO 7 --- [deepapp_main] [main] c.deepapp.vn.io.DeepappMainApplication   : The following 1 profile is active: "docker"
2025-12-23T07:58:42.207Z  INFO 7 --- [deepapp_main] [main] o.s.boot.tomcat.TomcatWebServer          : Tomcat initialized with port 8080 (http)
2025-12-23T07:58:42.217Z  INFO 7 --- [deepapp_main] [main] o.apache.catalina.core.StandardService   : Starting service [Tomcat]
2025-12-23T07:58:42.218Z  INFO 7 --- [deepapp_main] [main] o.apache.catalina.core.StandardEngine    : Starting Servlet engine: [Apache Tomcat/11.0.15]
2025-12-23T07:58:42.244Z  INFO 7 --- [deepapp_main] [main] b.w.c.s.WebApplicationContextInitializer : Root WebApplicationContext: initialization completed in 860 ms
2025-12-23T07:58:42.463Z  INFO 7 --- [deepapp_main] [main] c.d.v.i.i.cpp.CppWorkerManager           : ========================================
2025-12-23T07:58:42.464Z  INFO 7 --- [deepapp_main] [main] c.d.v.i.i.cpp.CppWorkerManager           : C++ Worker Manager - Initialization
2025-12-23T07:58:42.464Z  INFO 7 --- [deepapp_main] [main] c.d.v.i.i.cpp.CppWorkerManager           : ========================================
2025-12-23T07:58:42.464Z  INFO 7 --- [deepapp_main] [main] c.d.v.i.i.cpp.CppWorkerManager           : Starting C++ worker process...
2025-12-23T07:58:42.465Z  INFO 7 --- [deepapp_main] [main] c.d.v.i.i.cpp.CppWorkerManager           :   gRPC Server: 72.60.111.138:50051:50051
2025-12-23T07:58:42.465Z  INFO 7 --- [deepapp_main] [main] c.d.v.i.i.cpp.CppWorkerManager           :   Client ID: cpp-worker
2025-12-23T07:58:42.474Z  INFO 7 --- [deepapp_main] [cpp-worker-output] c.d.v.i.i.cpp.CppWorkerManager           : [C++ Worker] [AAA0_0100_Worker] Initialized
2025-12-23T07:58:42.474Z  INFO 7 --- [deepapp_main] [cpp-worker-output] c.d.v.i.i.cpp.CppWorkerManager           : [C++ Worker] [WorkerRegistry] Registered worker: AAA0_0100_W -> AAA0_0100_Worker
2025-12-23T07:58:42.475Z  INFO 7 --- [deepapp_main] [cpp-worker-output] c.d.v.i.i.cpp.CppWorkerManager           : [C++ Worker] [AAA0_0200_Worker] Initialized
2025-12-23T07:58:42.475Z  INFO 7 --- [deepapp_main] [cpp-worker-output] c.d.v.i.i.cpp.CppWorkerManager           : [C++ Worker] [WorkerRegistry] Registered worker: AAA0_0200_W -> AAA0_0200_Worker
2025-12-23T07:58:42.475Z  INFO 7 --- [deepapp_main] [cpp-worker-output] c.d.v.i.i.cpp.CppWorkerManager           : [C++ Worker] ========================================
2025-12-23T07:58:42.475Z  INFO 7 --- [deepapp_main] [cpp-worker-output] c.d.v.i.i.cpp.CppWorkerManager           : [C++ Worker] DeepApp C++ Worker Application
2025-12-23T07:58:42.475Z  INFO 7 --- [deepapp_main] [cpp-worker-output] c.d.v.i.i.cpp.CppWorkerManager           : [C++ Worker] ========================================
2025-12-23T07:58:42.475Z  INFO 7 --- [deepapp_main] [cpp-worker-output] c.d.v.i.i.cpp.CppWorkerManager           : [C++ Worker] [Main] Configuration:
2025-12-23T07:58:42.476Z  INFO 7 --- [deepapp_main] [cpp-worker-output] c.d.v.i.i.cpp.CppWorkerManager           : [C++ Worker]   Server: 72.60.111.138:50051:50051
2025-12-23T07:58:42.476Z  INFO 7 --- [deepapp_main] [cpp-worker-output] c.d.v.i.i.cpp.CppWorkerManager           : [C++ Worker]   Client ID: cpp-worker
2025-12-23T07:58:42.476Z  INFO 7 --- [deepapp_main] [cpp-worker-output] c.d.v.i.i.cpp.CppWorkerManager           : [C++ Worker] 
2025-12-23T07:58:42.476Z  INFO 7 --- [deepapp_main] [cpp-worker-output] c.d.v.i.i.cpp.CppWorkerManager           : [C++ Worker] [Main] Worker Registry Status:
2025-12-23T07:58:42.476Z  INFO 7 --- [deepapp_main] [cpp-worker-output] c.d.v.i.i.cpp.CppWorkerManager           : [C++ Worker]   Total workers: 2
2025-12-23T07:58:42.476Z  INFO 7 --- [deepapp_main] [cpp-worker-output] c.d.v.i.i.cpp.CppWorkerManager           : [C++ Worker]   ✓ Registered workers:
2025-12-23T07:58:42.477Z  INFO 7 --- [deepapp_main] [cpp-worker-output] c.d.v.i.i.cpp.CppWorkerManager           : [C++ Worker]     - AAA0_0100_W (AAA0_0100_Worker)
2025-12-23T07:58:42.477Z ERROR 7 --- [deepapp_main] [cpp-worker-error] c.d.v.i.i.cpp.CppWorkerManager           : [C++ Worker ERROR] [GrpcWorkerClient] Failed to send connect message
2025-12-23T07:58:42.477Z  INFO 7 --- [deepapp_main] [cpp-worker-output] c.d.v.i.i.cpp.CppWorkerManager           : [C++ Worker]     - AAA0_0200_W (AAA0_0200_Worker)
2025-12-23T07:58:42.477Z  INFO 7 --- [deepapp_main] [cpp-worker-output] c.d.v.i.i.cpp.CppWorkerManager           : [C++ Worker] 
2025-12-23T07:58:42.477Z  INFO 7 --- [deepapp_main] [cpp-worker-output] c.d.v.i.i.cpp.CppWorkerManager           : [C++ Worker] [Main] Starting gRPC worker client...
2025-12-23T07:58:42.477Z  INFO 7 --- [deepapp_main] [cpp-worker-output] c.d.v.i.i.cpp.CppWorkerManager           : [C++ Worker] ========================================
2025-12-23T07:58:42.477Z  INFO 7 --- [deepapp_main] [cpp-worker-output] c.d.v.i.i.cpp.CppWorkerManager           : [C++ Worker] 
2025-12-23T07:58:42.478Z  INFO 7 --- [deepapp_main] [cpp-worker-output] c.d.v.i.i.cpp.CppWorkerManager           : [C++ Worker] [GrpcWorkerClient] Connecting to 72.60.111.138:50051:50051 with client_id: cpp-worker
2025-12-23T07:58:42.478Z  INFO 7 --- [deepapp_main] [cpp-worker-output] c.d.v.i.i.cpp.CppWorkerManager           : [C++ Worker] [Main] Client stopped.
2025-12-23T07:58:44.471Z ERROR 7 --- [deepapp_main] [main] c.d.v.i.i.cpp.CppWorkerManager           : Failed to start C++ worker

java.lang.RuntimeException: C++ worker process terminated immediately
	at com.deepapp.vn.io.infrastructure.cpp.CppWorkerManager.startCppWorker(CppWorkerManager.java:222) ~[!/:0.0.1-SNAPSHOT]
	at com.deepapp.vn.io.infrastructure.cpp.CppWorkerManager.initialize(CppWorkerManager.java:73) ~[!/:0.0.1-SNAPSHOT]
	at java.base/jdk.internal.reflect.NativeMethodAccessorImpl.invoke0(Native Method) ~[na:na]
	at java.base/jdk.internal.reflect.NativeMethodAccessorImpl.invoke(Unknown Source) ~[na:na]
	at java.base/jdk.internal.reflect.DelegatingMethodAccessorImpl.invoke(Unknown Source) ~[na:na]
	at java.base/java.lang.reflect.Method.invoke(Unknown Source) ~[na:na]
	at org.springframework.beans.factory.annotation.InitDestroyAnnotationBeanPostProcessor$LifecycleMethod.invoke(InitDestroyAnnotationBeanPostProcessor.java:453) ~[spring-beans-7.0.2.jar!/:7.0.2]
	at org.springframework.beans.factory.annotation.InitDestroyAnnotationBeanPostProcessor$LifecycleMetadata.invokeInitMethods(InitDestroyAnnotationBeanPostProcessor.java:397) ~[spring-beans-7.0.2.jar!/:7.0.2]
	at org.springframework.beans.factory.annotation.InitDestroyAnnotationBeanPostProcessor.postProcessBeforeInitialization(InitDestroyAnnotationBeanPostProcessor.java:217) ~[spring-beans-7.0.2.jar!/:7.0.2]
	at org.springframework.beans.factory.support.AbstractAutowireCapableBeanFactory.applyBeanPostProcessorsBeforeInitialization(AbstractAutowireCapableBeanFactory.java:426) ~[spring-beans-7.0.2.jar!/:7.0.2]
	at org.springframework.beans.factory.support.AbstractAutowireCapableBeanFactory.initializeBean(AbstractAutowireCapableBeanFactory.java:1809) ~[spring-beans-7.0.2.jar!/:7.0.2]
	at org.springframework.beans.factory.support.AbstractAutowireCapableBeanFactory.doCreateBean(AbstractAutowireCapableBeanFactory.java:603) ~[spring-beans-7.0.2.jar!/:7.0.2]
	at org.springframework.beans.factory.support.AbstractAutowireCapableBeanFactory.createBean(AbstractAutowireCapableBeanFactory.java:525) ~[spring-beans-7.0.2.jar!/:7.0.2]
	at org.springframework.beans.factory.support.AbstractBeanFactory.lambda$doGetBean$0(AbstractBeanFactory.java:333) ~[spring-beans-7.0.2.jar!/:7.0.2]
	at org.springframework.beans.factory.support.DefaultSingletonBeanRegistry.getSingleton(DefaultSingletonBeanRegistry.java:371) ~[spring-beans-7.0.2.jar!/:7.0.2]
	at org.springframework.beans.factory.support.AbstractBeanFactory.doGetBean(AbstractBeanFactory.java:331) ~[spring-beans-7.0.2.jar!/:7.0.2]
	at org.springframework.beans.factory.support.AbstractBeanFactory.getBean(AbstractBeanFactory.java:196) ~[spring-beans-7.0.2.jar!/:7.0.2]
	at org.springframework.beans.factory.support.DefaultListableBeanFactory.instantiateSingleton(DefaultListableBeanFactory.java:1218) ~[spring-beans-7.0.2.jar!/:7.0.2]
	at org.springframework.beans.factory.support.DefaultListableBeanFactory.preInstantiateSingleton(DefaultListableBeanFactory.java:1184) ~[spring-beans-7.0.2.jar!/:7.0.2]
	at org.springframework.beans.factory.support.DefaultListableBeanFactory.preInstantiateSingletons(DefaultListableBeanFactory.java:1121) ~[spring-beans-7.0.2.jar!/:7.0.2]
	at org.springframework.context.support.AbstractApplicationContext.finishBeanFactoryInitialization(AbstractApplicationContext.java:993) ~[spring-context-7.0.2.jar!/:7.0.2]
	at org.springframework.context.support.AbstractApplicationContext.refresh(AbstractApplicationContext.java:620) ~[spring-context-7.0.2.jar!/:7.0.2]
	at org.springframework.boot.web.server.servlet.context.ServletWebServerApplicationContext.refresh(ServletWebServerApplicationContext.java:143) ~[spring-boot-web-server-4.0.1.jar!/:4.0.1]
	at org.springframework.boot.SpringApplication.refresh(SpringApplication.java:756) ~[spring-boot-4.0.1.jar!/:4.0.1]
	at org.springframework.boot.SpringApplication.refreshContext(SpringApplication.java:445) ~[spring-boot-4.0.1.jar!/:4.0.1]
	at org.springframework.boot.SpringApplication.run(SpringApplication.java:321) ~[spring-boot-4.0.1.jar!/:4.0.1]
	at org.springframework.boot.SpringApplication.run(SpringApplication.java:1365) ~[spring-boot-4.0.1.jar!/:4.0.1]
	at org.springframework.boot.SpringApplication.run(SpringApplication.java:1354) ~[spring-boot-4.0.1.jar!/:4.0.1]
	at com.deepapp.vn.io.DeepappMainApplication.main(DeepappMainApplication.java:10) ~[!/:0.0.1-SNAPSHOT]
	at java.base/jdk.internal.reflect.NativeMethodAccessorImpl.invoke0(Native Method) ~[na:na]
	at java.base/jdk.internal.reflect.NativeMethodAccessorImpl.invoke(Unknown Source) ~[na:na]
	at java.base/jdk.internal.reflect.DelegatingMethodAccessorImpl.invoke(Unknown Source) ~[na:na]
	at java.base/java.lang.reflect.Method.invoke(Unknown Source) ~[na:na]
	at org.springframework.boot.loader.launch.Launcher.launch(Launcher.java:106) ~[app.jar:0.0.1-SNAPSHOT]
	at org.springframework.boot.loader.launch.Launcher.launch(Launcher.java:64) ~[app.jar:0.0.1-SNAPSHOT]
	at org.springframework.boot.loader.launch.JarLauncher.main(JarLauncher.java:40) ~[app.jar:0.0.1-SNAPSHOT]

2025-12-23T07:58:44.477Z ERROR 7 --- [deepapp_main] [main] c.d.v.i.i.cpp.CppWorkerManager           : Failed to initialize C++ worker manager

java.lang.RuntimeException: C++ worker start failed
	at com.deepapp.vn.io.infrastructure.cpp.CppWorkerManager.startCppWorker(CppWorkerManager.java:230) ~[!/:0.0.1-SNAPSHOT]
	at com.deepapp.vn.io.infrastructure.cpp.CppWorkerManager.initialize(CppWorkerManager.java:73) ~[!/:0.0.1-SNAPSHOT]
	at java.base/jdk.internal.reflect.NativeMethodAccessorImpl.invoke0(Native Method) ~[na:na]
	at java.base/jdk.internal.reflect.NativeMethodAccessorImpl.invoke(Unknown Source) ~[na:na]
	at java.base/jdk.internal.reflect.DelegatingMethodAccessorImpl.invoke(Unknown Source) ~[na:na]
	at java.base/java.lang.reflect.Method.invoke(Unknown Source) ~[na:na]
	at org.springframework.beans.factory.annotation.InitDestroyAnnotationBeanPostProcessor$LifecycleMethod.invoke(InitDestroyAnnotationBeanPostProcessor.java:453) ~[spring-beans-7.0.2.jar!/:7.0.2]
	at org.springframework.beans.factory.annotation.InitDestroyAnnotationBeanPostProcessor$LifecycleMetadata.invokeInitMethods(InitDestroyAnnotationBeanPostProcessor.java:397) ~[spring-beans-7.0.2.jar!/:7.0.2]
	at org.springframework.beans.factory.annotation.InitDestroyAnnotationBeanPostProcessor.postProcessBeforeInitialization(InitDestroyAnnotationBeanPostProcessor.java:217) ~[spring-beans-7.0.2.jar!/:7.0.2]
	at org.springframework.beans.factory.support.AbstractAutowireCapableBeanFactory.applyBeanPostProcessorsBeforeInitialization(AbstractAutowireCapableBeanFactory.java:426) ~[spring-beans-7.0.2.jar!/:7.0.2]
	at org.springframework.beans.factory.support.AbstractAutowireCapableBeanFactory.initializeBean(AbstractAutowireCapableBeanFactory.java:1809) ~[spring-beans-7.0.2.jar!/:7.0.2]
	at org.springframework.beans.factory.support.AbstractAutowireCapableBeanFactory.doCreateBean(AbstractAutowireCapableBeanFactory.java:603) ~[spring-beans-7.0.2.jar!/:7.0.2]
	at org.springframework.beans.factory.support.AbstractAutowireCapableBeanFactory.createBean(AbstractAutowireCapableBeanFactory.java:525) ~[spring-beans-7.0.2.jar!/:7.0.2]
	at org.springframework.beans.factory.support.AbstractBeanFactory.lambda$doGetBean$0(AbstractBeanFactory.java:333) ~[spring-beans-7.0.2.jar!/:7.0.2]
	at org.springframework.beans.factory.support.DefaultSingletonBeanRegistry.getSingleton(DefaultSingletonBeanRegistry.java:371) ~[spring-beans-7.0.2.jar!/:7.0.2]
	at org.springframework.beans.factory.support.AbstractBeanFactory.doGetBean(AbstractBeanFactory.java:331) ~[spring-beans-7.0.2.jar!/:7.0.2]
	at org.springframework.beans.factory.support.AbstractBeanFactory.getBean(AbstractBeanFactory.java:196) ~[spring-beans-7.0.2.jar!/:7.0.2]
	at org.springframework.beans.factory.support.DefaultListableBeanFactory.instantiateSingleton(DefaultListableBeanFactory.java:1218) ~[spring-beans-7.0.2.jar!/:7.0.2]
	at org.springframework.beans.factory.support.DefaultListableBeanFactory.preInstantiateSingleton(DefaultListableBeanFactory.java:1184) ~[spring-beans-7.0.2.jar!/:7.0.2]
	at org.springframework.beans.factory.support.DefaultListableBeanFactory.preInstantiateSingletons(DefaultListableBeanFactory.java:1121) ~[spring-beans-7.0.2.jar!/:7.0.2]
	at org.springframework.context.support.AbstractApplicationContext.finishBeanFactoryInitialization(AbstractApplicationContext.java:993) ~[spring-context-7.0.2.jar!/:7.0.2]
	at org.springframework.context.support.AbstractApplicationContext.refresh(AbstractApplicationContext.java:620) ~[spring-context-7.0.2.jar!/:7.0.2]
	at org.springframework.boot.web.server.servlet.context.ServletWebServerApplicationContext.refresh(ServletWebServerApplicationContext.java:143) ~[spring-boot-web-server-4.0.1.jar!/:4.0.1]
	at org.springframework.boot.SpringApplication.refresh(SpringApplication.java:756) ~[spring-boot-4.0.1.jar!/:4.0.1]
	at org.springframework.boot.SpringApplication.refreshContext(SpringApplication.java:445) ~[spring-boot-4.0.1.jar!/:4.0.1]
	at org.springframework.boot.SpringApplication.run(SpringApplication.java:321) ~[spring-boot-4.0.1.jar!/:4.0.1]
	at org.springframework.boot.SpringApplication.run(SpringApplication.java:1365) ~[spring-boot-4.0.1.jar!/:4.0.1]
	at org.springframework.boot.SpringApplication.run(SpringApplication.java:1354) ~[spring-boot-4.0.1.jar!/:4.0.1]
	at com.deepapp.vn.io.DeepappMainApplication.main(DeepappMainApplication.java:10) ~[!/:0.0.1-SNAPSHOT]
	at java.base/jdk.internal.reflect.NativeMethodAccessorImpl.invoke0(Native Method) ~[na:na]
	at java.base/jdk.internal.reflect.NativeMethodAccessorImpl.invoke(Unknown Source) ~[na:na]
	at java.base/jdk.internal.reflect.DelegatingMethodAccessorImpl.invoke(Unknown Source) ~[na:na]
	at java.base/java.lang.reflect.Method.invoke(Unknown Source) ~[na:na]
	at org.springframework.boot.loader.launch.Launcher.launch(Launcher.java:106) ~[app.jar:0.0.1-SNAPSHOT]
	at org.springframework.boot.loader.launch.Launcher.launch(Launcher.java:64) ~[app.jar:0.0.1-SNAPSHOT]
	at org.springframework.boot.loader.launch.JarLauncher.main(JarLauncher.java:40) ~[app.jar:0.0.1-SNAPSHOT]
Caused by: java.lang.RuntimeException: C++ worker process terminated immediately
	at com.deepapp.vn.io.infrastructure.cpp.CppWorkerManager.startCppWorker(CppWorkerManager.java:222) ~[!/:0.0.1-SNAPSHOT]
	... 35 common frames omitted

2025-12-23T07:58:44.480Z  WARN 7 --- [deepapp_main] [main] ConfigServletWebServerApplicationContext : Exception encountered during context initialization - cancelling refresh attempt: org.springframework.beans.factory.BeanCreationException: Error creating bean with name 'cppWorkerManager': Invocation of init method failed
2025-12-23T07:58:44.484Z  INFO 7 --- [deepapp_main] [main] o.apache.catalina.core.StandardService   : Stopping service [Tomcat]
2025-12-23T07:58:44.493Z  INFO 7 --- [deepapp_main] [main] .s.b.a.l.ConditionEvaluationReportLogger : 

Error starting ApplicationContext. To display the condition evaluation report re-run your application with 'debug' enabled.
2025-12-23T07:58:44.503Z ERROR 7 --- [deepapp_main] [main] o.s.boot.SpringApplication               : Application run failed

org.springframework.beans.factory.BeanCreationException: Error creating bean with name 'cppWorkerManager': Invocation of init method failed
	at org.springframework.beans.factory.annotation.InitDestroyAnnotationBeanPostProcessor.postProcessBeforeInitialization(InitDestroyAnnotationBeanPostProcessor.java:220) ~[spring-beans-7.0.2.jar!/:7.0.2]
	at org.springframework.beans.factory.support.AbstractAutowireCapableBeanFactory.applyBeanPostProcessorsBeforeInitialization(AbstractAutowireCapableBeanFactory.java:426) ~[spring-beans-7.0.2.jar!/:7.0.2]
	at org.springframework.beans.factory.support.AbstractAutowireCapableBeanFactory.initializeBean(AbstractAutowireCapableBeanFactory.java:1809) ~[spring-beans-7.0.2.jar!/:7.0.2]
	at org.springframework.beans.factory.support.AbstractAutowireCapableBeanFactory.doCreateBean(AbstractAutowireCapableBeanFactory.java:603) ~[spring-beans-7.0.2.jar!/:7.0.2]
	at org.springframework.beans.factory.support.AbstractAutowireCapableBeanFactory.createBean(AbstractAutowireCapableBeanFactory.java:525) ~[spring-beans-7.0.2.jar!/:7.0.2]
	at org.springframework.beans.factory.support.AbstractBeanFactory.lambda$doGetBean$0(AbstractBeanFactory.java:333) ~[spring-beans-7.0.2.jar!/:7.0.2]
	at org.springframework.beans.factory.support.DefaultSingletonBeanRegistry.getSingleton(DefaultSingletonBeanRegistry.java:371) ~[spring-beans-7.0.2.jar!/:7.0.2]
	at org.springframework.beans.factory.support.AbstractBeanFactory.doGetBean(AbstractBeanFactory.java:331) ~[spring-beans-7.0.2.jar!/:7.0.2]
	at org.springframework.beans.factory.support.AbstractBeanFactory.getBean(AbstractBeanFactory.java:196) ~[spring-beans-7.0.2.jar!/:7.0.2]
	at org.springframework.beans.factory.support.DefaultListableBeanFactory.instantiateSingleton(DefaultListableBeanFactory.java:1218) ~[spring-beans-7.0.2.jar!/:7.0.2]
	at org.springframework.beans.factory.support.DefaultListableBeanFactory.preInstantiateSingleton(DefaultListableBeanFactory.java:1184) ~[spring-beans-7.0.2.jar!/:7.0.2]
	at org.springframework.beans.factory.support.DefaultListableBeanFactory.preInstantiateSingletons(DefaultListableBeanFactory.java:1121) ~[spring-beans-7.0.2.jar!/:7.0.2]
	at org.springframework.context.support.AbstractApplicationContext.finishBeanFactoryInitialization(AbstractApplicationContext.java:993) ~[spring-context-7.0.2.jar!/:7.0.2]
	at org.springframework.context.support.AbstractApplicationContext.refresh(AbstractApplicationContext.java:620) ~[spring-context-7.0.2.jar!/:7.0.2]
	at org.springframework.boot.web.server.servlet.context.ServletWebServerApplicationContext.refresh(ServletWebServerApplicationContext.java:143) ~[spring-boot-web-server-4.0.1.jar!/:4.0.1]
	at org.springframework.boot.SpringApplication.refresh(SpringApplication.java:756) ~[spring-boot-4.0.1.jar!/:4.0.1]
	at org.springframework.boot.SpringApplication.refreshContext(SpringApplication.java:445) ~[spring-boot-4.0.1.jar!/:4.0.1]
	at org.springframework.boot.SpringApplication.run(SpringApplication.java:321) ~[spring-boot-4.0.1.jar!/:4.0.1]
	at org.springframework.boot.SpringApplication.run(SpringApplication.java:1365) ~[spring-boot-4.0.1.jar!/:4.0.1]
	at org.springframework.boot.SpringApplication.run(SpringApplication.java:1354) ~[spring-boot-4.0.1.jar!/:4.0.1]
	at com.deepapp.vn.io.DeepappMainApplication.main(DeepappMainApplication.java:10) ~[!/:0.0.1-SNAPSHOT]
	at java.base/jdk.internal.reflect.NativeMethodAccessorImpl.invoke0(Native Method) ~[na:na]
	at java.base/jdk.internal.reflect.NativeMethodAccessorImpl.invoke(Unknown Source) ~[na:na]
	at java.base/jdk.internal.reflect.DelegatingMethodAccessorImpl.invoke(Unknown Source) ~[na:na]
	at java.base/java.lang.reflect.Method.invoke(Unknown Source) ~[na:na]
	at org.springframework.boot.loader.launch.Launcher.launch(Launcher.java:106) ~[app.jar:0.0.1-SNAPSHOT]
	at org.springframework.boot.loader.launch.Launcher.launch(Launcher.java:64) ~[app.jar:0.0.1-SNAPSHOT]
	at org.springframework.boot.loader.launch.JarLauncher.main(JarLauncher.java:40) ~[app.jar:0.0.1-SNAPSHOT]
Caused by: java.lang.RuntimeException: C++ worker initialization failed
	at com.deepapp.vn.io.infrastructure.cpp.CppWorkerManager.initialize(CppWorkerManager.java:80) ~[!/:0.0.1-SNAPSHOT]
	at java.base/jdk.internal.reflect.NativeMethodAccessorImpl.invoke0(Native Method) ~[na:na]
	at java.base/jdk.internal.reflect.NativeMethodAccessorImpl.invoke(Unknown Source) ~[na:na]
	at java.base/jdk.internal.reflect.DelegatingMethodAccessorImpl.invoke(Unknown Source) ~[na:na]
	at java.base/java.lang.reflect.Method.invoke(Unknown Source) ~[na:na]
	at org.springframework.beans.factory.annotation.InitDestroyAnnotationBeanPostProcessor$LifecycleMethod.invoke(InitDestroyAnnotationBeanPostProcessor.java:453) ~[spring-beans-7.0.2.jar!/:7.0.2]
	at org.springframework.beans.factory.annotation.InitDestroyAnnotationBeanPostProcessor$LifecycleMetadata.invokeInitMethods(InitDestroyAnnotationBeanPostProcessor.java:397) ~[spring-beans-7.0.2.jar!/:7.0.2]
	at org.springframework.beans.factory.annotation.InitDestroyAnnotationBeanPostProcessor.postProcessBeforeInitialization(InitDestroyAnnotationBeanPostProcessor.java:217) ~[spring-beans-7.0.2.jar!/:7.0.2]
	... 27 common frames omitted
Caused by: java.lang.RuntimeException: C++ worker start failed
	at com.deepapp.vn.io.infrastructure.cpp.CppWorkerManager.startCppWorker(CppWorkerManager.java:230) ~[!/:0.0.1-SNAPSHOT]
	at com.deepapp.vn.io.infrastructure.cpp.CppWorkerManager.initialize(CppWorkerManager.java:73) ~[!/:0.0.1-SNAPSHOT]
	... 34 common frames omitted
Caused by: java.lang.RuntimeException: C++ worker process terminated immediately
	at com.deepapp.vn.io.infrastructure.cpp.CppWorkerManager.startCppWorker(CppWorkerManager.java:222) ~[!/:0.0.1-SNAPSHOT]
	... 35 common frames omitted

2025-12-23T07:58:46.053Z  INFO 7 --- [deepapp_main] [main] c.deepapp.vn.io.DeepappMainApplication   : Starting DeepappMainApplication v0.0.1-SNAPSHOT using Java 17.0.17 with PID 7 (/app/app.jar started by root in /app)
2025-12-23T07:58:46.055Z DEBUG 7 --- [deepapp_main] [main] c.deepapp.vn.io.DeepappMainApplication   : Running with Spring Boot v4.0.1, Spring v7.0.2
2025-12-23T07:58:46.056Z  INFO 7 --- [deepapp_main] [main] c.deepapp.vn.io.DeepappMainApplication   : The following 1 profile is active: "docker"
2025-12-23T07:58:47.029Z  INFO 7 --- [deepapp_main] [main] o.s.boot.tomcat.TomcatWebServer          : Tomcat initialized with port 8080 (http)
2025-12-23T07:58:47.039Z  INFO 7 --- [deepapp_main] [main] o.apache.catalina.core.StandardService   : Starting service [Tomcat]
2025-12-23T07:58:47.039Z  INFO 7 --- [deepapp_main] [main] o.apache.catalina.core.StandardEngine    : Starting Servlet engine: [Apache Tomcat/11.0.15]
2025-12-23T07:58:47.064Z  INFO 7 --- [deepapp_main] [main] b.w.c.s.WebApplicationContextInitializer : Root WebApplicationContext: initialization completed in 970 ms
2025-12-23T07:58:47.201Z  INFO 7 --- [deepapp_main] [main] c.d.v.i.i.cpp.CppWorkerManager           : ========================================
2025-12-23T07:58:47.202Z  INFO 7 --- [deepapp_main] [main] c.d.v.i.i.cpp.CppWorkerManager           : C++ Worker Manager - Initialization
2025-12-23T07:58:47.202Z  INFO 7 --- [deepapp_main] [main] c.d.v.i.i.cpp.CppWorkerManager           : ========================================
2025-12-23T07:58:47.202Z  INFO 7 --- [deepapp_main] [main] c.d.v.i.i.cpp.CppWorkerManager           : Starting C++ worker process...
2025-12-23T07:58:47.203Z  INFO 7 --- [deepapp_main] [main] c.d.v.i.i.cpp.CppWorkerManager           :   gRPC Server: 72.60.111.138:50051:50051
2025-12-23T07:58:47.203Z  INFO 7 --- [deepapp_main] [main] c.d.v.i.i.cpp.CppWorkerManager           :   Client ID: cpp-worker
2025-12-23T07:58:47.211Z  INFO 7 --- [deepapp_main] [cpp-worker-output] c.d.v.i.i.cpp.CppWorkerManager           : [C++ Worker] [AAA0_0100_Worker] Initialized
2025-12-23T07:58:47.211Z  INFO 7 --- [deepapp_main] [cpp-worker-output] c.d.v.i.i.cpp.CppWorkerManager           : [C++ Worker] [WorkerRegistry] Registered worker: AAA0_0100_W -> AAA0_0100_Worker
2025-12-23T07:58:47.211Z  INFO 7 --- [deepapp_main] [cpp-worker-output] c.d.v.i.i.cpp.CppWorkerManager           : [C++ Worker] [AAA0_0200_Worker] Initialized
2025-12-23T07:58:47.211Z  INFO 7 --- [deepapp_main] [cpp-worker-output] c.d.v.i.i.cpp.CppWorkerManager           : [C++ Worker] [WorkerRegistry] Registered worker: AAA0_0200_W -> AAA0_0200_Worker
2025-12-23T07:58:47.211Z  INFO 7 --- [deepapp_main] [cpp-worker-output] c.d.v.i.i.cpp.CppWorkerManager           : [C++ Worker] ========================================
2025-12-23T07:58:47.212Z  INFO 7 --- [deepapp_main] [cpp-worker-output] c.d.v.i.i.cpp.CppWorkerManager           : [C++ Worker] DeepApp C++ Worker Application
2025-12-23T07:58:47.212Z  INFO 7 --- [deepapp_main] [cpp-worker-output] c.d.v.i.i.cpp.CppWorkerManager           : [C++ Worker] ========================================
2025-12-23T07:58:47.212Z  INFO 7 --- [deepapp_main] [cpp-worker-output] c.d.v.i.i.cpp.CppWorkerManager           : [C++ Worker] [Main] Configuration:
2025-12-23T07:58:47.212Z  INFO 7 --- [deepapp_main] [cpp-worker-output] c.d.v.i.i.cpp.CppWorkerManager           : [C++ Worker]   Server: 72.60.111.138:50051:50051
2025-12-23T07:58:47.212Z  INFO 7 --- [deepapp_main] [cpp-worker-output] c.d.v.i.i.cpp.CppWorkerManager           : [C++ Worker]   Client ID: cpp-worker
2025-12-23T07:58:47.212Z  INFO 7 --- [deepapp_main] [cpp-worker-output] c.d.v.i.i.cpp.CppWorkerManager           : [C++ Worker] 
2025-12-23T07:58:47.212Z  INFO 7 --- [deepapp_main] [cpp-worker-output] c.d.v.i.i.cpp.CppWorkerManager           : [C++ Worker] [Main] Worker Registry Status:
2025-12-23T07:58:47.213Z  INFO 7 --- [deepapp_main] [cpp-worker-output] c.d.v.i.i.cpp.CppWorkerManager           : [C++ Worker]   Total workers: 2
2025-12-23T07:58:47.213Z ERROR 7 --- [deepapp_main] [cpp-worker-error] c.d.v.i.i.cpp.CppWorkerManager           : [C++ Worker ERROR] [GrpcWorkerClient] Failed to send connect message
2025-12-23T07:58:47.213Z  INFO 7 --- [deepapp_main] [cpp-worker-output] c.d.v.i.i.cpp.CppWorkerManager           : [C++ Worker]   ✓ Registered workers:
2025-12-23T07:58:47.213Z  INFO 7 --- [deepapp_main] [cpp-worker-output] c.d.v.i.i.cpp.CppWorkerManager           : [C++ Worker]     - AAA0_0100_W (AAA0_0100_Worker)
2025-12-23T07:58:47.214Z  INFO 7 --- [deepapp_main] [cpp-worker-output] c.d.v.i.i.cpp.CppWorkerManager           : [C++ Worker]     - AAA0_0200_W (AAA0_0200_Worker)
2025-12-23T07:58:47.214Z  INFO 7 --- [deepapp_main] [cpp-worker-output] c.d.v.i.i.cpp.CppWorkerManager           : [C++ Worker] 
2025-12-23T07:58:47.214Z  INFO 7 --- [deepapp_main] [cpp-worker-output] c.d.v.i.i.cpp.CppWorkerManager           : [C++ Worker] [Main] Starting gRPC worker client...
2025-12-23T07:58:47.214Z  INFO 7 --- [deepapp_main] [cpp-worker-output] c.d.v.i.i.cpp.CppWorkerManager           : [C++ Worker] ========================================
2025-12-23T07:58:47.214Z  INFO 7 --- [deepapp_main] [cpp-worker-output] c.d.v.i.i.cpp.CppWorkerManager           : [C++ Worker] 
2025-12-23T07:58:47.214Z  INFO 7 --- [deepapp_main] [cpp-worker-output] c.d.v.i.i.cpp.CppWorkerManager           : [C++ Worker] [GrpcWorkerClient] Connecting to 72.60.111.138:50051:50051 with client_id: cpp-worker
2025-12-23T07:58:47.215Z  INFO 7 --- [deepapp_main] [cpp-worker-output] c.d.v.i.i.cpp.CppWorkerManager           : [C++ Worker] [Main] Client stopped.
2025-12-23T07:58:49.208Z ERROR 7 --- [deepapp_main] [main] c.d.v.i.i.cpp.CppWorkerManager           : Failed to start C++ worker

java.lang.RuntimeException: C++ worker process terminated immediately
	at com.deepapp.vn.io.infrastructure.cpp.CppWorkerManager.startCppWorker(CppWorkerManager.java:222) ~[!/:0.0.1-SNAPSHOT]
	at com.deepapp.vn.io.infrastructure.cpp.CppWorkerManager.initialize(CppWorkerManager.java:73) ~[!/:0.0.1-SNAPSHOT]
	at java.base/jdk.internal.reflect.NativeMethodAccessorImpl.invoke0(Native Method) ~[na:na]
	at java.base/jdk.internal.reflect.NativeMethodAccessorImpl.invoke(Unknown Source) ~[na:na]
	at java.base/jdk.internal.reflect.DelegatingMethodAccessorImpl.invoke(Unknown Source) ~[na:na]
	at java.base/java.lang.reflect.Method.invoke(Unknown Source) ~[na:na]
	at org.springframework.beans.factory.annotation.InitDestroyAnnotationBeanPostProcessor$LifecycleMethod.invoke(InitDestroyAnnotationBeanPostProcessor.java:453) ~[spring-beans-7.0.2.jar!/:7.0.2]
	at org.springframework.beans.factory.annotation.InitDestroyAnnotationBeanPostProcessor$LifecycleMetadata.invokeInitMethods(InitDestroyAnnotationBeanPostProcessor.java:397) ~[spring-beans-7.0.2.jar!/:7.0.2]
	at org.springframework.beans.factory.annotation.InitDestroyAnnotationBeanPostProcessor.postProcessBeforeInitialization(InitDestroyAnnotationBeanPostProcessor.java:217) ~[spring-beans-7.0.2.jar!/:7.0.2]
	at org.springframework.beans.factory.support.AbstractAutowireCapableBeanFactory.applyBeanPostProcessorsBeforeInitialization(AbstractAutowireCapableBeanFactory.java:426) ~[spring-beans-7.0.2.jar!/:7.0.2]
	at org.springframework.beans.factory.support.AbstractAutowireCapableBeanFactory.initializeBean(AbstractAutowireCapableBeanFactory.java:1809) ~[spring-beans-7.0.2.jar!/:7.0.2]
	at org.springframework.beans.factory.support.AbstractAutowireCapableBeanFactory.doCreateBean(AbstractAutowireCapableBeanFactory.java:603) ~[spring-beans-7.0.2.jar!/:7.0.2]
	at org.springframework.beans.factory.support.AbstractAutowireCapableBeanFactory.createBean(AbstractAutowireCapableBeanFactory.java:525) ~[spring-beans-7.0.2.jar!/:7.0.2]
	at org.springframework.beans.factory.support.AbstractBeanFactory.lambda$doGetBean$0(AbstractBeanFactory.java:333) ~[spring-beans-7.0.2.jar!/:7.0.2]
	at org.springframework.beans.factory.support.DefaultSingletonBeanRegistry.getSingleton(DefaultSingletonBeanRegistry.java:371) ~[spring-beans-7.0.2.jar!/:7.0.2]
	at org.springframework.beans.factory.support.AbstractBeanFactory.doGetBean(AbstractBeanFactory.java:331) ~[spring-beans-7.0.2.jar!/:7.0.2]
	at org.springframework.beans.factory.support.AbstractBeanFactory.getBean(AbstractBeanFactory.java:196) ~[spring-beans-7.0.2.jar!/:7.0.2]
	at org.springframework.beans.factory.support.DefaultListableBeanFactory.instantiateSingleton(DefaultListableBeanFactory.java:1218) ~[spring-beans-7.0.2.jar!/:7.0.2]
	at org.springframework.beans.factory.support.DefaultListableBeanFactory.preInstantiateSingleton(DefaultListableBeanFactory.java:1184) ~[spring-beans-7.0.2.jar!/:7.0.2]
	at org.springframework.beans.factory.support.DefaultListableBeanFactory.preInstantiateSingletons(DefaultListableBeanFactory.java:1121) ~[spring-beans-7.0.2.jar!/:7.0.2]
	at org.springframework.context.support.AbstractApplicationContext.finishBeanFactoryInitialization(AbstractApplicationContext.java:993) ~[spring-context-7.0.2.jar!/:7.0.2]
	at org.springframework.context.support.AbstractApplicationContext.refresh(AbstractApplicationContext.java:620) ~[spring-context-7.0.2.jar!/:7.0.2]
	at org.springframework.boot.web.server.servlet.context.ServletWebServerApplicationContext.refresh(ServletWebServerApplicationContext.java:143) ~[spring-boot-web-server-4.0.1.jar!/:4.0.1]
	at org.springframework.boot.SpringApplication.refresh(SpringApplication.java:756) ~[spring-boot-4.0.1.jar!/:4.0.1]
	at org.springframework.boot.SpringApplication.refreshContext(SpringApplication.java:445) ~[spring-boot-4.0.1.jar!/:4.0.1]
	at org.springframework.boot.SpringApplication.run(SpringApplication.java:321) ~[spring-boot-4.0.1.jar!/:4.0.1]
	at org.springframework.boot.SpringApplication.run(SpringApplication.java:1365) ~[spring-boot-4.0.1.jar!/:4.0.1]
	at org.springframework.boot.SpringApplication.run(SpringApplication.java:1354) ~[spring-boot-4.0.1.jar!/:4.0.1]
	at com.deepapp.vn.io.DeepappMainApplication.main(DeepappMainApplication.java:10) ~[!/:0.0.1-SNAPSHOT]
	at java.base/jdk.internal.reflect.NativeMethodAccessorImpl.invoke0(Native Method) ~[na:na]
	at java.base/jdk.internal.reflect.NativeMethodAccessorImpl.invoke(Unknown Source) ~[na:na]
	at java.base/jdk.internal.reflect.DelegatingMethodAccessorImpl.invoke(Unknown Source) ~[na:na]
	at java.base/java.lang.reflect.Method.invoke(Unknown Source) ~[na:na]
	at org.springframework.boot.loader.launch.Launcher.launch(Launcher.java:106) ~[app.jar:0.0.1-SNAPSHOT]
	at org.springframework.boot.loader.launch.Launcher.launch(Launcher.java:64) ~[app.jar:0.0.1-SNAPSHOT]
	at org.springframework.boot.loader.launch.JarLauncher.main(JarLauncher.java:40) ~[app.jar:0.0.1-SNAPSHOT]

2025-12-23T07:58:49.212Z ERROR 7 --- [deepapp_main] [main] c.d.v.i.i.cpp.CppWorkerManager           : Failed to initialize C++ worker manager

java.lang.RuntimeException: C++ worker start failed
	at com.deepapp.vn.io.infrastructure.cpp.CppWorkerManager.startCppWorker(CppWorkerManager.java:230) ~[!/:0.0.1-SNAPSHOT]
	at com.deepapp.vn.io.infrastructure.cpp.CppWorkerManager.initialize(CppWorkerManager.java:73) ~[!/:0.0.1-SNAPSHOT]
	at java.base/jdk.internal.reflect.NativeMethodAccessorImpl.invoke0(Native Method) ~[na:na]
	at java.base/jdk.internal.reflect.NativeMethodAccessorImpl.invoke(Unknown Source) ~[na:na]
	at java.base/jdk.internal.reflect.DelegatingMethodAccessorImpl.invoke(Unknown Source) ~[na:na]
	at java.base/java.lang.reflect.Method.invoke(Unknown Source) ~[na:na]
	at org.springframework.beans.factory.annotation.InitDestroyAnnotationBeanPostProcessor$LifecycleMethod.invoke(InitDestroyAnnotationBeanPostProcessor.java:453) ~[spring-beans-7.0.2.jar!/:7.0.2]
	at org.springframework.beans.factory.annotation.InitDestroyAnnotationBeanPostProcessor$LifecycleMetadata.invokeInitMethods(InitDestroyAnnotationBeanPostProcessor.java:397) ~[spring-beans-7.0.2.jar!/:7.0.2]
	at org.springframework.beans.factory.annotation.InitDestroyAnnotationBeanPostProcessor.postProcessBeforeInitialization(InitDestroyAnnotationBeanPostProcessor.java:217) ~[spring-beans-7.0.2.jar!/:7.0.2]
	at org.springframework.beans.factory.support.AbstractAutowireCapableBeanFactory.applyBeanPostProcessorsBeforeInitialization(AbstractAutowireCapableBeanFactory.java:426) ~[spring-beans-7.0.2.jar!/:7.0.2]
	at org.springframework.beans.factory.support.AbstractAutowireCapableBeanFactory.initializeBean(AbstractAutowireCapableBeanFactory.java:1809) ~[spring-beans-7.0.2.jar!/:7.0.2]
	at org.springframework.beans.factory.support.AbstractAutowireCapableBeanFactory.doCreateBean(AbstractAutowireCapableBeanFactory.java:603) ~[spring-beans-7.0.2.jar!/:7.0.2]
	at org.springframework.beans.factory.support.AbstractAutowireCapableBeanFactory.createBean(AbstractAutowireCapableBeanFactory.java:525) ~[spring-beans-7.0.2.jar!/:7.0.2]
	at org.springframework.beans.factory.support.AbstractBeanFactory.lambda$doGetBean$0(AbstractBeanFactory.java:333) ~[spring-beans-7.0.2.jar!/:7.0.2]
	at org.springframework.beans.factory.support.DefaultSingletonBeanRegistry.getSingleton(DefaultSingletonBeanRegistry.java:371) ~[spring-beans-7.0.2.jar!/:7.0.2]
	at org.springframework.beans.factory.support.AbstractBeanFactory.doGetBean(AbstractBeanFactory.java:331) ~[spring-beans-7.0.2.jar!/:7.0.2]
	at org.springframework.beans.factory.support.AbstractBeanFactory.getBean(AbstractBeanFactory.java:196) ~[spring-beans-7.0.2.jar!/:7.0.2]
	at org.springframework.beans.factory.support.DefaultListableBeanFactory.instantiateSingleton(DefaultListableBeanFactory.java:1218) ~[spring-beans-7.0.2.jar!/:7.0.2]
	at org.springframework.beans.factory.support.DefaultListableBeanFactory.preInstantiateSingleton(DefaultListableBeanFactory.java:1184) ~[spring-beans-7.0.2.jar!/:7.0.2]
	at org.springframework.beans.factory.support.DefaultListableBeanFactory.preInstantiateSingletons(DefaultListableBeanFactory.java:1121) ~[spring-beans-7.0.2.jar!/:7.0.2]
	at org.springframework.context.support.AbstractApplicationContext.finishBeanFactoryInitialization(AbstractApplicationContext.java:993) ~[spring-context-7.0.2.jar!/:7.0.2]
	at org.springframework.context.support.AbstractApplicationContext.refresh(AbstractApplicationContext.java:620) ~[spring-context-7.0.2.jar!/:7.0.2]
	at org.springframework.boot.web.server.servlet.context.ServletWebServerApplicationContext.refresh(ServletWebServerApplicationContext.java:143) ~[spring-boot-web-server-4.0.1.jar!/:4.0.1]
	at org.springframework.boot.SpringApplication.refresh(SpringApplication.java:756) ~[spring-boot-4.0.1.jar!/:4.0.1]
	at org.springframework.boot.SpringApplication.refreshContext(SpringApplication.java:445) ~[spring-boot-4.0.1.jar!/:4.0.1]
	at org.springframework.boot.SpringApplication.run(SpringApplication.java:321) ~[spring-boot-4.0.1.jar!/:4.0.1]
	at org.springframework.boot.SpringApplication.run(SpringApplication.java:1365) ~[spring-boot-4.0.1.jar!/:4.0.1]
	at org.springframework.boot.SpringApplication.run(SpringApplication.java:1354) ~[spring-boot-4.0.1.jar!/:4.0.1]
	at com.deepapp.vn.io.DeepappMainApplication.main(DeepappMainApplication.java:10) ~[!/:0.0.1-SNAPSHOT]
	at java.base/jdk.internal.reflect.NativeMethodAccessorImpl.invoke0(Native Method) ~[na:na]
	at java.base/jdk.internal.reflect.NativeMethodAccessorImpl.invoke(Unknown Source) ~[na:na]
	at java.base/jdk.internal.reflect.DelegatingMethodAccessorImpl.invoke(Unknown Source) ~[na:na]
	at java.base/java.lang.reflect.Method.invoke(Unknown Source) ~[na:na]
	at org.springframework.boot.loader.launch.Launcher.launch(Launcher.java:106) ~[app.jar:0.0.1-SNAPSHOT]
	at org.springframework.boot.loader.launch.Launcher.launch(Launcher.java:64) ~[app.jar:0.0.1-SNAPSHOT]
	at org.springframework.boot.loader.launch.JarLauncher.main(JarLauncher.java:40) ~[app.jar:0.0.1-SNAPSHOT]
Caused by: java.lang.RuntimeException: C++ worker process terminated immediately
	at com.deepapp.vn.io.infrastructure.cpp.CppWorkerManager.startCppWorker(CppWorkerManager.java:222) ~[!/:0.0.1-SNAPSHOT]
	... 35 common frames omitted

2025-12-23T07:58:49.216Z  WARN 7 --- [deepapp_main] [main] ConfigServletWebServerApplicationContext : Exception encountered during context initialization - cancelling refresh attempt: org.springframework.beans.factory.BeanCreationException: Error creating bean with name 'cppWorkerManager': Invocation of init method failed
2025-12-23T07:58:49.220Z  INFO 7 --- [deepapp_main] [main] o.apache.catalina.core.StandardService   : Stopping service [Tomcat]
2025-12-23T07:58:49.229Z  INFO 7 --- [deepapp_main] [main] .s.b.a.l.ConditionEvaluationReportLogger : 

Error starting ApplicationContext. To display the condition evaluation report re-run your application with 'debug' enabled.
2025-12-23T07:58:49.238Z ERROR 7 --- [deepapp_main] [main] o.s.boot.SpringApplication               : Application run failed

org.springframework.beans.factory.BeanCreationException: Error creating bean with name 'cppWorkerManager': Invocation of init method failed
	at org.springframework.beans.factory.annotation.InitDestroyAnnotationBeanPostProcessor.postProcessBeforeInitialization(InitDestroyAnnotationBeanPostProcessor.java:220) ~[spring-beans-7.0.2.jar!/:7.0.2]
	at org.springframework.beans.factory.support.AbstractAutowireCapableBeanFactory.applyBeanPostProcessorsBeforeInitialization(AbstractAutowireCapableBeanFactory.java:426) ~[spring-beans-7.0.2.jar!/:7.0.2]
	at org.springframework.beans.factory.support.AbstractAutowireCapableBeanFactory.initializeBean(AbstractAutowireCapableBeanFactory.java:1809) ~[spring-beans-7.0.2.jar!/:7.0.2]
	at org.springframework.beans.factory.support.AbstractAutowireCapableBeanFactory.doCreateBean(AbstractAutowireCapableBeanFactory.java:603) ~[spring-beans-7.0.2.jar!/:7.0.2]
	at org.springframework.beans.factory.support.AbstractAutowireCapableBeanFactory.createBean(AbstractAutowireCapableBeanFactory.java:525) ~[spring-beans-7.0.2.jar!/:7.0.2]
	at org.springframework.beans.factory.support.AbstractBeanFactory.lambda$doGetBean$0(AbstractBeanFactory.java:333) ~[spring-beans-7.0.2.jar!/:7.0.2]
	at org.springframework.beans.factory.support.DefaultSingletonBeanRegistry.getSingleton(DefaultSingletonBeanRegistry.java:371) ~[spring-beans-7.0.2.jar!/:7.0.2]
	at org.springframework.beans.factory.support.AbstractBeanFactory.doGetBean(AbstractBeanFactory.java:331) ~[spring-beans-7.0.2.jar!/:7.0.2]
	at org.springframework.beans.factory.support.AbstractBeanFactory.getBean(AbstractBeanFactory.java:196) ~[spring-beans-7.0.2.jar!/:7.0.2]
	at org.springframework.beans.factory.support.DefaultListableBeanFactory.instantiateSingleton(DefaultListableBeanFactory.java:1218) ~[spring-beans-7.0.2.jar!/:7.0.2]
	at org.springframework.beans.factory.support.DefaultListableBeanFactory.preInstantiateSingleton(DefaultListableBeanFactory.java:1184) ~[spring-beans-7.0.2.jar!/:7.0.2]
	at org.springframework.beans.factory.support.DefaultListableBeanFactory.preInstantiateSingletons(DefaultListableBeanFactory.java:1121) ~[spring-beans-7.0.2.jar!/:7.0.2]
	at org.springframework.context.support.AbstractApplicationContext.finishBeanFactoryInitialization(AbstractApplicationContext.java:993) ~[spring-context-7.0.2.jar!/:7.0.2]
	at org.springframework.context.support.AbstractApplicationContext.refresh(AbstractApplicationContext.java:620) ~[spring-context-7.0.2.jar!/:7.0.2]
	at org.springframework.boot.web.server.servlet.context.ServletWebServerApplicationContext.refresh(ServletWebServerApplicationContext.java:143) ~[spring-boot-web-server-4.0.1.jar!/:4.0.1]
	at org.springframework.boot.SpringApplication.refresh(SpringApplication.java:756) ~[spring-boot-4.0.1.jar!/:4.0.1]
	at org.springframework.boot.SpringApplication.refreshContext(SpringApplication.java:445) ~[spring-boot-4.0.1.jar!/:4.0.1]
	at org.springframework.boot.SpringApplication.run(SpringApplication.java:321) ~[spring-boot-4.0.1.jar!/:4.0.1]
	at org.springframework.boot.SpringApplication.run(SpringApplication.java:1365) ~[spring-boot-4.0.1.jar!/:4.0.1]
	at org.springframework.boot.SpringApplication.run(SpringApplication.java:1354) ~[spring-boot-4.0.1.jar!/:4.0.1]
	at com.deepapp.vn.io.DeepappMainApplication.main(DeepappMainApplication.java:10) ~[!/:0.0.1-SNAPSHOT]
	at java.base/jdk.internal.reflect.NativeMethodAccessorImpl.invoke0(Native Method) ~[na:na]
	at java.base/jdk.internal.reflect.NativeMethodAccessorImpl.invoke(Unknown Source) ~[na:na]
	at java.base/jdk.internal.reflect.DelegatingMethodAccessorImpl.invoke(Unknown Source) ~[na:na]
	at java.base/java.lang.reflect.Method.invoke(Unknown Source) ~[na:na]
	at org.springframework.boot.loader.launch.Launcher.launch(Launcher.java:106) ~[app.jar:0.0.1-SNAPSHOT]
	at org.springframework.boot.loader.launch.Launcher.launch(Launcher.java:64) ~[app.jar:0.0.1-SNAPSHOT]
	at org.springframework.boot.loader.launch.JarLauncher.main(JarLauncher.java:40) ~[app.jar:0.0.1-SNAPSHOT]
Caused by: java.lang.RuntimeException: C++ worker initialization failed
	at com.deepapp.vn.io.infrastructure.cpp.CppWorkerManager.initialize(CppWorkerManager.java:80) ~[!/:0.0.1-SNAPSHOT]
	at java.base/jdk.internal.reflect.NativeMethodAccessorImpl.invoke0(Native Method) ~[na:na]
	at java.base/jdk.internal.reflect.NativeMethodAccessorImpl.invoke(Unknown Source) ~[na:na]
	at java.base/jdk.internal.reflect.DelegatingMethodAccessorImpl.invoke(Unknown Source) ~[na:na]
	at java.base/java.lang.reflect.Method.invoke(Unknown Source) ~[na:na]
	at org.springframework.beans.factory.annotation.InitDestroyAnnotationBeanPostProcessor$LifecycleMethod.invoke(InitDestroyAnnotationBeanPostProcessor.java:453) ~[spring-beans-7.0.2.jar!/:7.0.2]
	at org.springframework.beans.factory.annotation.InitDestroyAnnotationBeanPostProcessor$LifecycleMetadata.invokeInitMethods(InitDestroyAnnotationBeanPostProcessor.java:397) ~[spring-beans-7.0.2.jar!/:7.0.2]
	at org.springframework.beans.factory.annotation.InitDestroyAnnotationBeanPostProcessor.postProcessBeforeInitialization(InitDestroyAnnotationBeanPostProcessor.java:217) ~[spring-beans-7.0.2.jar!/:7.0.2]
	... 27 common frames omitted
Caused by: java.lang.RuntimeException: C++ worker start failed
	at com.deepapp.vn.io.infrastructure.cpp.CppWorkerManager.startCppWorker(CppWorkerManager.java:230) ~[!/:0.0.1-SNAPSHOT]
	at com.deepapp.vn.io.infrastructure.cpp.CppWorkerManager.initialize(CppWorkerManager.java:73) ~[!/:0.0.1-SNAPSHOT]
	... 34 common frames omitted
Caused by: java.lang.RuntimeException: C++ worker process terminated immediately
	at com.deepapp.vn.io.infrastructure.cpp.CppWorkerManager.startCppWorker(CppWorkerManager.java:222) ~[!/:0.0.1-SNAPSHOT]
	... 35 common frames omitted

2025-12-23T07:58:50.655Z  INFO 7 --- [deepapp_main] [main] c.deepapp.vn.io.DeepappMainApplication   : Starting DeepappMainApplication v0.0.1-SNAPSHOT using Java 17.0.17 with PID 7 (/app/app.jar started by root in /app)
2025-12-23T07:58:50.657Z DEBUG 7 --- [deepapp_main] [main] c.deepapp.vn.io.DeepappMainApplication   : Running with Spring Boot v4.0.1, Spring v7.0.2
2025-12-23T07:58:50.658Z  INFO 7 --- [deepapp_main] [main] c.deepapp.vn.io.DeepappMainApplication   : The following 1 profile is active: "docker"
2025-12-23T07:58:51.631Z  INFO 7 --- [deepapp_main] [main] o.s.boot.tomcat.TomcatWebServer          : Tomcat initialized with port 8080 (http)
2025-12-23T07:58:51.641Z  INFO 7 --- [deepapp_main] [main] o.apache.catalina.core.StandardService   : Starting service [Tomcat]
2025-12-23T07:58:51.642Z  INFO 7 --- [deepapp_main] [main] o.apache.catalina.core.StandardEngine    : Starting Servlet engine: [Apache Tomcat/11.0.15]
2025-12-23T07:58:51.662Z  INFO 7 --- [deepapp_main] [main] b.w.c.s.WebApplicationContextInitializer : Root WebApplicationContext: initialization completed in 966 ms
2025-12-23T07:58:51.843Z  INFO 7 --- [deepapp_main] [main] c.d.v.i.i.cpp.CppWorkerManager           : ========================================
2025-12-23T07:58:51.843Z  INFO 7 --- [deepapp_main] [main] c.d.v.i.i.cpp.CppWorkerManager           : C++ Worker Manager - Initialization
2025-12-23T07:58:51.843Z  INFO 7 --- [deepapp_main] [main] c.d.v.i.i.cpp.CppWorkerManager           : ========================================
2025-12-23T07:58:51.843Z  INFO 7 --- [deepapp_main] [main] c.d.v.i.i.cpp.CppWorkerManager           : Starting C++ worker process...
2025-12-23T07:58:51.844Z  INFO 7 --- [deepapp_main] [main] c.d.v.i.i.cpp.CppWorkerManager           :   gRPC Server: 72.60.111.138:50051:50051
2025-12-23T07:58:51.844Z  INFO 7 --- [deepapp_main] [main] c.d.v.i.i.cpp.CppWorkerManager           :   Client ID: cpp-worker
2025-12-23T07:58:51.851Z  INFO 7 --- [deepapp_main] [cpp-worker-output] c.d.v.i.i.cpp.CppWorkerManager           : [C++ Worker] [AAA0_0100_Worker] Initialized
2025-12-23T07:58:51.852Z  INFO 7 --- [deepapp_main] [cpp-worker-output] c.d.v.i.i.cpp.CppWorkerManager           : [C++ Worker] [WorkerRegistry] Registered worker: AAA0_0100_W -> AAA0_0100_Worker
2025-12-23T07:58:51.852Z  INFO 7 --- [deepapp_main] [cpp-worker-output] c.d.v.i.i.cpp.CppWorkerManager           : [C++ Worker] [AAA0_0200_Worker] Initialized
2025-12-23T07:58:51.852Z  INFO 7 --- [deepapp_main] [cpp-worker-output] c.d.v.i.i.cpp.CppWorkerManager           : [C++ Worker] [WorkerRegistry] Registered worker: AAA0_0200_W -> AAA0_0200_Worker
2025-12-23T07:58:51.852Z  INFO 7 --- [deepapp_main] [cpp-worker-output] c.d.v.i.i.cpp.CppWorkerManager           : [C++ Worker] ========================================
2025-12-23T07:58:51.852Z  INFO 7 --- [deepapp_main] [cpp-worker-output] c.d.v.i.i.cpp.CppWorkerManager           : [C++ Worker] DeepApp C++ Worker Application
2025-12-23T07:58:51.852Z  INFO 7 --- [deepapp_main] [cpp-worker-output] c.d.v.i.i.cpp.CppWorkerManager           : [C++ Worker] ========================================
2025-12-23T07:58:51.852Z  INFO 7 --- [deepapp_main] [cpp-worker-output] c.d.v.i.i.cpp.CppWorkerManager           : [C++ Worker] [Main] Configuration:
2025-12-23T07:58:51.853Z  INFO 7 --- [deepapp_main] [cpp-worker-output] c.d.v.i.i.cpp.CppWorkerManager           : [C++ Worker]   Server: 72.60.111.138:50051:50051
2025-12-23T07:58:51.853Z  INFO 7 --- [deepapp_main] [cpp-worker-output] c.d.v.i.i.cpp.CppWorkerManager           : [C++ Worker]   Client ID: cpp-worker
2025-12-23T07:58:51.853Z  INFO 7 --- [deepapp_main] [cpp-worker-output] c.d.v.i.i.cpp.CppWorkerManager           : [C++ Worker] 
2025-12-23T07:58:51.853Z  INFO 7 --- [deepapp_main] [cpp-worker-output] c.d.v.i.i.cpp.CppWorkerManager           : [C++ Worker] [Main] Worker Registry Status:
2025-12-23T07:58:51.853Z  INFO 7 --- [deepapp_main] [cpp-worker-output] c.d.v.i.i.cpp.CppWorkerManager           : [C++ Worker]   Total workers: 2
2025-12-23T07:58:51.853Z ERROR 7 --- [deepapp_main] [cpp-worker-error] c.d.v.i.i.cpp.CppWorkerManager           : [C++ Worker ERROR] [GrpcWorkerClient] Failed to send connect message
2025-12-23T07:58:51.853Z  INFO 7 --- [deepapp_main] [cpp-worker-output] c.d.v.i.i.cpp.CppWorkerManager           : [C++ Worker]   ✓ Registered workers:
2025-12-23T07:58:51.854Z  INFO 7 --- [deepapp_main] [cpp-worker-output] c.d.v.i.i.cpp.CppWorkerManager           : [C++ Worker]     - AAA0_0100_W (AAA0_0100_Worker)
2025-12-23T07:58:51.854Z  INFO 7 --- [deepapp_main] [cpp-worker-output] c.d.v.i.i.cpp.CppWorkerManager           : [C++ Worker]     - AAA0_0200_W (AAA0_0200_Worker)
2025-12-23T07:58:51.854Z  INFO 7 --- [deepapp_main] [cpp-worker-output] c.d.v.i.i.cpp.CppWorkerManager           : [C++ Worker] 
2025-12-23T07:58:51.854Z  INFO 7 --- [deepapp_main] [cpp-worker-output] c.d.v.i.i.cpp.CppWorkerManager           : [C++ Worker] [Main] Starting gRPC worker client...
2025-12-23T07:58:51.854Z  INFO 7 --- [deepapp_main] [cpp-worker-output] c.d.v.i.i.cpp.CppWorkerManager           : [C++ Worker] ========================================
2025-12-23T07:58:51.854Z  INFO 7 --- [deepapp_main] [cpp-worker-output] c.d.v.i.i.cpp.CppWorkerManager           : [C++ Worker] 
2025-12-23T07:58:51.855Z  INFO 7 --- [deepapp_main] [cpp-worker-output] c.d.v.i.i.cpp.CppWorkerManager           : [C++ Worker] [GrpcWorkerClient] Connecting to 72.60.111.138:50051:50051 with client_id: cpp-worker
2025-12-23T07:58:51.855Z  INFO 7 --- [deepapp_main] [cpp-worker-output] c.d.v.i.i.cpp.CppWorkerManager           : [C++ Worker] [Main] Client stopped.
2025-12-23T07:58:53.848Z ERROR 7 --- [deepapp_main] [main] c.d.v.i.i.cpp.CppWorkerManager           : Failed to start C++ worker

java.lang.RuntimeException: C++ worker process terminated immediately
	at com.deepapp.vn.io.infrastructure.cpp.CppWorkerManager.startCppWorker(CppWorkerManager.java:222) ~[!/:0.0.1-SNAPSHOT]
	at com.deepapp.vn.io.infrastructure.cpp.CppWorkerManager.initialize(CppWorkerManager.java:73) ~[!/:0.0.1-SNAPSHOT]
	at java.base/jdk.internal.reflect.NativeMethodAccessorImpl.invoke0(Native Method) ~[na:na]
	at java.base/jdk.internal.reflect.NativeMethodAccessorImpl.invoke(Unknown Source) ~[na:na]
	at java.base/jdk.internal.reflect.DelegatingMethodAccessorImpl.invoke(Unknown Source) ~[na:na]
	at java.base/java.lang.reflect.Method.invoke(Unknown Source) ~[na:na]
	at org.springframework.beans.factory.annotation.InitDestroyAnnotationBeanPostProcessor$LifecycleMethod.invoke(InitDestroyAnnotationBeanPostProcessor.java:453) ~[spring-beans-7.0.2.jar!/:7.0.2]
	at org.springframework.beans.factory.annotation.InitDestroyAnnotationBeanPostProcessor$LifecycleMetadata.invokeInitMethods(InitDestroyAnnotationBeanPostProcessor.java:397) ~[spring-beans-7.0.2.jar!/:7.0.2]
	at org.springframework.beans.factory.annotation.InitDestroyAnnotationBeanPostProcessor.postProcessBeforeInitialization(InitDestroyAnnotationBeanPostProcessor.java:217) ~[spring-beans-7.0.2.jar!/:7.0.2]
	at org.springframework.beans.factory.support.AbstractAutowireCapableBeanFactory.applyBeanPostProcessorsBeforeInitialization(AbstractAutowireCapableBeanFactory.java:426) ~[spring-beans-7.0.2.jar!/:7.0.2]
	at org.springframework.beans.factory.support.AbstractAutowireCapableBeanFactory.initializeBean(AbstractAutowireCapableBeanFactory.java:1809) ~[spring-beans-7.0.2.jar!/:7.0.2]
	at org.springframework.beans.factory.support.AbstractAutowireCapableBeanFactory.doCreateBean(AbstractAutowireCapableBeanFactory.java:603) ~[spring-beans-7.0.2.jar!/:7.0.2]
	at org.springframework.beans.factory.support.AbstractAutowireCapableBeanFactory.createBean(AbstractAutowireCapableBeanFactory.java:525) ~[spring-beans-7.0.2.jar!/:7.0.2]
	at org.springframework.beans.factory.support.AbstractBeanFactory.lambda$doGetBean$0(AbstractBeanFactory.java:333) ~[spring-beans-7.0.2.jar!/:7.0.2]
	at org.springframework.beans.factory.support.DefaultSingletonBeanRegistry.getSingleton(DefaultSingletonBeanRegistry.java:371) ~[spring-beans-7.0.2.jar!/:7.0.2]
	at org.springframework.beans.factory.support.AbstractBeanFactory.doGetBean(AbstractBeanFactory.java:331) ~[spring-beans-7.0.2.jar!/:7.0.2]
	at org.springframework.beans.factory.support.AbstractBeanFactory.getBean(AbstractBeanFactory.java:196) ~[spring-beans-7.0.2.jar!/:7.0.2]
	at org.springframework.beans.factory.support.DefaultListableBeanFactory.instantiateSingleton(DefaultListableBeanFactory.java:1218) ~[spring-beans-7.0.2.jar!/:7.0.2]
	at org.springframework.beans.factory.support.DefaultListableBeanFactory.preInstantiateSingleton(DefaultListableBeanFactory.java:1184) ~[spring-beans-7.0.2.jar!/:7.0.2]
	at org.springframework.beans.factory.support.DefaultListableBeanFactory.preInstantiateSingletons(DefaultListableBeanFactory.java:1121) ~[spring-beans-7.0.2.jar!/:7.0.2]
	at org.springframework.context.support.AbstractApplicationContext.finishBeanFactoryInitialization(AbstractApplicationContext.java:993) ~[spring-context-7.0.2.jar!/:7.0.2]
	at org.springframework.context.support.AbstractApplicationContext.refresh(AbstractApplicationContext.java:620) ~[spring-context-7.0.2.jar!/:7.0.2]
	at org.springframework.boot.web.server.servlet.context.ServletWebServerApplicationContext.refresh(ServletWebServerApplicationContext.java:143) ~[spring-boot-web-server-4.0.1.jar!/:4.0.1]
	at org.springframework.boot.SpringApplication.refresh(SpringApplication.java:756) ~[spring-boot-4.0.1.jar!/:4.0.1]
	at org.springframework.boot.SpringApplication.refreshContext(SpringApplication.java:445) ~[spring-boot-4.0.1.jar!/:4.0.1]
	at org.springframework.boot.SpringApplication.run(SpringApplication.java:321) ~[spring-boot-4.0.1.jar!/:4.0.1]
	at org.springframework.boot.SpringApplication.run(SpringApplication.java:1365) ~[spring-boot-4.0.1.jar!/:4.0.1]
	at org.springframework.boot.SpringApplication.run(SpringApplication.java:1354) ~[spring-boot-4.0.1.jar!/:4.0.1]
	at com.deepapp.vn.io.DeepappMainApplication.main(DeepappMainApplication.java:10) ~[!/:0.0.1-SNAPSHOT]
	at java.base/jdk.internal.reflect.NativeMethodAccessorImpl.invoke0(Native Method) ~[na:na]
	at java.base/jdk.internal.reflect.NativeMethodAccessorImpl.invoke(Unknown Source) ~[na:na]
	at java.base/jdk.internal.reflect.DelegatingMethodAccessorImpl.invoke(Unknown Source) ~[na:na]
	at java.base/java.lang.reflect.Method.invoke(Unknown Source) ~[na:na]
	at org.springframework.boot.loader.launch.Launcher.launch(Launcher.java:106) ~[app.jar:0.0.1-SNAPSHOT]
	at org.springframework.boot.loader.launch.Launcher.launch(Launcher.java:64) ~[app.jar:0.0.1-SNAPSHOT]
	at org.springframework.boot.loader.launch.JarLauncher.main(JarLauncher.java:40) ~[app.jar:0.0.1-SNAPSHOT]

2025-12-23T07:58:53.854Z ERROR 7 --- [deepapp_main] [main] c.d.v.i.i.cpp.CppWorkerManager           : Failed to initialize C++ worker manager

java.lang.RuntimeException: C++ worker start failed
	at com.deepapp.vn.io.infrastructure.cpp.CppWorkerManager.startCppWorker(CppWorkerManager.java:230) ~[!/:0.0.1-SNAPSHOT]
	at com.deepapp.vn.io.infrastructure.cpp.CppWorkerManager.initialize(CppWorkerManager.java:73) ~[!/:0.0.1-SNAPSHOT]
	at java.base/jdk.internal.reflect.NativeMethodAccessorImpl.invoke0(Native Method) ~[na:na]
	at java.base/jdk.internal.reflect.NativeMethodAccessorImpl.invoke(Unknown Source) ~[na:na]
	at java.base/jdk.internal.reflect.DelegatingMethodAccessorImpl.invoke(Unknown Source) ~[na:na]
	at java.base/java.lang.reflect.Method.invoke(Unknown Source) ~[na:na]
	at org.springframework.beans.factory.annotation.InitDestroyAnnotationBeanPostProcessor$LifecycleMethod.invoke(InitDestroyAnnotationBeanPostProcessor.java:453) ~[spring-beans-7.0.2.jar!/:7.0.2]
	at org.springframework.beans.factory.annotation.InitDestroyAnnotationBeanPostProcessor$LifecycleMetadata.invokeInitMethods(InitDestroyAnnotationBeanPostProcessor.java:397) ~[spring-beans-7.0.2.jar!/:7.0.2]
	at org.springframework.beans.factory.annotation.InitDestroyAnnotationBeanPostProcessor.postProcessBeforeInitialization(InitDestroyAnnotationBeanPostProcessor.java:217) ~[spring-beans-7.0.2.jar!/:7.0.2]
	at org.springframework.beans.factory.support.AbstractAutowireCapableBeanFactory.applyBeanPostProcessorsBeforeInitialization(AbstractAutowireCapableBeanFactory.java:426) ~[spring-beans-7.0.2.jar!/:7.0.2]
	at org.springframework.beans.factory.support.AbstractAutowireCapableBeanFactory.initializeBean(AbstractAutowireCapableBeanFactory.java:1809) ~[spring-beans-7.0.2.jar!/:7.0.2]
	at org.springframework.beans.factory.support.AbstractAutowireCapableBeanFactory.doCreateBean(AbstractAutowireCapableBeanFactory.java:603) ~[spring-beans-7.0.2.jar!/:7.0.2]
	at org.springframework.beans.factory.support.AbstractAutowireCapableBeanFactory.createBean(AbstractAutowireCapableBeanFactory.java:525) ~[spring-beans-7.0.2.jar!/:7.0.2]
	at org.springframework.beans.factory.support.AbstractBeanFactory.lambda$doGetBean$0(AbstractBeanFactory.java:333) ~[spring-beans-7.0.2.jar!/:7.0.2]
	at org.springframework.beans.factory.support.DefaultSingletonBeanRegistry.getSingleton(DefaultSingletonBeanRegistry.java:371) ~[spring-beans-7.0.2.jar!/:7.0.2]
	at org.springframework.beans.factory.support.AbstractBeanFactory.doGetBean(AbstractBeanFactory.java:331) ~[spring-beans-7.0.2.jar!/:7.0.2]
	at org.springframework.beans.factory.support.AbstractBeanFactory.getBean(AbstractBeanFactory.java:196) ~[spring-beans-7.0.2.jar!/:7.0.2]
	at org.springframework.beans.factory.support.DefaultListableBeanFactory.instantiateSingleton(DefaultListableBeanFactory.java:1218) ~[spring-beans-7.0.2.jar!/:7.0.2]
	at org.springframework.beans.factory.support.DefaultListableBeanFactory.preInstantiateSingleton(DefaultListableBeanFactory.java:1184) ~[spring-beans-7.0.2.jar!/:7.0.2]
	at org.springframework.beans.factory.support.DefaultListableBeanFactory.preInstantiateSingletons(DefaultListableBeanFactory.java:1121) ~[spring-beans-7.0.2.jar!/:7.0.2]
	at org.springframework.context.support.AbstractApplicationContext.finishBeanFactoryInitialization(AbstractApplicationContext.java:993) ~[spring-context-7.0.2.jar!/:7.0.2]
	at org.springframework.context.support.AbstractApplicationContext.refresh(AbstractApplicationContext.java:620) ~[spring-context-7.0.2.jar!/:7.0.2]
	at org.springframework.boot.web.server.servlet.context.ServletWebServerApplicationContext.refresh(ServletWebServerApplicationContext.java:143) ~[spring-boot-web-server-4.0.1.jar!/:4.0.1]
	at org.springframework.boot.SpringApplication.refresh(SpringApplication.java:756) ~[spring-boot-4.0.1.jar!/:4.0.1]
	at org.springframework.boot.SpringApplication.refreshContext(SpringApplication.java:445) ~[spring-boot-4.0.1.jar!/:4.0.1]
	at org.springframework.boot.SpringApplication.run(SpringApplication.java:321) ~[spring-boot-4.0.1.jar!/:4.0.1]
	at org.springframework.boot.SpringApplication.run(SpringApplication.java:1365) ~[spring-boot-4.0.1.jar!/:4.0.1]
	at org.springframework.boot.SpringApplication.run(SpringApplication.java:1354) ~[spring-boot-4.0.1.jar!/:4.0.1]
	at com.deepapp.vn.io.DeepappMainApplication.main(DeepappMainApplication.java:10) ~[!/:0.0.1-SNAPSHOT]
	at java.base/jdk.internal.reflect.NativeMethodAccessorImpl.invoke0(Native Method) ~[na:na]
	at java.base/jdk.internal.reflect.NativeMethodAccessorImpl.invoke(Unknown Source) ~[na:na]
	at java.base/jdk.internal.reflect.DelegatingMethodAccessorImpl.invoke(Unknown Source) ~[na:na]
	at java.base/java.lang.reflect.Method.invoke(Unknown Source) ~[na:na]
	at org.springframework.boot.loader.launch.Launcher.launch(Launcher.java:106) ~[app.jar:0.0.1-SNAPSHOT]
	at org.springframework.boot.loader.launch.Launcher.launch(Launcher.java:64) ~[app.jar:0.0.1-SNAPSHOT]
	at org.springframework.boot.loader.launch.JarLauncher.main(JarLauncher.java:40) ~[app.jar:0.0.1-SNAPSHOT]
Caused by: java.lang.RuntimeException: C++ worker process terminated immediately
	at com.deepapp.vn.io.infrastructure.cpp.CppWorkerManager.startCppWorker(CppWorkerManager.java:222) ~[!/:0.0.1-SNAPSHOT]
	... 35 common frames omitted

2025-12-23T07:58:53.858Z  WARN 7 --- [deepapp_main] [main] ConfigServletWebServerApplicationContext : Exception encountered during context initialization - cancelling refresh attempt: org.springframework.beans.factory.BeanCreationException: Error creating bean with name 'cppWorkerManager': Invocation of init method failed
2025-12-23T07:58:53.862Z  INFO 7 --- [deepapp_main] [main] o.apache.catalina.core.StandardService   : Stopping service [Tomcat]
2025-12-23T07:58:53.870Z  INFO 7 --- [deepapp_main] [main] .s.b.a.l.ConditionEvaluationReportLogger : 

Error starting ApplicationContext. To display the condition evaluation report re-run your application with 'debug' enabled.
2025-12-23T07:58:53.879Z ERROR 7 --- [deepapp_main] [main] o.s.boot.SpringApplication               : Application run failed

org.springframework.beans.factory.BeanCreationException: Error creating bean with name 'cppWorkerManager': Invocation of init method failed
	at org.springframework.beans.factory.annotation.InitDestroyAnnotationBeanPostProcessor.postProcessBeforeInitialization(InitDestroyAnnotationBeanPostProcessor.java:220) ~[spring-beans-7.0.2.jar!/:7.0.2]
	at org.springframework.beans.factory.support.AbstractAutowireCapableBeanFactory.applyBeanPostProcessorsBeforeInitialization(AbstractAutowireCapableBeanFactory.java:426) ~[spring-beans-7.0.2.jar!/:7.0.2]
	at org.springframework.beans.factory.support.AbstractAutowireCapableBeanFactory.initializeBean(AbstractAutowireCapableBeanFactory.java:1809) ~[spring-beans-7.0.2.jar!/:7.0.2]
	at org.springframework.beans.factory.support.AbstractAutowireCapableBeanFactory.doCreateBean(AbstractAutowireCapableBeanFactory.java:603) ~[spring-beans-7.0.2.jar!/:7.0.2]
	at org.springframework.beans.factory.support.AbstractAutowireCapableBeanFactory.createBean(AbstractAutowireCapableBeanFactory.java:525) ~[spring-beans-7.0.2.jar!/:7.0.2]
	at org.springframework.beans.factory.support.AbstractBeanFactory.lambda$doGetBean$0(AbstractBeanFactory.java:333) ~[spring-beans-7.0.2.jar!/:7.0.2]
	at org.springframework.beans.factory.support.DefaultSingletonBeanRegistry.getSingleton(DefaultSingletonBeanRegistry.java:371) ~[spring-beans-7.0.2.jar!/:7.0.2]
	at org.springframework.beans.factory.support.AbstractBeanFactory.doGetBean(AbstractBeanFactory.java:331) ~[spring-beans-7.0.2.jar!/:7.0.2]
	at org.springframework.beans.factory.support.AbstractBeanFactory.getBean(AbstractBeanFactory.java:196) ~[spring-beans-7.0.2.jar!/:7.0.2]
	at org.springframework.beans.factory.support.DefaultListableBeanFactory.instantiateSingleton(DefaultListableBeanFactory.java:1218) ~[spring-beans-7.0.2.jar!/:7.0.2]
	at org.springframework.beans.factory.support.DefaultListableBeanFactory.preInstantiateSingleton(DefaultListableBeanFactory.java:1184) ~[spring-beans-7.0.2.jar!/:7.0.2]
	at org.springframework.beans.factory.support.DefaultListableBeanFactory.preInstantiateSingletons(DefaultListableBeanFactory.java:1121) ~[spring-beans-7.0.2.jar!/:7.0.2]
	at org.springframework.context.support.AbstractApplicationContext.finishBeanFactoryInitialization(AbstractApplicationContext.java:993) ~[spring-context-7.0.2.jar!/:7.0.2]
	at org.springframework.context.support.AbstractApplicationContext.refresh(AbstractApplicationContext.java:620) ~[spring-context-7.0.2.jar!/:7.0.2]
	at org.springframework.boot.web.server.servlet.context.ServletWebServerApplicationContext.refresh(ServletWebServerApplicationContext.java:143) ~[spring-boot-web-server-4.0.1.jar!/:4.0.1]
	at org.springframework.boot.SpringApplication.refresh(SpringApplication.java:756) ~[spring-boot-4.0.1.jar!/:4.0.1]
	at org.springframework.boot.SpringApplication.refreshContext(SpringApplication.java:445) ~[spring-boot-4.0.1.jar!/:4.0.1]
	at org.springframework.boot.SpringApplication.run(SpringApplication.java:321) ~[spring-boot-4.0.1.jar!/:4.0.1]
	at org.springframework.boot.SpringApplication.run(SpringApplication.java:1365) ~[spring-boot-4.0.1.jar!/:4.0.1]
	at org.springframework.boot.SpringApplication.run(SpringApplication.java:1354) ~[spring-boot-4.0.1.jar!/:4.0.1]
	at com.deepapp.vn.io.DeepappMainApplication.main(DeepappMainApplication.java:10) ~[!/:0.0.1-SNAPSHOT]
	at java.base/jdk.internal.reflect.NativeMethodAccessorImpl.invoke0(Native Method) ~[na:na]
	at java.base/jdk.internal.reflect.NativeMethodAccessorImpl.invoke(Unknown Source) ~[na:na]
	at java.base/jdk.internal.reflect.DelegatingMethodAccessorImpl.invoke(Unknown Source) ~[na:na]
	at java.base/java.lang.reflect.Method.invoke(Unknown Source) ~[na:na]
	at org.springframework.boot.loader.launch.Launcher.launch(Launcher.java:106) ~[app.jar:0.0.1-SNAPSHOT]
	at org.springframework.boot.loader.launch.Launcher.launch(Launcher.java:64) ~[app.jar:0.0.1-SNAPSHOT]
	at org.springframework.boot.loader.launch.JarLauncher.main(JarLauncher.java:40) ~[app.jar:0.0.1-SNAPSHOT]
Caused by: java.lang.RuntimeException: C++ worker initialization failed
	at com.deepapp.vn.io.infrastructure.cpp.CppWorkerManager.initialize(CppWorkerManager.java:80) ~[!/:0.0.1-SNAPSHOT]
	at java.base/jdk.internal.reflect.NativeMethodAccessorImpl.invoke0(Native Method) ~[na:na]
	at java.base/jdk.internal.reflect.NativeMethodAccessorImpl.invoke(Unknown Source) ~[na:na]
	at java.base/jdk.internal.reflect.DelegatingMethodAccessorImpl.invoke(Unknown Source) ~[na:na]
	at java.base/java.lang.reflect.Method.invoke(Unknown Source) ~[na:na]
	at org.springframework.beans.factory.annotation.InitDestroyAnnotationBeanPostProcessor$LifecycleMethod.invoke(InitDestroyAnnotationBeanPostProcessor.java:453) ~[spring-beans-7.0.2.jar!/:7.0.2]
	at org.springframework.beans.factory.annotation.InitDestroyAnnotationBeanPostProcessor$LifecycleMetadata.invokeInitMethods(InitDestroyAnnotationBeanPostProcessor.java:397) ~[spring-beans-7.0.2.jar!/:7.0.2]
	at org.springframework.beans.factory.annotation.InitDestroyAnnotationBeanPostProcessor.postProcessBeforeInitialization(InitDestroyAnnotationBeanPostProcessor.java:217) ~[spring-beans-7.0.2.jar!/:7.0.2]
	... 27 common frames omitted
Caused by: java.lang.RuntimeException: C++ worker start failed
	at com.deepapp.vn.io.infrastructure.cpp.CppWorkerManager.startCppWorker(CppWorkerManager.java:230) ~[!/:0.0.1-SNAPSHOT]
	at com.deepapp.vn.io.infrastructure.cpp.CppWorkerManager.initialize(CppWorkerManager.java:73) ~[!/:0.0.1-SNAPSHOT]
	... 34 common frames omitted
Caused by: java.lang.RuntimeException: C++ worker process terminated immediately
	at com.deepapp.vn.io.infrastructure.cpp.CppWorkerManager.startCppWorker(CppWorkerManager.java:222) ~[!/:0.0.1-SNAPSHOT]
	... 35 common frames omitted

2025-12-23T07:58:55.714Z  INFO 7 --- [deepapp_main] [main] c.deepapp.vn.io.DeepappMainApplication   : Starting DeepappMainApplication v0.0.1-SNAPSHOT using Java 17.0.17 with PID 7 (/app/app.jar started by root in /app)
2025-12-23T07:58:55.717Z DEBUG 7 --- [deepapp_main] [main] c.deepapp.vn.io.DeepappMainApplication   : Running with Spring Boot v4.0.1, Spring v7.0.2
2025-12-23T07:58:55.718Z  INFO 7 --- [deepapp_main] [main] c.deepapp.vn.io.DeepappMainApplication   : The following 1 profile is active: "docker"
2025-12-23T07:58:56.553Z  INFO 7 --- [deepapp_main] [main] o.s.boot.tomcat.TomcatWebServer          : Tomcat initialized with port 8080 (http)
2025-12-23T07:58:56.562Z  INFO 7 --- [deepapp_main] [main] o.apache.catalina.core.StandardService   : Starting service [Tomcat]
2025-12-23T07:58:56.562Z  INFO 7 --- [deepapp_main] [main] o.apache.catalina.core.StandardEngine    : Starting Servlet engine: [Apache Tomcat/11.0.15]
2025-12-23T07:58:56.607Z  INFO 7 --- [deepapp_main] [main] b.w.c.s.WebApplicationContextInitializer : Root WebApplicationContext: initialization completed in 846 ms
2025-12-23T07:58:56.805Z  INFO 7 --- [deepapp_main] [main] c.d.v.i.i.cpp.CppWorkerManager           : ========================================
2025-12-23T07:58:56.806Z  INFO 7 --- [deepapp_main] [main] c.d.v.i.i.cpp.CppWorkerManager           : C++ Worker Manager - Initialization
2025-12-23T07:58:56.806Z  INFO 7 --- [deepapp_main] [main] c.d.v.i.i.cpp.CppWorkerManager           : ========================================
2025-12-23T07:58:56.806Z  INFO 7 --- [deepapp_main] [main] c.d.v.i.i.cpp.CppWorkerManager           : Starting C++ worker process...
2025-12-23T07:58:56.806Z  INFO 7 --- [deepapp_main] [main] c.d.v.i.i.cpp.CppWorkerManager           :   gRPC Server: 72.60.111.138:50051:50051
2025-12-23T07:58:56.806Z  INFO 7 --- [deepapp_main] [main] c.d.v.i.i.cpp.CppWorkerManager           :   Client ID: cpp-worker
2025-12-23T07:58:56.815Z  INFO 7 --- [deepapp_main] [cpp-worker-output] c.d.v.i.i.cpp.CppWorkerManager           : [C++ Worker] [AAA0_0100_Worker] Initialized
2025-12-23T07:58:56.815Z  INFO 7 --- [deepapp_main] [cpp-worker-output] c.d.v.i.i.cpp.CppWorkerManager           : [C++ Worker] [WorkerRegistry] Registered worker: AAA0_0100_W -> AAA0_0100_Worker
2025-12-23T07:58:56.816Z  INFO 7 --- [deepapp_main] [cpp-worker-output] c.d.v.i.i.cpp.CppWorkerManager           : [C++ Worker] [AAA0_0200_Worker] Initialized
2025-12-23T07:58:56.817Z  INFO 7 --- [deepapp_main] [cpp-worker-output] c.d.v.i.i.cpp.CppWorkerManager           : [C++ Worker] [WorkerRegistry] Registered worker: AAA0_0200_W -> AAA0_0200_Worker
2025-12-23T07:58:56.817Z  INFO 7 --- [deepapp_main] [cpp-worker-output] c.d.v.i.i.cpp.CppWorkerManager           : [C++ Worker] ========================================
2025-12-23T07:58:56.817Z  INFO 7 --- [deepapp_main] [cpp-worker-output] c.d.v.i.i.cpp.CppWorkerManager           : [C++ Worker] DeepApp C++ Worker Application
2025-12-23T07:58:56.817Z  INFO 7 --- [deepapp_main] [cpp-worker-output] c.d.v.i.i.cpp.CppWorkerManager           : [C++ Worker] ========================================
2025-12-23T07:58:56.817Z  INFO 7 --- [deepapp_main] [cpp-worker-output] c.d.v.i.i.cpp.CppWorkerManager           : [C++ Worker] [Main] Configuration:
2025-12-23T07:58:56.817Z  INFO 7 --- [deepapp_main] [cpp-worker-output] c.d.v.i.i.cpp.CppWorkerManager           : [C++ Worker]   Server: 72.60.111.138:50051:50051
2025-12-23T07:58:56.817Z ERROR 7 --- [deepapp_main] [cpp-worker-error] c.d.v.i.i.cpp.CppWorkerManager           : [C++ Worker ERROR] [GrpcWorkerClient] Failed to send connect message
2025-12-23T07:58:56.817Z  INFO 7 --- [deepapp_main] [cpp-worker-output] c.d.v.i.i.cpp.CppWorkerManager           : [C++ Worker]   Client ID: cpp-worker
2025-12-23T07:58:56.817Z  INFO 7 --- [deepapp_main] [cpp-worker-output] c.d.v.i.i.cpp.CppWorkerManager           : [C++ Worker] 
2025-12-23T07:58:56.818Z  INFO 7 --- [deepapp_main] [cpp-worker-output] c.d.v.i.i.cpp.CppWorkerManager           : [C++ Worker] [Main] Worker Registry Status:
2025-12-23T07:58:56.818Z  INFO 7 --- [deepapp_main] [cpp-worker-output] c.d.v.i.i.cpp.CppWorkerManager           : [C++ Worker]   Total workers: 2
2025-12-23T07:58:56.818Z  INFO 7 --- [deepapp_main] [cpp-worker-output] c.d.v.i.i.cpp.CppWorkerManager           : [C++ Worker]   ✓ Registered workers:
2025-12-23T07:58:56.818Z  INFO 7 --- [deepapp_main] [cpp-worker-output] c.d.v.i.i.cpp.CppWorkerManager           : [C++ Worker]     - AAA0_0100_W (AAA0_0100_Worker)
2025-12-23T07:58:56.819Z  INFO 7 --- [deepapp_main] [cpp-worker-output] c.d.v.i.i.cpp.CppWorkerManager           : [C++ Worker]     - AAA0_0200_W (AAA0_0200_Worker)
2025-12-23T07:58:56.819Z  INFO 7 --- [deepapp_main] [cpp-worker-output] c.d.v.i.i.cpp.CppWorkerManager           : [C++ Worker] 
2025-12-23T07:58:56.819Z  INFO 7 --- [deepapp_main] [cpp-worker-output] c.d.v.i.i.cpp.CppWorkerManager           : [C++ Worker] [Main] Starting gRPC worker client...
2025-12-23T07:58:56.819Z  INFO 7 --- [deepapp_main] [cpp-worker-output] c.d.v.i.i.cpp.CppWorkerManager           : [C++ Worker] ========================================
2025-12-23T07:58:56.819Z  INFO 7 --- [deepapp_main] [cpp-worker-output] c.d.v.i.i.cpp.CppWorkerManager           : [C++ Worker] 
2025-12-23T07:58:56.820Z  INFO 7 --- [deepapp_main] [cpp-worker-output] c.d.v.i.i.cpp.CppWorkerManager           : [C++ Worker] [GrpcWorkerClient] Connecting to 72.60.111.138:50051:50051 with client_id: cpp-worker
2025-12-23T07:58:56.820Z  INFO 7 --- [deepapp_main] [cpp-worker-output] c.d.v.i.i.cpp.CppWorkerManager           : [C++ Worker] [Main] Client stopped.
2025-12-23T07:58:58.813Z ERROR 7 --- [deepapp_main] [main] c.d.v.i.i.cpp.CppWorkerManager           : Failed to start C++ worker

java.lang.RuntimeException: C++ worker process terminated immediately
	at com.deepapp.vn.io.infrastructure.cpp.CppWorkerManager.startCppWorker(CppWorkerManager.java:222) ~[!/:0.0.1-SNAPSHOT]
	at com.deepapp.vn.io.infrastructure.cpp.CppWorkerManager.initialize(CppWorkerManager.java:73) ~[!/:0.0.1-SNAPSHOT]
	at java.base/jdk.internal.reflect.NativeMethodAccessorImpl.invoke0(Native Method) ~[na:na]
	at java.base/jdk.internal.reflect.NativeMethodAccessorImpl.invoke(Unknown Source) ~[na:na]
	at java.base/jdk.internal.reflect.DelegatingMethodAccessorImpl.invoke(Unknown Source) ~[na:na]
	at java.base/java.lang.reflect.Method.invoke(Unknown Source) ~[na:na]
	at org.springframework.beans.factory.annotation.InitDestroyAnnotationBeanPostProcessor$LifecycleMethod.invoke(InitDestroyAnnotationBeanPostProcessor.java:453) ~[spring-beans-7.0.2.jar!/:7.0.2]
	at org.springframework.beans.factory.annotation.InitDestroyAnnotationBeanPostProcessor$LifecycleMetadata.invokeInitMethods(InitDestroyAnnotationBeanPostProcessor.java:397) ~[spring-beans-7.0.2.jar!/:7.0.2]
	at org.springframework.beans.factory.annotation.InitDestroyAnnotationBeanPostProcessor.postProcessBeforeInitialization(InitDestroyAnnotationBeanPostProcessor.java:217) ~[spring-beans-7.0.2.jar!/:7.0.2]
	at org.springframework.beans.factory.support.AbstractAutowireCapableBeanFactory.applyBeanPostProcessorsBeforeInitialization(AbstractAutowireCapableBeanFactory.java:426) ~[spring-beans-7.0.2.jar!/:7.0.2]
	at org.springframework.beans.factory.support.AbstractAutowireCapableBeanFactory.initializeBean(AbstractAutowireCapableBeanFactory.java:1809) ~[spring-beans-7.0.2.jar!/:7.0.2]
	at org.springframework.beans.factory.support.AbstractAutowireCapableBeanFactory.doCreateBean(AbstractAutowireCapableBeanFactory.java:603) ~[spring-beans-7.0.2.jar!/:7.0.2]
	at org.springframework.beans.factory.support.AbstractAutowireCapableBeanFactory.createBean(AbstractAutowireCapableBeanFactory.java:525) ~[spring-beans-7.0.2.jar!/:7.0.2]
	at org.springframework.beans.factory.support.AbstractBeanFactory.lambda$doGetBean$0(AbstractBeanFactory.java:333) ~[spring-beans-7.0.2.jar!/:7.0.2]
	at org.springframework.beans.factory.support.DefaultSingletonBeanRegistry.getSingleton(DefaultSingletonBeanRegistry.java:371) ~[spring-beans-7.0.2.jar!/:7.0.2]
	at org.springframework.beans.factory.support.AbstractBeanFactory.doGetBean(AbstractBeanFactory.java:331) ~[spring-beans-7.0.2.jar!/:7.0.2]
	at org.springframework.beans.factory.support.AbstractBeanFactory.getBean(AbstractBeanFactory.java:196) ~[spring-beans-7.0.2.jar!/:7.0.2]
	at org.springframework.beans.factory.support.DefaultListableBeanFactory.instantiateSingleton(DefaultListableBeanFactory.java:1218) ~[spring-beans-7.0.2.jar!/:7.0.2]
	at org.springframework.beans.factory.support.DefaultListableBeanFactory.preInstantiateSingleton(DefaultListableBeanFactory.java:1184) ~[spring-beans-7.0.2.jar!/:7.0.2]
	at org.springframework.beans.factory.support.DefaultListableBeanFactory.preInstantiateSingletons(DefaultListableBeanFactory.java:1121) ~[spring-beans-7.0.2.jar!/:7.0.2]
	at org.springframework.context.support.AbstractApplicationContext.finishBeanFactoryInitialization(AbstractApplicationContext.java:993) ~[spring-context-7.0.2.jar!/:7.0.2]
	at org.springframework.context.support.AbstractApplicationContext.refresh(AbstractApplicationContext.java:620) ~[spring-context-7.0.2.jar!/:7.0.2]
	at org.springframework.boot.web.server.servlet.context.ServletWebServerApplicationContext.refresh(ServletWebServerApplicationContext.java:143) ~[spring-boot-web-server-4.0.1.jar!/:4.0.1]
	at org.springframework.boot.SpringApplication.refresh(SpringApplication.java:756) ~[spring-boot-4.0.1.jar!/:4.0.1]
	at org.springframework.boot.SpringApplication.refreshContext(SpringApplication.java:445) ~[spring-boot-4.0.1.jar!/:4.0.1]
	at org.springframework.boot.SpringApplication.run(SpringApplication.java:321) ~[spring-boot-4.0.1.jar!/:4.0.1]
	at org.springframework.boot.SpringApplication.run(SpringApplication.java:1365) ~[spring-boot-4.0.1.jar!/:4.0.1]
	at org.springframework.boot.SpringApplication.run(SpringApplication.java:1354) ~[spring-boot-4.0.1.jar!/:4.0.1]
	at com.deepapp.vn.io.DeepappMainApplication.main(DeepappMainApplication.java:10) ~[!/:0.0.1-SNAPSHOT]
	at java.base/jdk.internal.reflect.NativeMethodAccessorImpl.invoke0(Native Method) ~[na:na]
	at java.base/jdk.internal.reflect.NativeMethodAccessorImpl.invoke(Unknown Source) ~[na:na]
	at java.base/jdk.internal.reflect.DelegatingMethodAccessorImpl.invoke(Unknown Source) ~[na:na]
	at java.base/java.lang.reflect.Method.invoke(Unknown Source) ~[na:na]
	at org.springframework.boot.loader.launch.Launcher.launch(Launcher.java:106) ~[app.jar:0.0.1-SNAPSHOT]
	at org.springframework.boot.loader.launch.Launcher.launch(Launcher.java:64) ~[app.jar:0.0.1-SNAPSHOT]
	at org.springframework.boot.loader.launch.JarLauncher.main(JarLauncher.java:40) ~[app.jar:0.0.1-SNAPSHOT]

2025-12-23T07:58:58.817Z ERROR 7 --- [deepapp_main] [main] c.d.v.i.i.cpp.CppWorkerManager           : Failed to initialize C++ worker manager

java.lang.RuntimeException: C++ worker start failed
	at com.deepapp.vn.io.infrastructure.cpp.CppWorkerManager.startCppWorker(CppWorkerManager.java:230) ~[!/:0.0.1-SNAPSHOT]
	at com.deepapp.vn.io.infrastructure.cpp.CppWorkerManager.initialize(CppWorkerManager.java:73) ~[!/:0.0.1-SNAPSHOT]
	at java.base/jdk.internal.reflect.NativeMethodAccessorImpl.invoke0(Native Method) ~[na:na]
	at java.base/jdk.internal.reflect.NativeMethodAccessorImpl.invoke(Unknown Source) ~[na:na]
	at java.base/jdk.internal.reflect.DelegatingMethodAccessorImpl.invoke(Unknown Source) ~[na:na]
	at java.base/java.lang.reflect.Method.invoke(Unknown Source) ~[na:na]
	at org.springframework.beans.factory.annotation.InitDestroyAnnotationBeanPostProcessor$LifecycleMethod.invoke(InitDestroyAnnotationBeanPostProcessor.java:453) ~[spring-beans-7.0.2.jar!/:7.0.2]
	at org.springframework.beans.factory.annotation.InitDestroyAnnotationBeanPostProcessor$LifecycleMetadata.invokeInitMethods(InitDestroyAnnotationBeanPostProcessor.java:397) ~[spring-beans-7.0.2.jar!/:7.0.2]
	at org.springframework.beans.factory.annotation.InitDestroyAnnotationBeanPostProcessor.postProcessBeforeInitialization(InitDestroyAnnotationBeanPostProcessor.java:217) ~[spring-beans-7.0.2.jar!/:7.0.2]
	at org.springframework.beans.factory.support.AbstractAutowireCapableBeanFactory.applyBeanPostProcessorsBeforeInitialization(AbstractAutowireCapableBeanFactory.java:426) ~[spring-beans-7.0.2.jar!/:7.0.2]
	at org.springframework.beans.factory.support.AbstractAutowireCapableBeanFactory.initializeBean(AbstractAutowireCapableBeanFactory.java:1809) ~[spring-beans-7.0.2.jar!/:7.0.2]
	at org.springframework.beans.factory.support.AbstractAutowireCapableBeanFactory.doCreateBean(AbstractAutowireCapableBeanFactory.java:603) ~[spring-beans-7.0.2.jar!/:7.0.2]
	at org.springframework.beans.factory.support.AbstractAutowireCapableBeanFactory.createBean(AbstractAutowireCapableBeanFactory.java:525) ~[spring-beans-7.0.2.jar!/:7.0.2]
	at org.springframework.beans.factory.support.AbstractBeanFactory.lambda$doGetBean$0(AbstractBeanFactory.java:333) ~[spring-beans-7.0.2.jar!/:7.0.2]
	at org.springframework.beans.factory.support.DefaultSingletonBeanRegistry.getSingleton(DefaultSingletonBeanRegistry.java:371) ~[spring-beans-7.0.2.jar!/:7.0.2]
	at org.springframework.beans.factory.support.AbstractBeanFactory.doGetBean(AbstractBeanFactory.java:331) ~[spring-beans-7.0.2.jar!/:7.0.2]
	at org.springframework.beans.factory.support.AbstractBeanFactory.getBean(AbstractBeanFactory.java:196) ~[spring-beans-7.0.2.jar!/:7.0.2]
	at org.springframework.beans.factory.support.DefaultListableBeanFactory.instantiateSingleton(DefaultListableBeanFactory.java:1218) ~[spring-beans-7.0.2.jar!/:7.0.2]
	at org.springframework.beans.factory.support.DefaultListableBeanFactory.preInstantiateSingleton(DefaultListableBeanFactory.java:1184) ~[spring-beans-7.0.2.jar!/:7.0.2]
	at org.springframework.beans.factory.support.DefaultListableBeanFactory.preInstantiateSingletons(DefaultListableBeanFactory.java:1121) ~[spring-beans-7.0.2.jar!/:7.0.2]
	at org.springframework.context.support.AbstractApplicationContext.finishBeanFactoryInitialization(AbstractApplicationContext.java:993) ~[spring-context-7.0.2.jar!/:7.0.2]
	at org.springframework.context.support.AbstractApplicationContext.refresh(AbstractApplicationContext.java:620) ~[spring-context-7.0.2.jar!/:7.0.2]
	at org.springframework.boot.web.server.servlet.context.ServletWebServerApplicationContext.refresh(ServletWebServerApplicationContext.java:143) ~[spring-boot-web-server-4.0.1.jar!/:4.0.1]
	at org.springframework.boot.SpringApplication.refresh(SpringApplication.java:756) ~[spring-boot-4.0.1.jar!/:4.0.1]
	at org.springframework.boot.SpringApplication.refreshContext(SpringApplication.java:445) ~[spring-boot-4.0.1.jar!/:4.0.1]
	at org.springframework.boot.SpringApplication.run(SpringApplication.java:321) ~[spring-boot-4.0.1.jar!/:4.0.1]
	at org.springframework.boot.SpringApplication.run(SpringApplication.java:1365) ~[spring-boot-4.0.1.jar!/:4.0.1]
	at org.springframework.boot.SpringApplication.run(SpringApplication.java:1354) ~[spring-boot-4.0.1.jar!/:4.0.1]
	at com.deepapp.vn.io.DeepappMainApplication.main(DeepappMainApplication.java:10) ~[!/:0.0.1-SNAPSHOT]
	at java.base/jdk.internal.reflect.NativeMethodAccessorImpl.invoke0(Native Method) ~[na:na]
	at java.base/jdk.internal.reflect.NativeMethodAccessorImpl.invoke(Unknown Source) ~[na:na]
	at java.base/jdk.internal.reflect.DelegatingMethodAccessorImpl.invoke(Unknown Source) ~[na:na]
	at java.base/java.lang.reflect.Method.invoke(Unknown Source) ~[na:na]
	at org.springframework.boot.loader.launch.Launcher.launch(Launcher.java:106) ~[app.jar:0.0.1-SNAPSHOT]
	at org.springframework.boot.loader.launch.Launcher.launch(Launcher.java:64) ~[app.jar:0.0.1-SNAPSHOT]
	at org.springframework.boot.loader.launch.JarLauncher.main(JarLauncher.java:40) ~[app.jar:0.0.1-SNAPSHOT]
Caused by: java.lang.RuntimeException: C++ worker process terminated immediately
	at com.deepapp.vn.io.infrastructure.cpp.CppWorkerManager.startCppWorker(CppWorkerManager.java:222) ~[!/:0.0.1-SNAPSHOT]
	... 35 common frames omitted

2025-12-23T07:58:58.820Z  WARN 7 --- [deepapp_main] [main] ConfigServletWebServerApplicationContext : Exception encountered during context initialization - cancelling refresh attempt: org.springframework.beans.factory.BeanCreationException: Error creating bean with name 'cppWorkerManager': Invocation of init method failed
2025-12-23T07:58:58.822Z  INFO 7 --- [deepapp_main] [main] o.apache.catalina.core.StandardService   : Stopping service [Tomcat]
2025-12-23T07:58:58.830Z  INFO 7 --- [deepapp_main] [main] .s.b.a.l.ConditionEvaluationReportLogger : 

Error starting ApplicationContext. To display the condition evaluation report re-run your application with 'debug' enabled.
2025-12-23T07:58:58.839Z ERROR 7 --- [deepapp_main] [main] o.s.boot.SpringApplication               : Application run failed

org.springframework.beans.factory.BeanCreationException: Error creating bean with name 'cppWorkerManager': Invocation of init method failed
	at org.springframework.beans.factory.annotation.InitDestroyAnnotationBeanPostProcessor.postProcessBeforeInitialization(InitDestroyAnnotationBeanPostProcessor.java:220) ~[spring-beans-7.0.2.jar!/:7.0.2]
	at org.springframework.beans.factory.support.AbstractAutowireCapableBeanFactory.applyBeanPostProcessorsBeforeInitialization(AbstractAutowireCapableBeanFactory.java:426) ~[spring-beans-7.0.2.jar!/:7.0.2]
	at org.springframework.beans.factory.support.AbstractAutowireCapableBeanFactory.initializeBean(AbstractAutowireCapableBeanFactory.java:1809) ~[spring-beans-7.0.2.jar!/:7.0.2]
	at org.springframework.beans.factory.support.AbstractAutowireCapableBeanFactory.doCreateBean(AbstractAutowireCapableBeanFactory.java:603) ~[spring-beans-7.0.2.jar!/:7.0.2]
	at org.springframework.beans.factory.support.AbstractAutowireCapableBeanFactory.createBean(AbstractAutowireCapableBeanFactory.java:525) ~[spring-beans-7.0.2.jar!/:7.0.2]
	at org.springframework.beans.factory.support.AbstractBeanFactory.lambda$doGetBean$0(AbstractBeanFactory.java:333) ~[spring-beans-7.0.2.jar!/:7.0.2]
	at org.springframework.beans.factory.support.DefaultSingletonBeanRegistry.getSingleton(DefaultSingletonBeanRegistry.java:371) ~[spring-beans-7.0.2.jar!/:7.0.2]
	at org.springframework.beans.factory.support.AbstractBeanFactory.doGetBean(AbstractBeanFactory.java:331) ~[spring-beans-7.0.2.jar!/:7.0.2]
	at org.springframework.beans.factory.support.AbstractBeanFactory.getBean(AbstractBeanFactory.java:196) ~[spring-beans-7.0.2.jar!/:7.0.2]
	at org.springframework.beans.factory.support.DefaultListableBeanFactory.instantiateSingleton(DefaultListableBeanFactory.java:1218) ~[spring-beans-7.0.2.jar!/:7.0.2]
	at org.springframework.beans.factory.support.DefaultListableBeanFactory.preInstantiateSingleton(DefaultListableBeanFactory.java:1184) ~[spring-beans-7.0.2.jar!/:7.0.2]
	at org.springframework.beans.factory.support.DefaultListableBeanFactory.preInstantiateSingletons(DefaultListableBeanFactory.java:1121) ~[spring-beans-7.0.2.jar!/:7.0.2]
	at org.springframework.context.support.AbstractApplicationContext.finishBeanFactoryInitialization(AbstractApplicationContext.java:993) ~[spring-context-7.0.2.jar!/:7.0.2]
	at org.springframework.context.support.AbstractApplicationContext.refresh(AbstractApplicationContext.java:620) ~[spring-context-7.0.2.jar!/:7.0.2]
	at org.springframework.boot.web.server.servlet.context.ServletWebServerApplicationContext.refresh(ServletWebServerApplicationContext.java:143) ~[spring-boot-web-server-4.0.1.jar!/:4.0.1]
	at org.springframework.boot.SpringApplication.refresh(SpringApplication.java:756) ~[spring-boot-4.0.1.jar!/:4.0.1]
	at org.springframework.boot.SpringApplication.refreshContext(SpringApplication.java:445) ~[spring-boot-4.0.1.jar!/:4.0.1]
	at org.springframework.boot.SpringApplication.run(SpringApplication.java:321) ~[spring-boot-4.0.1.jar!/:4.0.1]
	at org.springframework.boot.SpringApplication.run(SpringApplication.java:1365) ~[spring-boot-4.0.1.jar!/:4.0.1]
	at org.springframework.boot.SpringApplication.run(SpringApplication.java:1354) ~[spring-boot-4.0.1.jar!/:4.0.1]
	at com.deepapp.vn.io.DeepappMainApplication.main(DeepappMainApplication.java:10) ~[!/:0.0.1-SNAPSHOT]
	at java.base/jdk.internal.reflect.NativeMethodAccessorImpl.invoke0(Native Method) ~[na:na]
	at java.base/jdk.internal.reflect.NativeMethodAccessorImpl.invoke(Unknown Source) ~[na:na]
	at java.base/jdk.internal.reflect.DelegatingMethodAccessorImpl.invoke(Unknown Source) ~[na:na]
	at java.base/java.lang.reflect.Method.invoke(Unknown Source) ~[na:na]
	at org.springframework.boot.loader.launch.Launcher.launch(Launcher.java:106) ~[app.jar:0.0.1-SNAPSHOT]
	at org.springframework.boot.loader.launch.Launcher.launch(Launcher.java:64) ~[app.jar:0.0.1-SNAPSHOT]
	at org.springframework.boot.loader.launch.JarLauncher.main(JarLauncher.java:40) ~[app.jar:0.0.1-SNAPSHOT]
Caused by: java.lang.RuntimeException: C++ worker initialization failed
	at com.deepapp.vn.io.infrastructure.cpp.CppWorkerManager.initialize(CppWorkerManager.java:80) ~[!/:0.0.1-SNAPSHOT]
	at java.base/jdk.internal.reflect.NativeMethodAccessorImpl.invoke0(Native Method) ~[na:na]
	at java.base/jdk.internal.reflect.NativeMethodAccessorImpl.invoke(Unknown Source) ~[na:na]
	at java.base/jdk.internal.reflect.DelegatingMethodAccessorImpl.invoke(Unknown Source) ~[na:na]
	at java.base/java.lang.reflect.Method.invoke(Unknown Source) ~[na:na]
	at org.springframework.beans.factory.annotation.InitDestroyAnnotationBeanPostProcessor$LifecycleMethod.invoke(InitDestroyAnnotationBeanPostProcessor.java:453) ~[spring-beans-7.0.2.jar!/:7.0.2]
	at org.springframework.beans.factory.annotation.InitDestroyAnnotationBeanPostProcessor$LifecycleMetadata.invokeInitMethods(InitDestroyAnnotationBeanPostProcessor.java:397) ~[spring-beans-7.0.2.jar!/:7.0.2]
	at org.springframework.beans.factory.annotation.InitDestroyAnnotationBeanPostProcessor.postProcessBeforeInitialization(InitDestroyAnnotationBeanPostProcessor.java:217) ~[spring-beans-7.0.2.jar!/:7.0.2]
	... 27 common frames omitted
Caused by: java.lang.RuntimeException: C++ worker start failed
	at com.deepapp.vn.io.infrastructure.cpp.CppWorkerManager.startCppWorker(CppWorkerManager.java:230) ~[!/:0.0.1-SNAPSHOT]
	at com.deepapp.vn.io.infrastructure.cpp.CppWorkerManager.initialize(CppWorkerManager.java:73) ~[!/:0.0.1-SNAPSHOT]
	... 34 common frames omitted
Caused by: java.lang.RuntimeException: C++ worker process terminated immediately
	at com.deepapp.vn.io.infrastructure.cpp.CppWorkerManager.startCppWorker(CppWorkerManager.java:222) ~[!/:0.0.1-SNAPSHOT]
	... 35 common frames omitted

2025-12-23T07:59:01.493Z  INFO 7 --- [deepapp_main] [main] c.deepapp.vn.io.DeepappMainApplication   : Starting DeepappMainApplication v0.0.1-SNAPSHOT using Java 17.0.17 with PID 7 (/app/app.jar started by root in /app)
2025-12-23T07:59:01.495Z DEBUG 7 --- [deepapp_main] [main] c.deepapp.vn.io.DeepappMainApplication   : Running with Spring Boot v4.0.1, Spring v7.0.2
2025-12-23T07:59:01.496Z  INFO 7 --- [deepapp_main] [main] c.deepapp.vn.io.DeepappMainApplication   : The following 1 profile is active: "docker"
2025-12-23T07:59:02.260Z  INFO 7 --- [deepapp_main] [main] o.s.boot.tomcat.TomcatWebServer          : Tomcat initialized with port 8080 (http)
2025-12-23T07:59:02.268Z  INFO 7 --- [deepapp_main] [main] o.apache.catalina.core.StandardService   : Starting service [Tomcat]
2025-12-23T07:59:02.269Z  INFO 7 --- [deepapp_main] [main] o.apache.catalina.core.StandardEngine    : Starting Servlet engine: [Apache Tomcat/11.0.15]
2025-12-23T07:59:02.292Z  INFO 7 --- [deepapp_main] [main] b.w.c.s.WebApplicationContextInitializer : Root WebApplicationContext: initialization completed in 759 ms
2025-12-23T07:59:02.448Z  INFO 7 --- [deepapp_main] [main] c.d.v.i.i.cpp.CppWorkerManager           : ========================================
2025-12-23T07:59:02.449Z  INFO 7 --- [deepapp_main] [main] c.d.v.i.i.cpp.CppWorkerManager           : C++ Worker Manager - Initialization
2025-12-23T07:59:02.449Z  INFO 7 --- [deepapp_main] [main] c.d.v.i.i.cpp.CppWorkerManager           : ========================================
2025-12-23T07:59:02.449Z  INFO 7 --- [deepapp_main] [main] c.d.v.i.i.cpp.CppWorkerManager           : Starting C++ worker process...
2025-12-23T07:59:02.449Z  INFO 7 --- [deepapp_main] [main] c.d.v.i.i.cpp.CppWorkerManager           :   gRPC Server: 72.60.111.138:50051:50051
2025-12-23T07:59:02.449Z  INFO 7 --- [deepapp_main] [main] c.d.v.i.i.cpp.CppWorkerManager           :   Client ID: cpp-worker
2025-12-23T07:59:02.459Z  INFO 7 --- [deepapp_main] [cpp-worker-output] c.d.v.i.i.cpp.CppWorkerManager           : [C++ Worker] [AAA0_0100_Worker] Initialized
2025-12-23T07:59:02.460Z  INFO 7 --- [deepapp_main] [cpp-worker-output] c.d.v.i.i.cpp.CppWorkerManager           : [C++ Worker] [WorkerRegistry] Registered worker: AAA0_0100_W -> AAA0_0100_Worker
2025-12-23T07:59:02.460Z  INFO 7 --- [deepapp_main] [cpp-worker-output] c.d.v.i.i.cpp.CppWorkerManager           : [C++ Worker] [AAA0_0200_Worker] Initialized
2025-12-23T07:59:02.460Z  INFO 7 --- [deepapp_main] [cpp-worker-output] c.d.v.i.i.cpp.CppWorkerManager           : [C++ Worker] [WorkerRegistry] Registered worker: AAA0_0200_W -> AAA0_0200_Worker
2025-12-23T07:59:02.460Z  INFO 7 --- [deepapp_main] [cpp-worker-output] c.d.v.i.i.cpp.CppWorkerManager           : [C++ Worker] ========================================
2025-12-23T07:59:02.460Z  INFO 7 --- [deepapp_main] [cpp-worker-output] c.d.v.i.i.cpp.CppWorkerManager           : [C++ Worker] DeepApp C++ Worker Application
2025-12-23T07:59:02.460Z  INFO 7 --- [deepapp_main] [cpp-worker-output] c.d.v.i.i.cpp.CppWorkerManager           : [C++ Worker] ========================================
2025-12-23T07:59:02.461Z  INFO 7 --- [deepapp_main] [cpp-worker-output] c.d.v.i.i.cpp.CppWorkerManager           : [C++ Worker] [Main] Configuration:
2025-12-23T07:59:02.461Z  INFO 7 --- [deepapp_main] [cpp-worker-output] c.d.v.i.i.cpp.CppWorkerManager           : [C++ Worker]   Server: 72.60.111.138:50051:50051
2025-12-23T07:59:02.461Z  INFO 7 --- [deepapp_main] [cpp-worker-output] c.d.v.i.i.cpp.CppWorkerManager           : [C++ Worker]   Client ID: cpp-worker
2025-12-23T07:59:02.461Z  INFO 7 --- [deepapp_main] [cpp-worker-output] c.d.v.i.i.cpp.CppWorkerManager           : [C++ Worker] 
2025-12-23T07:59:02.461Z  INFO 7 --- [deepapp_main] [cpp-worker-output] c.d.v.i.i.cpp.CppWorkerManager           : [C++ Worker] [Main] Worker Registry Status:
2025-12-23T07:59:02.461Z  INFO 7 --- [deepapp_main] [cpp-worker-output] c.d.v.i.i.cpp.CppWorkerManager           : [C++ Worker]   Total workers: 2
2025-12-23T07:59:02.462Z  INFO 7 --- [deepapp_main] [cpp-worker-output] c.d.v.i.i.cpp.CppWorkerManager           : [C++ Worker]   ✓ Registered workers:
2025-12-23T07:59:02.462Z  INFO 7 --- [deepapp_main] [cpp-worker-output] c.d.v.i.i.cpp.CppWorkerManager           : [C++ Worker]     - AAA0_0100_W (AAA0_0100_Worker)
2025-12-23T07:59:02.462Z  INFO 7 --- [deepapp_main] [cpp-worker-output] c.d.v.i.i.cpp.CppWorkerManager           : [C++ Worker]     - AAA0_0200_W (AAA0_0200_Worker)
2025-12-23T07:59:02.462Z  INFO 7 --- [deepapp_main] [cpp-worker-output] c.d.v.i.i.cpp.CppWorkerManager           : [C++ Worker] 
2025-12-23T07:59:02.462Z  INFO 7 --- [deepapp_main] [cpp-worker-output] c.d.v.i.i.cpp.CppWorkerManager           : [C++ Worker] [Main] Starting gRPC worker client...
2025-12-23T07:59:02.463Z  INFO 7 --- [deepapp_main] [cpp-worker-output] c.d.v.i.i.cpp.CppWorkerManager           : [C++ Worker] ========================================
2025-12-23T07:59:02.463Z  INFO 7 --- [deepapp_main] [cpp-worker-output] c.d.v.i.i.cpp.CppWorkerManager           : [C++ Worker] 
2025-12-23T07:59:02.463Z  INFO 7 --- [deepapp_main] [cpp-worker-output] c.d.v.i.i.cpp.CppWorkerManager           : [C++ Worker] [GrpcWorkerClient] Connecting to 72.60.111.138:50051:50051 with client_id: cpp-worker
2025-12-23T07:59:02.464Z ERROR 7 --- [deepapp_main] [cpp-worker-error] c.d.v.i.i.cpp.CppWorkerManager           : [C++ Worker ERROR] [GrpcWorkerClient] Failed to send connect message
2025-12-23T07:59:02.464Z  INFO 7 --- [deepapp_main] [cpp-worker-output] c.d.v.i.i.cpp.CppWorkerManager           : [C++ Worker] [Main] Client stopped.
2025-12-23T07:59:04.457Z ERROR 7 --- [deepapp_main] [main] c.d.v.i.i.cpp.CppWorkerManager           : Failed to start C++ worker

java.lang.RuntimeException: C++ worker process terminated immediately
	at com.deepapp.vn.io.infrastructure.cpp.CppWorkerManager.startCppWorker(CppWorkerManager.java:222) ~[!/:0.0.1-SNAPSHOT]
	at com.deepapp.vn.io.infrastructure.cpp.CppWorkerManager.initialize(CppWorkerManager.java:73) ~[!/:0.0.1-SNAPSHOT]
	at java.base/jdk.internal.reflect.NativeMethodAccessorImpl.invoke0(Native Method) ~[na:na]
	at java.base/jdk.internal.reflect.NativeMethodAccessorImpl.invoke(Unknown Source) ~[na:na]
	at java.base/jdk.internal.reflect.DelegatingMethodAccessorImpl.invoke(Unknown Source) ~[na:na]
	at java.base/java.lang.reflect.Method.invoke(Unknown Source) ~[na:na]
	at org.springframework.beans.factory.annotation.InitDestroyAnnotationBeanPostProcessor$LifecycleMethod.invoke(InitDestroyAnnotationBeanPostProcessor.java:453) ~[spring-beans-7.0.2.jar!/:7.0.2]
	at org.springframework.beans.factory.annotation.InitDestroyAnnotationBeanPostProcessor$LifecycleMetadata.invokeInitMethods(InitDestroyAnnotationBeanPostProcessor.java:397) ~[spring-beans-7.0.2.jar!/:7.0.2]
	at org.springframework.beans.factory.annotation.InitDestroyAnnotationBeanPostProcessor.postProcessBeforeInitialization(InitDestroyAnnotationBeanPostProcessor.java:217) ~[spring-beans-7.0.2.jar!/:7.0.2]
	at org.springframework.beans.factory.support.AbstractAutowireCapableBeanFactory.applyBeanPostProcessorsBeforeInitialization(AbstractAutowireCapableBeanFactory.java:426) ~[spring-beans-7.0.2.jar!/:7.0.2]
	at org.springframework.beans.factory.support.AbstractAutowireCapableBeanFactory.initializeBean(AbstractAutowireCapableBeanFactory.java:1809) ~[spring-beans-7.0.2.jar!/:7.0.2]
	at org.springframework.beans.factory.support.AbstractAutowireCapableBeanFactory.doCreateBean(AbstractAutowireCapableBeanFactory.java:603) ~[spring-beans-7.0.2.jar!/:7.0.2]
	at org.springframework.beans.factory.support.AbstractAutowireCapableBeanFactory.createBean(AbstractAutowireCapableBeanFactory.java:525) ~[spring-beans-7.0.2.jar!/:7.0.2]
	at org.springframework.beans.factory.support.AbstractBeanFactory.lambda$doGetBean$0(AbstractBeanFactory.java:333) ~[spring-beans-7.0.2.jar!/:7.0.2]
	at org.springframework.beans.factory.support.DefaultSingletonBeanRegistry.getSingleton(DefaultSingletonBeanRegistry.java:371) ~[spring-beans-7.0.2.jar!/:7.0.2]
	at org.springframework.beans.factory.support.AbstractBeanFactory.doGetBean(AbstractBeanFactory.java:331) ~[spring-beans-7.0.2.jar!/:7.0.2]
	at org.springframework.beans.factory.support.AbstractBeanFactory.getBean(AbstractBeanFactory.java:196) ~[spring-beans-7.0.2.jar!/:7.0.2]
	at org.springframework.beans.factory.support.DefaultListableBeanFactory.instantiateSingleton(DefaultListableBeanFactory.java:1218) ~[spring-beans-7.0.2.jar!/:7.0.2]
	at org.springframework.beans.factory.support.DefaultListableBeanFactory.preInstantiateSingleton(DefaultListableBeanFactory.java:1184) ~[spring-beans-7.0.2.jar!/:7.0.2]
	at org.springframework.beans.factory.support.DefaultListableBeanFactory.preInstantiateSingletons(DefaultListableBeanFactory.java:1121) ~[spring-beans-7.0.2.jar!/:7.0.2]
	at org.springframework.context.support.AbstractApplicationContext.finishBeanFactoryInitialization(AbstractApplicationContext.java:993) ~[spring-context-7.0.2.jar!/:7.0.2]
	at org.springframework.context.support.AbstractApplicationContext.refresh(AbstractApplicationContext.java:620) ~[spring-context-7.0.2.jar!/:7.0.2]
	at org.springframework.boot.web.server.servlet.context.ServletWebServerApplicationContext.refresh(ServletWebServerApplicationContext.java:143) ~[spring-boot-web-server-4.0.1.jar!/:4.0.1]
	at org.springframework.boot.SpringApplication.refresh(SpringApplication.java:756) ~[spring-boot-4.0.1.jar!/:4.0.1]
	at org.springframework.boot.SpringApplication.refreshContext(SpringApplication.java:445) ~[spring-boot-4.0.1.jar!/:4.0.1]
	at org.springframework.boot.SpringApplication.run(SpringApplication.java:321) ~[spring-boot-4.0.1.jar!/:4.0.1]
	at org.springframework.boot.SpringApplication.run(SpringApplication.java:1365) ~[spring-boot-4.0.1.jar!/:4.0.1]
	at org.springframework.boot.SpringApplication.run(SpringApplication.java:1354) ~[spring-boot-4.0.1.jar!/:4.0.1]
	at com.deepapp.vn.io.DeepappMainApplication.main(DeepappMainApplication.java:10) ~[!/:0.0.1-SNAPSHOT]
	at java.base/jdk.internal.reflect.NativeMethodAccessorImpl.invoke0(Native Method) ~[na:na]
	at java.base/jdk.internal.reflect.NativeMethodAccessorImpl.invoke(Unknown Source) ~[na:na]
	at java.base/jdk.internal.reflect.DelegatingMethodAccessorImpl.invoke(Unknown Source) ~[na:na]
	at java.base/java.lang.reflect.Method.invoke(Unknown Source) ~[na:na]
	at org.springframework.boot.loader.launch.Launcher.launch(Launcher.java:106) ~[app.jar:0.0.1-SNAPSHOT]
	at org.springframework.boot.loader.launch.Launcher.launch(Launcher.java:64) ~[app.jar:0.0.1-SNAPSHOT]
	at org.springframework.boot.loader.launch.JarLauncher.main(JarLauncher.java:40) ~[app.jar:0.0.1-SNAPSHOT]

2025-12-23T07:59:04.466Z ERROR 7 --- [deepapp_main] [main] c.d.v.i.i.cpp.CppWorkerManager           : Failed to initialize C++ worker manager

java.lang.RuntimeException: C++ worker start failed
	at com.deepapp.vn.io.infrastructure.cpp.CppWorkerManager.startCppWorker(CppWorkerManager.java:230) ~[!/:0.0.1-SNAPSHOT]
	at com.deepapp.vn.io.infrastructure.cpp.CppWorkerManager.initialize(CppWorkerManager.java:73) ~[!/:0.0.1-SNAPSHOT]
	at java.base/jdk.internal.reflect.NativeMethodAccessorImpl.invoke0(Native Method) ~[na:na]
	at java.base/jdk.internal.reflect.NativeMethodAccessorImpl.invoke(Unknown Source) ~[na:na]
	at java.base/jdk.internal.reflect.DelegatingMethodAccessorImpl.invoke(Unknown Source) ~[na:na]
	at java.base/java.lang.reflect.Method.invoke(Unknown Source) ~[na:na]
	at org.springframework.beans.factory.annotation.InitDestroyAnnotationBeanPostProcessor$LifecycleMethod.invoke(InitDestroyAnnotationBeanPostProcessor.java:453) ~[spring-beans-7.0.2.jar!/:7.0.2]
	at org.springframework.beans.factory.annotation.InitDestroyAnnotationBeanPostProcessor$LifecycleMetadata.invokeInitMethods(InitDestroyAnnotationBeanPostProcessor.java:397) ~[spring-beans-7.0.2.jar!/:7.0.2]
	at org.springframework.beans.factory.annotation.InitDestroyAnnotationBeanPostProcessor.postProcessBeforeInitialization(InitDestroyAnnotationBeanPostProcessor.java:217) ~[spring-beans-7.0.2.jar!/:7.0.2]
	at org.springframework.beans.factory.support.AbstractAutowireCapableBeanFactory.applyBeanPostProcessorsBeforeInitialization(AbstractAutowireCapableBeanFactory.java:426) ~[spring-beans-7.0.2.jar!/:7.0.2]
	at org.springframework.beans.factory.support.AbstractAutowireCapableBeanFactory.initializeBean(AbstractAutowireCapableBeanFactory.java:1809) ~[spring-beans-7.0.2.jar!/:7.0.2]
	at org.springframework.beans.factory.support.AbstractAutowireCapableBeanFactory.doCreateBean(AbstractAutowireCapableBeanFactory.java:603) ~[spring-beans-7.0.2.jar!/:7.0.2]
	at org.springframework.beans.factory.support.AbstractAutowireCapableBeanFactory.createBean(AbstractAutowireCapableBeanFactory.java:525) ~[spring-beans-7.0.2.jar!/:7.0.2]
	at org.springframework.beans.factory.support.AbstractBeanFactory.lambda$doGetBean$0(AbstractBeanFactory.java:333) ~[spring-beans-7.0.2.jar!/:7.0.2]
	at org.springframework.beans.factory.support.DefaultSingletonBeanRegistry.getSingleton(DefaultSingletonBeanRegistry.java:371) ~[spring-beans-7.0.2.jar!/:7.0.2]
	at org.springframework.beans.factory.support.AbstractBeanFactory.doGetBean(AbstractBeanFactory.java:331) ~[spring-beans-7.0.2.jar!/:7.0.2]
	at org.springframework.beans.factory.support.AbstractBeanFactory.getBean(AbstractBeanFactory.java:196) ~[spring-beans-7.0.2.jar!/:7.0.2]
	at org.springframework.beans.factory.support.DefaultListableBeanFactory.instantiateSingleton(DefaultListableBeanFactory.java:1218) ~[spring-beans-7.0.2.jar!/:7.0.2]
	at org.springframework.beans.factory.support.DefaultListableBeanFactory.preInstantiateSingleton(DefaultListableBeanFactory.java:1184) ~[spring-beans-7.0.2.jar!/:7.0.2]
	at org.springframework.beans.factory.support.DefaultListableBeanFactory.preInstantiateSingletons(DefaultListableBeanFactory.java:1121) ~[spring-beans-7.0.2.jar!/:7.0.2]
	at org.springframework.context.support.AbstractApplicationContext.finishBeanFactoryInitialization(AbstractApplicationContext.java:993) ~[spring-context-7.0.2.jar!/:7.0.2]
	at org.springframework.context.support.AbstractApplicationContext.refresh(AbstractApplicationContext.java:620) ~[spring-context-7.0.2.jar!/:7.0.2]
	at org.springframework.boot.web.server.servlet.context.ServletWebServerApplicationContext.refresh(ServletWebServerApplicationContext.java:143) ~[spring-boot-web-server-4.0.1.jar!/:4.0.1]
	at org.springframework.boot.SpringApplication.refresh(SpringApplication.java:756) ~[spring-boot-4.0.1.jar!/:4.0.1]
	at org.springframework.boot.SpringApplication.refreshContext(SpringApplication.java:445) ~[spring-boot-4.0.1.jar!/:4.0.1]
	at org.springframework.boot.SpringApplication.run(SpringApplication.java:321) ~[spring-boot-4.0.1.jar!/:4.0.1]
	at org.springframework.boot.SpringApplication.run(SpringApplication.java:1365) ~[spring-boot-4.0.1.jar!/:4.0.1]
	at org.springframework.boot.SpringApplication.run(SpringApplication.java:1354) ~[spring-boot-4.0.1.jar!/:4.0.1]
	at com.deepapp.vn.io.DeepappMainApplication.main(DeepappMainApplication.java:10) ~[!/:0.0.1-SNAPSHOT]
	at java.base/jdk.internal.reflect.NativeMethodAccessorImpl.invoke0(Native Method) ~[na:na]
	at java.base/jdk.internal.reflect.NativeMethodAccessorImpl.invoke(Unknown Source) ~[na:na]
	at java.base/jdk.internal.reflect.DelegatingMethodAccessorImpl.invoke(Unknown Source) ~[na:na]
	at java.base/java.lang.reflect.Method.invoke(Unknown Source) ~[na:na]
	at org.springframework.boot.loader.launch.Launcher.launch(Launcher.java:106) ~[app.jar:0.0.1-SNAPSHOT]
	at org.springframework.boot.loader.launch.Launcher.launch(Launcher.java:64) ~[app.jar:0.0.1-SNAPSHOT]
	at org.springframework.boot.loader.launch.JarLauncher.main(JarLauncher.java:40) ~[app.jar:0.0.1-SNAPSHOT]
Caused by: java.lang.RuntimeException: C++ worker process terminated immediately
	at com.deepapp.vn.io.infrastructure.cpp.CppWorkerManager.startCppWorker(CppWorkerManager.java:222) ~[!/:0.0.1-SNAPSHOT]
	... 35 common frames omitted

2025-12-23T07:59:04.469Z  WARN 7 --- [deepapp_main] [main] ConfigServletWebServerApplicationContext : Exception encountered during context initialization - cancelling refresh attempt: org.springframework.beans.factory.BeanCreationException: Error creating bean with name 'cppWorkerManager': Invocation of init method failed
2025-12-23T07:59:04.471Z  INFO 7 --- [deepapp_main] [main] o.apache.catalina.core.StandardService   : Stopping service [Tomcat]
2025-12-23T07:59:04.479Z  INFO 7 --- [deepapp_main] [main] .s.b.a.l.ConditionEvaluationReportLogger : 

Error starting ApplicationContext. To display the condition evaluation report re-run your application with 'debug' enabled.
2025-12-23T07:59:04.488Z ERROR 7 --- [deepapp_main] [main] o.s.boot.SpringApplication               : Application run failed

org.springframework.beans.factory.BeanCreationException: Error creating bean with name 'cppWorkerManager': Invocation of init method failed
	at org.springframework.beans.factory.annotation.InitDestroyAnnotationBeanPostProcessor.postProcessBeforeInitialization(InitDestroyAnnotationBeanPostProcessor.java:220) ~[spring-beans-7.0.2.jar!/:7.0.2]
	at org.springframework.beans.factory.support.AbstractAutowireCapableBeanFactory.applyBeanPostProcessorsBeforeInitialization(AbstractAutowireCapableBeanFactory.java:426) ~[spring-beans-7.0.2.jar!/:7.0.2]
	at org.springframework.beans.factory.support.AbstractAutowireCapableBeanFactory.initializeBean(AbstractAutowireCapableBeanFactory.java:1809) ~[spring-beans-7.0.2.jar!/:7.0.2]
	at org.springframework.beans.factory.support.AbstractAutowireCapableBeanFactory.doCreateBean(AbstractAutowireCapableBeanFactory.java:603) ~[spring-beans-7.0.2.jar!/:7.0.2]
	at org.springframework.beans.factory.support.AbstractAutowireCapableBeanFactory.createBean(AbstractAutowireCapableBeanFactory.java:525) ~[spring-beans-7.0.2.jar!/:7.0.2]
	at org.springframework.beans.factory.support.AbstractBeanFactory.lambda$doGetBean$0(AbstractBeanFactory.java:333) ~[spring-beans-7.0.2.jar!/:7.0.2]
	at org.springframework.beans.factory.support.DefaultSingletonBeanRegistry.getSingleton(DefaultSingletonBeanRegistry.java:371) ~[spring-beans-7.0.2.jar!/:7.0.2]
	at org.springframework.beans.factory.support.AbstractBeanFactory.doGetBean(AbstractBeanFactory.java:331) ~[spring-beans-7.0.2.jar!/:7.0.2]
	at org.springframework.beans.factory.support.AbstractBeanFactory.getBean(AbstractBeanFactory.java:196) ~[spring-beans-7.0.2.jar!/:7.0.2]
	at org.springframework.beans.factory.support.DefaultListableBeanFactory.instantiateSingleton(DefaultListableBeanFactory.java:1218) ~[spring-beans-7.0.2.jar!/:7.0.2]
	at org.springframework.beans.factory.support.DefaultListableBeanFactory.preInstantiateSingleton(DefaultListableBeanFactory.java:1184) ~[spring-beans-7.0.2.jar!/:7.0.2]
	at org.springframework.beans.factory.support.DefaultListableBeanFactory.preInstantiateSingletons(DefaultListableBeanFactory.java:1121) ~[spring-beans-7.0.2.jar!/:7.0.2]
	at org.springframework.context.support.AbstractApplicationContext.finishBeanFactoryInitialization(AbstractApplicationContext.java:993) ~[spring-context-7.0.2.jar!/:7.0.2]
	at org.springframework.context.support.AbstractApplicationContext.refresh(AbstractApplicationContext.java:620) ~[spring-context-7.0.2.jar!/:7.0.2]
	at org.springframework.boot.web.server.servlet.context.ServletWebServerApplicationContext.refresh(ServletWebServerApplicationContext.java:143) ~[spring-boot-web-server-4.0.1.jar!/:4.0.1]
	at org.springframework.boot.SpringApplication.refresh(SpringApplication.java:756) ~[spring-boot-4.0.1.jar!/:4.0.1]
	at org.springframework.boot.SpringApplication.refreshContext(SpringApplication.java:445) ~[spring-boot-4.0.1.jar!/:4.0.1]
	at org.springframework.boot.SpringApplication.run(SpringApplication.java:321) ~[spring-boot-4.0.1.jar!/:4.0.1]
	at org.springframework.boot.SpringApplication.run(SpringApplication.java:1365) ~[spring-boot-4.0.1.jar!/:4.0.1]
	at org.springframework.boot.SpringApplication.run(SpringApplication.java:1354) ~[spring-boot-4.0.1.jar!/:4.0.1]
	at com.deepapp.vn.io.DeepappMainApplication.main(DeepappMainApplication.java:10) ~[!/:0.0.1-SNAPSHOT]
	at java.base/jdk.internal.reflect.NativeMethodAccessorImpl.invoke0(Native Method) ~[na:na]
	at java.base/jdk.internal.reflect.NativeMethodAccessorImpl.invoke(Unknown Source) ~[na:na]
	at java.base/jdk.internal.reflect.DelegatingMethodAccessorImpl.invoke(Unknown Source) ~[na:na]
	at java.base/java.lang.reflect.Method.invoke(Unknown Source) ~[na:na]
	at org.springframework.boot.loader.launch.Launcher.launch(Launcher.java:106) ~[app.jar:0.0.1-SNAPSHOT]
	at org.springframework.boot.loader.launch.Launcher.launch(Launcher.java:64) ~[app.jar:0.0.1-SNAPSHOT]
	at org.springframework.boot.loader.launch.JarLauncher.main(JarLauncher.java:40) ~[app.jar:0.0.1-SNAPSHOT]
Caused by: java.lang.RuntimeException: C++ worker initialization failed
	at com.deepapp.vn.io.infrastructure.cpp.CppWorkerManager.initialize(CppWorkerManager.java:80) ~[!/:0.0.1-SNAPSHOT]
	at java.base/jdk.internal.reflect.NativeMethodAccessorImpl.invoke0(Native Method) ~[na:na]
	at java.base/jdk.internal.reflect.NativeMethodAccessorImpl.invoke(Unknown Source) ~[na:na]
	at java.base/jdk.internal.reflect.DelegatingMethodAccessorImpl.invoke(Unknown Source) ~[na:na]
	at java.base/java.lang.reflect.Method.invoke(Unknown Source) ~[na:na]
	at org.springframework.beans.factory.annotation.InitDestroyAnnotationBeanPostProcessor$LifecycleMethod.invoke(InitDestroyAnnotationBeanPostProcessor.java:453) ~[spring-beans-7.0.2.jar!/:7.0.2]
	at org.springframework.beans.factory.annotation.InitDestroyAnnotationBeanPostProcessor$LifecycleMetadata.invokeInitMethods(InitDestroyAnnotationBeanPostProcessor.java:397) ~[spring-beans-7.0.2.jar!/:7.0.2]
	at org.springframework.beans.factory.annotation.InitDestroyAnnotationBeanPostProcessor.postProcessBeforeInitialization(InitDestroyAnnotationBeanPostProcessor.java:217) ~[spring-beans-7.0.2.jar!/:7.0.2]
	... 27 common frames omitted
Caused by: java.lang.RuntimeException: C++ worker start failed
	at com.deepapp.vn.io.infrastructure.cpp.CppWorkerManager.startCppWorker(CppWorkerManager.java:230) ~[!/:0.0.1-SNAPSHOT]
	at com.deepapp.vn.io.infrastructure.cpp.CppWorkerManager.initialize(CppWorkerManager.java:73) ~[!/:0.0.1-SNAPSHOT]
	... 34 common frames omitted
Caused by: java.lang.RuntimeException: C++ worker process terminated immediately
	at com.deepapp.vn.io.infrastructure.cpp.CppWorkerManager.startCppWorker(CppWorkerManager.java:222) ~[!/:0.0.1-SNAPSHOT]
	... 35 common frames omitted

2025-12-23T07:59:08.765Z  INFO 7 --- [deepapp_main] [main] c.deepapp.vn.io.DeepappMainApplication   : Starting DeepappMainApplication v0.0.1-SNAPSHOT using Java 17.0.17 with PID 7 (/app/app.jar started by root in /app)
2025-12-23T07:59:08.767Z DEBUG 7 --- [deepapp_main] [main] c.deepapp.vn.io.DeepappMainApplication   : Running with Spring Boot v4.0.1, Spring v7.0.2
2025-12-23T07:59:08.768Z  INFO 7 --- [deepapp_main] [main] c.deepapp.vn.io.DeepappMainApplication   : The following 1 profile is active: "docker"
2025-12-23T07:59:09.581Z  INFO 7 --- [deepapp_main] [main] o.s.boot.tomcat.TomcatWebServer          : Tomcat initialized with port 8080 (http)
2025-12-23T07:59:09.591Z  INFO 7 --- [deepapp_main] [main] o.apache.catalina.core.StandardService   : Starting service [Tomcat]
2025-12-23T07:59:09.592Z  INFO 7 --- [deepapp_main] [main] o.apache.catalina.core.StandardEngine    : Starting Servlet engine: [Apache Tomcat/11.0.15]
2025-12-23T07:59:09.616Z  INFO 7 --- [deepapp_main] [main] b.w.c.s.WebApplicationContextInitializer : Root WebApplicationContext: initialization completed in 811 ms
2025-12-23T07:59:09.770Z  INFO 7 --- [deepapp_main] [main] c.d.v.i.i.cpp.CppWorkerManager           : ========================================
2025-12-23T07:59:09.771Z  INFO 7 --- [deepapp_main] [main] c.d.v.i.i.cpp.CppWorkerManager           : C++ Worker Manager - Initialization
2025-12-23T07:59:09.771Z  INFO 7 --- [deepapp_main] [main] c.d.v.i.i.cpp.CppWorkerManager           : ========================================
2025-12-23T07:59:09.771Z  INFO 7 --- [deepapp_main] [main] c.d.v.i.i.cpp.CppWorkerManager           : Starting C++ worker process...
2025-12-23T07:59:09.771Z  INFO 7 --- [deepapp_main] [main] c.d.v.i.i.cpp.CppWorkerManager           :   gRPC Server: 72.60.111.138:50051:50051
2025-12-23T07:59:09.771Z  INFO 7 --- [deepapp_main] [main] c.d.v.i.i.cpp.CppWorkerManager           :   Client ID: cpp-worker
2025-12-23T07:59:09.786Z  INFO 7 --- [deepapp_main] [cpp-worker-output] c.d.v.i.i.cpp.CppWorkerManager           : [C++ Worker] [AAA0_0100_Worker] Initialized
2025-12-23T07:59:09.787Z  INFO 7 --- [deepapp_main] [cpp-worker-output] c.d.v.i.i.cpp.CppWorkerManager           : [C++ Worker] [WorkerRegistry] Registered worker: AAA0_0100_W -> AAA0_0100_Worker
2025-12-23T07:59:09.788Z  INFO 7 --- [deepapp_main] [cpp-worker-output] c.d.v.i.i.cpp.CppWorkerManager           : [C++ Worker] [AAA0_0200_Worker] Initialized
2025-12-23T07:59:09.788Z  INFO 7 --- [deepapp_main] [cpp-worker-output] c.d.v.i.i.cpp.CppWorkerManager           : [C++ Worker] [WorkerRegistry] Registered worker: AAA0_0200_W -> AAA0_0200_Worker
2025-12-23T07:59:09.788Z  INFO 7 --- [deepapp_main] [cpp-worker-output] c.d.v.i.i.cpp.CppWorkerManager           : [C++ Worker] ========================================
2025-12-23T07:59:09.788Z  INFO 7 --- [deepapp_main] [cpp-worker-output] c.d.v.i.i.cpp.CppWorkerManager           : [C++ Worker] DeepApp C++ Worker Application
2025-12-23T07:59:09.789Z  INFO 7 --- [deepapp_main] [cpp-worker-output] c.d.v.i.i.cpp.CppWorkerManager           : [C++ Worker] ========================================
2025-12-23T07:59:09.789Z  INFO 7 --- [deepapp_main] [cpp-worker-output] c.d.v.i.i.cpp.CppWorkerManager           : [C++ Worker] [Main] Configuration:
2025-12-23T07:59:09.789Z  INFO 7 --- [deepapp_main] [cpp-worker-output] c.d.v.i.i.cpp.CppWorkerManager           : [C++ Worker]   Server: 72.60.111.138:50051:50051
2025-12-23T07:59:09.790Z  INFO 7 --- [deepapp_main] [cpp-worker-output] c.d.v.i.i.cpp.CppWorkerManager           : [C++ Worker]   Client ID: cpp-worker
2025-12-23T07:59:09.790Z  INFO 7 --- [deepapp_main] [cpp-worker-output] c.d.v.i.i.cpp.CppWorkerManager           : [C++ Worker] 
2025-12-23T07:59:09.790Z  INFO 7 --- [deepapp_main] [cpp-worker-output] c.d.v.i.i.cpp.CppWorkerManager           : [C++ Worker] [Main] Worker Registry Status:
2025-12-23T07:59:09.791Z  INFO 7 --- [deepapp_main] [cpp-worker-output] c.d.v.i.i.cpp.CppWorkerManager           : [C++ Worker]   Total workers: 2
2025-12-23T07:59:09.791Z  INFO 7 --- [deepapp_main] [cpp-worker-output] c.d.v.i.i.cpp.CppWorkerManager           : [C++ Worker]   ✓ Registered workers:
2025-12-23T07:59:09.792Z  INFO 7 --- [deepapp_main] [cpp-worker-output] c.d.v.i.i.cpp.CppWorkerManager           : [C++ Worker]     - AAA0_0100_W (AAA0_0100_Worker)
2025-12-23T07:59:09.792Z  INFO 7 --- [deepapp_main] [cpp-worker-output] c.d.v.i.i.cpp.CppWorkerManager           : [C++ Worker]     - AAA0_0200_W (AAA0_0200_Worker)
2025-12-23T07:59:09.792Z ERROR 7 --- [deepapp_main] [cpp-worker-error] c.d.v.i.i.cpp.CppWorkerManager           : [C++ Worker ERROR] [GrpcWorkerClient] Failed to send connect message
2025-12-23T07:59:09.792Z  INFO 7 --- [deepapp_main] [cpp-worker-output] c.d.v.i.i.cpp.CppWorkerManager           : [C++ Worker] 
2025-12-23T07:59:09.793Z  INFO 7 --- [deepapp_main] [cpp-worker-output] c.d.v.i.i.cpp.CppWorkerManager           : [C++ Worker] [Main] Starting gRPC worker client...
2025-12-23T07:59:09.794Z  INFO 7 --- [deepapp_main] [cpp-worker-output] c.d.v.i.i.cpp.CppWorkerManager           : [C++ Worker] ========================================
2025-12-23T07:59:09.794Z  INFO 7 --- [deepapp_main] [cpp-worker-output] c.d.v.i.i.cpp.CppWorkerManager           : [C++ Worker] 
2025-12-23T07:59:09.794Z  INFO 7 --- [deepapp_main] [cpp-worker-output] c.d.v.i.i.cpp.CppWorkerManager           : [C++ Worker] [GrpcWorkerClient] Connecting to 72.60.111.138:50051:50051 with client_id: cpp-worker
2025-12-23T07:59:09.795Z  INFO 7 --- [deepapp_main] [cpp-worker-output] c.d.v.i.i.cpp.CppWorkerManager           : [C++ Worker] [Main] Client stopped.
2025-12-23T07:59:11.891Z ERROR 7 --- [deepapp_main] [main] c.d.v.i.i.cpp.CppWorkerManager           : Failed to start C++ worker

java.lang.RuntimeException: C++ worker process terminated immediately
	at com.deepapp.vn.io.infrastructure.cpp.CppWorkerManager.startCppWorker(CppWorkerManager.java:222) ~[!/:0.0.1-SNAPSHOT]
	at com.deepapp.vn.io.infrastructure.cpp.CppWorkerManager.initialize(CppWorkerManager.java:73) ~[!/:0.0.1-SNAPSHOT]
	at java.base/jdk.internal.reflect.NativeMethodAccessorImpl.invoke0(Native Method) ~[na:na]
	at java.base/jdk.internal.reflect.NativeMethodAccessorImpl.invoke(Unknown Source) ~[na:na]
	at java.base/jdk.internal.reflect.DelegatingMethodAccessorImpl.invoke(Unknown Source) ~[na:na]
	at java.base/java.lang.reflect.Method.invoke(Unknown Source) ~[na:na]
	at org.springframework.beans.factory.annotation.InitDestroyAnnotationBeanPostProcessor$LifecycleMethod.invoke(InitDestroyAnnotationBeanPostProcessor.java:453) ~[spring-beans-7.0.2.jar!/:7.0.2]
	at org.springframework.beans.factory.annotation.InitDestroyAnnotationBeanPostProcessor$LifecycleMetadata.invokeInitMethods(InitDestroyAnnotationBeanPostProcessor.java:397) ~[spring-beans-7.0.2.jar!/:7.0.2]
	at org.springframework.beans.factory.annotation.InitDestroyAnnotationBeanPostProcessor.postProcessBeforeInitialization(InitDestroyAnnotationBeanPostProcessor.java:217) ~[spring-beans-7.0.2.jar!/:7.0.2]
	at org.springframework.beans.factory.support.AbstractAutowireCapableBeanFactory.applyBeanPostProcessorsBeforeInitialization(AbstractAutowireCapableBeanFactory.java:426) ~[spring-beans-7.0.2.jar!/:7.0.2]
	at org.springframework.beans.factory.support.AbstractAutowireCapableBeanFactory.initializeBean(AbstractAutowireCapableBeanFactory.java:1809) ~[spring-beans-7.0.2.jar!/:7.0.2]
	at org.springframework.beans.factory.support.AbstractAutowireCapableBeanFactory.doCreateBean(AbstractAutowireCapableBeanFactory.java:603) ~[spring-beans-7.0.2.jar!/:7.0.2]
	at org.springframework.beans.factory.support.AbstractAutowireCapableBeanFactory.createBean(AbstractAutowireCapableBeanFactory.java:525) ~[spring-beans-7.0.2.jar!/:7.0.2]
	at org.springframework.beans.factory.support.AbstractBeanFactory.lambda$doGetBean$0(AbstractBeanFactory.java:333) ~[spring-beans-7.0.2.jar!/:7.0.2]
	at org.springframework.beans.factory.support.DefaultSingletonBeanRegistry.getSingleton(DefaultSingletonBeanRegistry.java:371) ~[spring-beans-7.0.2.jar!/:7.0.2]
	at org.springframework.beans.factory.support.AbstractBeanFactory.doGetBean(AbstractBeanFactory.java:331) ~[spring-beans-7.0.2.jar!/:7.0.2]
	at org.springframework.beans.factory.support.AbstractBeanFactory.getBean(AbstractBeanFactory.java:196) ~[spring-beans-7.0.2.jar!/:7.0.2]
	at org.springframework.beans.factory.support.DefaultListableBeanFactory.instantiateSingleton(DefaultListableBeanFactory.java:1218) ~[spring-beans-7.0.2.jar!/:7.0.2]
	at org.springframework.beans.factory.support.DefaultListableBeanFactory.preInstantiateSingleton(DefaultListableBeanFactory.java:1184) ~[spring-beans-7.0.2.jar!/:7.0.2]
	at org.springframework.beans.factory.support.DefaultListableBeanFactory.preInstantiateSingletons(DefaultListableBeanFactory.java:1121) ~[spring-beans-7.0.2.jar!/:7.0.2]
	at org.springframework.context.support.AbstractApplicationContext.finishBeanFactoryInitialization(AbstractApplicationContext.java:993) ~[spring-context-7.0.2.jar!/:7.0.2]
	at org.springframework.context.support.AbstractApplicationContext.refresh(AbstractApplicationContext.java:620) ~[spring-context-7.0.2.jar!/:7.0.2]
	at org.springframework.boot.web.server.servlet.context.ServletWebServerApplicationContext.refresh(ServletWebServerApplicationContext.java:143) ~[spring-boot-web-server-4.0.1.jar!/:4.0.1]
	at org.springframework.boot.SpringApplication.refresh(SpringApplication.java:756) ~[spring-boot-4.0.1.jar!/:4.0.1]
	at org.springframework.boot.SpringApplication.refreshContext(SpringApplication.java:445) ~[spring-boot-4.0.1.jar!/:4.0.1]
	at org.springframework.boot.SpringApplication.run(SpringApplication.java:321) ~[spring-boot-4.0.1.jar!/:4.0.1]
	at org.springframework.boot.SpringApplication.run(SpringApplication.java:1365) ~[spring-boot-4.0.1.jar!/:4.0.1]
	at org.springframework.boot.SpringApplication.run(SpringApplication.java:1354) ~[spring-boot-4.0.1.jar!/:4.0.1]
	at com.deepapp.vn.io.DeepappMainApplication.main(DeepappMainApplication.java:10) ~[!/:0.0.1-SNAPSHOT]
	at java.base/jdk.internal.reflect.NativeMethodAccessorImpl.invoke0(Native Method) ~[na:na]
	at java.base/jdk.internal.reflect.NativeMethodAccessorImpl.invoke(Unknown Source) ~[na:na]
	at java.base/jdk.internal.reflect.DelegatingMethodAccessorImpl.invoke(Unknown Source) ~[na:na]
	at java.base/java.lang.reflect.Method.invoke(Unknown Source) ~[na:na]
	at org.springframework.boot.loader.launch.Launcher.launch(Launcher.java:106) ~[app.jar:0.0.1-SNAPSHOT]
	at org.springframework.boot.loader.launch.Launcher.launch(Launcher.java:64) ~[app.jar:0.0.1-SNAPSHOT]
	at org.springframework.boot.loader.launch.JarLauncher.main(JarLauncher.java:40) ~[app.jar:0.0.1-SNAPSHOT]

2025-12-23T07:59:11.901Z ERROR 7 --- [deepapp_main] [main] c.d.v.i.i.cpp.CppWorkerManager           : Failed to initialize C++ worker manager

java.lang.RuntimeException: C++ worker start failed
	at com.deepapp.vn.io.infrastructure.cpp.CppWorkerManager.startCppWorker(CppWorkerManager.java:230) ~[!/:0.0.1-SNAPSHOT]
	at com.deepapp.vn.io.infrastructure.cpp.CppWorkerManager.initialize(CppWorkerManager.java:73) ~[!/:0.0.1-SNAPSHOT]
	at java.base/jdk.internal.reflect.NativeMethodAccessorImpl.invoke0(Native Method) ~[na:na]
	at java.base/jdk.internal.reflect.NativeMethodAccessorImpl.invoke(Unknown Source) ~[na:na]
	at java.base/jdk.internal.reflect.DelegatingMethodAccessorImpl.invoke(Unknown Source) ~[na:na]
	at java.base/java.lang.reflect.Method.invoke(Unknown Source) ~[na:na]
	at org.springframework.beans.factory.annotation.InitDestroyAnnotationBeanPostProcessor$LifecycleMethod.invoke(InitDestroyAnnotationBeanPostProcessor.java:453) ~[spring-beans-7.0.2.jar!/:7.0.2]
	at org.springframework.beans.factory.annotation.InitDestroyAnnotationBeanPostProcessor$LifecycleMetadata.invokeInitMethods(InitDestroyAnnotationBeanPostProcessor.java:397) ~[spring-beans-7.0.2.jar!/:7.0.2]
	at org.springframework.beans.factory.annotation.InitDestroyAnnotationBeanPostProcessor.postProcessBeforeInitialization(InitDestroyAnnotationBeanPostProcessor.java:217) ~[spring-beans-7.0.2.jar!/:7.0.2]
	at org.springframework.beans.factory.support.AbstractAutowireCapableBeanFactory.applyBeanPostProcessorsBeforeInitialization(AbstractAutowireCapableBeanFactory.java:426) ~[spring-beans-7.0.2.jar!/:7.0.2]
	at org.springframework.beans.factory.support.AbstractAutowireCapableBeanFactory.initializeBean(AbstractAutowireCapableBeanFactory.java:1809) ~[spring-beans-7.0.2.jar!/:7.0.2]
	at org.springframework.beans.factory.support.AbstractAutowireCapableBeanFactory.doCreateBean(AbstractAutowireCapableBeanFactory.java:603) ~[spring-beans-7.0.2.jar!/:7.0.2]
	at org.springframework.beans.factory.support.AbstractAutowireCapableBeanFactory.createBean(AbstractAutowireCapableBeanFactory.java:525) ~[spring-beans-7.0.2.jar!/:7.0.2]
	at org.springframework.beans.factory.support.AbstractBeanFactory.lambda$doGetBean$0(AbstractBeanFactory.java:333) ~[spring-beans-7.0.2.jar!/:7.0.2]
	at org.springframework.beans.factory.support.DefaultSingletonBeanRegistry.getSingleton(DefaultSingletonBeanRegistry.java:371) ~[spring-beans-7.0.2.jar!/:7.0.2]
	at org.springframework.beans.factory.support.AbstractBeanFactory.doGetBean(AbstractBeanFactory.java:331) ~[spring-beans-7.0.2.jar!/:7.0.2]
	at org.springframework.beans.factory.support.AbstractBeanFactory.getBean(AbstractBeanFactory.java:196) ~[spring-beans-7.0.2.jar!/:7.0.2]
	at org.springframework.beans.factory.support.DefaultListableBeanFactory.instantiateSingleton(DefaultListableBeanFactory.java:1218) ~[spring-beans-7.0.2.jar!/:7.0.2]
	at org.springframework.beans.factory.support.DefaultListableBeanFactory.preInstantiateSingleton(DefaultListableBeanFactory.java:1184) ~[spring-beans-7.0.2.jar!/:7.0.2]
	at org.springframework.beans.factory.support.DefaultListableBeanFactory.preInstantiateSingletons(DefaultListableBeanFactory.java:1121) ~[spring-beans-7.0.2.jar!/:7.0.2]
	at org.springframework.context.support.AbstractApplicationContext.finishBeanFactoryInitialization(AbstractApplicationContext.java:993) ~[spring-context-7.0.2.jar!/:7.0.2]
	at org.springframework.context.support.AbstractApplicationContext.refresh(AbstractApplicationContext.java:620) ~[spring-context-7.0.2.jar!/:7.0.2]
	at org.springframework.boot.web.server.servlet.context.ServletWebServerApplicationContext.refresh(ServletWebServerApplicationContext.java:143) ~[spring-boot-web-server-4.0.1.jar!/:4.0.1]
	at org.springframework.boot.SpringApplication.refresh(SpringApplication.java:756) ~[spring-boot-4.0.1.jar!/:4.0.1]
	at org.springframework.boot.SpringApplication.refreshContext(SpringApplication.java:445) ~[spring-boot-4.0.1.jar!/:4.0.1]
	at org.springframework.boot.SpringApplication.run(SpringApplication.java:321) ~[spring-boot-4.0.1.jar!/:4.0.1]
	at org.springframework.boot.SpringApplication.run(SpringApplication.java:1365) ~[spring-boot-4.0.1.jar!/:4.0.1]
	at org.springframework.boot.SpringApplication.run(SpringApplication.java:1354) ~[spring-boot-4.0.1.jar!/:4.0.1]
	at com.deepapp.vn.io.DeepappMainApplication.main(DeepappMainApplication.java:10) ~[!/:0.0.1-SNAPSHOT]
	at java.base/jdk.internal.reflect.NativeMethodAccessorImpl.invoke0(Native Method) ~[na:na]
	at java.base/jdk.internal.reflect.NativeMethodAccessorImpl.invoke(Unknown Source) ~[na:na]
	at java.base/jdk.internal.reflect.DelegatingMethodAccessorImpl.invoke(Unknown Source) ~[na:na]
	at java.base/java.lang.reflect.Method.invoke(Unknown Source) ~[na:na]
	at org.springframework.boot.loader.launch.Launcher.launch(Launcher.java:106) ~[app.jar:0.0.1-SNAPSHOT]
	at org.springframework.boot.loader.launch.Launcher.launch(Launcher.java:64) ~[app.jar:0.0.1-SNAPSHOT]
	at org.springframework.boot.loader.launch.JarLauncher.main(JarLauncher.java:40) ~[app.jar:0.0.1-SNAPSHOT]
Caused by: java.lang.RuntimeException: C++ worker process terminated immediately
	at com.deepapp.vn.io.infrastructure.cpp.CppWorkerManager.startCppWorker(CppWorkerManager.java:222) ~[!/:0.0.1-SNAPSHOT]
	... 35 common frames omitted

2025-12-23T07:59:11.904Z  WARN 7 --- [deepapp_main] [main] ConfigServletWebServerApplicationContext : Exception encountered during context initialization - cancelling refresh attempt: org.springframework.beans.factory.BeanCreationException: Error creating bean with name 'cppWorkerManager': Invocation of init method failed
2025-12-23T07:59:11.909Z  INFO 7 --- [deepapp_main] [main] o.apache.catalina.core.StandardService   : Stopping service [Tomcat]
2025-12-23T07:59:11.920Z  INFO 7 --- [deepapp_main] [main] .s.b.a.l.ConditionEvaluationReportLogger : 

Error starting ApplicationContext. To display the condition evaluation report re-run your application with 'debug' enabled.
2025-12-23T07:59:11.932Z ERROR 7 --- [deepapp_main] [main] o.s.boot.SpringApplication               : Application run failed

org.springframework.beans.factory.BeanCreationException: Error creating bean with name 'cppWorkerManager': Invocation of init method failed
	at org.springframework.beans.factory.annotation.InitDestroyAnnotationBeanPostProcessor.postProcessBeforeInitialization(InitDestroyAnnotationBeanPostProcessor.java:220) ~[spring-beans-7.0.2.jar!/:7.0.2]
	at org.springframework.beans.factory.support.AbstractAutowireCapableBeanFactory.applyBeanPostProcessorsBeforeInitialization(AbstractAutowireCapableBeanFactory.java:426) ~[spring-beans-7.0.2.jar!/:7.0.2]
	at org.springframework.beans.factory.support.AbstractAutowireCapableBeanFactory.initializeBean(AbstractAutowireCapableBeanFactory.java:1809) ~[spring-beans-7.0.2.jar!/:7.0.2]
	at org.springframework.beans.factory.support.AbstractAutowireCapableBeanFactory.doCreateBean(AbstractAutowireCapableBeanFactory.java:603) ~[spring-beans-7.0.2.jar!/:7.0.2]
	at org.springframework.beans.factory.support.AbstractAutowireCapableBeanFactory.createBean(AbstractAutowireCapableBeanFactory.java:525) ~[spring-beans-7.0.2.jar!/:7.0.2]
	at org.springframework.beans.factory.support.AbstractBeanFactory.lambda$doGetBean$0(AbstractBeanFactory.java:333) ~[spring-beans-7.0.2.jar!/:7.0.2]
	at org.springframework.beans.factory.support.DefaultSingletonBeanRegistry.getSingleton(DefaultSingletonBeanRegistry.java:371) ~[spring-beans-7.0.2.jar!/:7.0.2]
	at org.springframework.beans.factory.support.AbstractBeanFactory.doGetBean(AbstractBeanFactory.java:331) ~[spring-beans-7.0.2.jar!/:7.0.2]
	at org.springframework.beans.factory.support.AbstractBeanFactory.getBean(AbstractBeanFactory.java:196) ~[spring-beans-7.0.2.jar!/:7.0.2]
	at org.springframework.beans.factory.support.DefaultListableBeanFactory.instantiateSingleton(DefaultListableBeanFactory.java:1218) ~[spring-beans-7.0.2.jar!/:7.0.2]
	at org.springframework.beans.factory.support.DefaultListableBeanFactory.preInstantiateSingleton(DefaultListableBeanFactory.java:1184) ~[spring-beans-7.0.2.jar!/:7.0.2]
	at org.springframework.beans.factory.support.DefaultListableBeanFactory.preInstantiateSingletons(DefaultListableBeanFactory.java:1121) ~[spring-beans-7.0.2.jar!/:7.0.2]
	at org.springframework.context.support.AbstractApplicationContext.finishBeanFactoryInitialization(AbstractApplicationContext.java:993) ~[spring-context-7.0.2.jar!/:7.0.2]
	at org.springframework.context.support.AbstractApplicationContext.refresh(AbstractApplicationContext.java:620) ~[spring-context-7.0.2.jar!/:7.0.2]
	at org.springframework.boot.web.server.servlet.context.ServletWebServerApplicationContext.refresh(ServletWebServerApplicationContext.java:143) ~[spring-boot-web-server-4.0.1.jar!/:4.0.1]
	at org.springframework.boot.SpringApplication.refresh(SpringApplication.java:756) ~[spring-boot-4.0.1.jar!/:4.0.1]
	at org.springframework.boot.SpringApplication.refreshContext(SpringApplication.java:445) ~[spring-boot-4.0.1.jar!/:4.0.1]
	at org.springframework.boot.SpringApplication.run(SpringApplication.java:321) ~[spring-boot-4.0.1.jar!/:4.0.1]
	at org.springframework.boot.SpringApplication.run(SpringApplication.java:1365) ~[spring-boot-4.0.1.jar!/:4.0.1]
	at org.springframework.boot.SpringApplication.run(SpringApplication.java:1354) ~[spring-boot-4.0.1.jar!/:4.0.1]
	at com.deepapp.vn.io.DeepappMainApplication.main(DeepappMainApplication.java:10) ~[!/:0.0.1-SNAPSHOT]
	at java.base/jdk.internal.reflect.NativeMethodAccessorImpl.invoke0(Native Method) ~[na:na]
	at java.base/jdk.internal.reflect.NativeMethodAccessorImpl.invoke(Unknown Source) ~[na:na]
	at java.base/jdk.internal.reflect.DelegatingMethodAccessorImpl.invoke(Unknown Source) ~[na:na]
	at java.base/java.lang.reflect.Method.invoke(Unknown Source) ~[na:na]
	at org.springframework.boot.loader.launch.Launcher.launch(Launcher.java:106) ~[app.jar:0.0.1-SNAPSHOT]
	at org.springframework.boot.loader.launch.Launcher.launch(Launcher.java:64) ~[app.jar:0.0.1-SNAPSHOT]
	at org.springframework.boot.loader.launch.JarLauncher.main(JarLauncher.java:40) ~[app.jar:0.0.1-SNAPSHOT]
Caused by: java.lang.RuntimeException: C++ worker initialization failed
	at com.deepapp.vn.io.infrastructure.cpp.CppWorkerManager.initialize(CppWorkerManager.java:80) ~[!/:0.0.1-SNAPSHOT]
	at java.base/jdk.internal.reflect.NativeMethodAccessorImpl.invoke0(Native Method) ~[na:na]
	at java.base/jdk.internal.reflect.NativeMethodAccessorImpl.invoke(Unknown Source) ~[na:na]
	at java.base/jdk.internal.reflect.DelegatingMethodAccessorImpl.invoke(Unknown Source) ~[na:na]
	at java.base/java.lang.reflect.Method.invoke(Unknown Source) ~[na:na]
	at org.springframework.beans.factory.annotation.InitDestroyAnnotationBeanPostProcessor$LifecycleMethod.invoke(InitDestroyAnnotationBeanPostProcessor.java:453) ~[spring-beans-7.0.2.jar!/:7.0.2]
	at org.springframework.beans.factory.annotation.InitDestroyAnnotationBeanPostProcessor$LifecycleMetadata.invokeInitMethods(InitDestroyAnnotationBeanPostProcessor.java:397) ~[spring-beans-7.0.2.jar!/:7.0.2]
	at org.springframework.beans.factory.annotation.InitDestroyAnnotationBeanPostProcessor.postProcessBeforeInitialization(InitDestroyAnnotationBeanPostProcessor.java:217) ~[spring-beans-7.0.2.jar!/:7.0.2]
	... 27 common frames omitted
Caused by: java.lang.RuntimeException: C++ worker start failed
	at com.deepapp.vn.io.infrastructure.cpp.CppWorkerManager.startCppWorker(CppWorkerManager.java:230) ~[!/:0.0.1-SNAPSHOT]
	at com.deepapp.vn.io.infrastructure.cpp.CppWorkerManager.initialize(CppWorkerManager.java:73) ~[!/:0.0.1-SNAPSHOT]
	... 34 common frames omitted
Caused by: java.lang.RuntimeException: C++ worker process terminated immediately
	at com.deepapp.vn.io.infrastructure.cpp.CppWorkerManager.startCppWorker(CppWorkerManager.java:222) ~[!/:0.0.1-SNAPSHOT]
	... 35 common frames omitted

2025-12-23T07:59:19.460Z  INFO 7 --- [deepapp_main] [main] c.deepapp.vn.io.DeepappMainApplication   : Starting DeepappMainApplication v0.0.1-SNAPSHOT using Java 17.0.17 with PID 7 (/app/app.jar started by root in /app)
2025-12-23T07:59:19.462Z DEBUG 7 --- [deepapp_main] [main] c.deepapp.vn.io.DeepappMainApplication   : Running with Spring Boot v4.0.1, Spring v7.0.2
2025-12-23T07:59:19.463Z  INFO 7 --- [deepapp_main] [main] c.deepapp.vn.io.DeepappMainApplication   : The following 1 profile is active: "docker"
2025-12-23T07:59:20.351Z  INFO 7 --- [deepapp_main] [main] o.s.boot.tomcat.TomcatWebServer          : Tomcat initialized with port 8080 (http)
2025-12-23T07:59:20.363Z  INFO 7 --- [deepapp_main] [main] o.apache.catalina.core.StandardService   : Starting service [Tomcat]
2025-12-23T07:59:20.364Z  INFO 7 --- [deepapp_main] [main] o.apache.catalina.core.StandardEngine    : Starting Servlet engine: [Apache Tomcat/11.0.15]
2025-12-23T07:59:20.387Z  INFO 7 --- [deepapp_main] [main] b.w.c.s.WebApplicationContextInitializer : Root WebApplicationContext: initialization completed in 886 ms
2025-12-23T07:59:20.534Z  INFO 7 --- [deepapp_main] [main] c.d.v.i.i.cpp.CppWorkerManager           : ========================================
2025-12-23T07:59:20.534Z  INFO 7 --- [deepapp_main] [main] c.d.v.i.i.cpp.CppWorkerManager           : C++ Worker Manager - Initialization
2025-12-23T07:59:20.534Z  INFO 7 --- [deepapp_main] [main] c.d.v.i.i.cpp.CppWorkerManager           : ========================================
2025-12-23T07:59:20.534Z  INFO 7 --- [deepapp_main] [main] c.d.v.i.i.cpp.CppWorkerManager           : Starting C++ worker process...
2025-12-23T07:59:20.534Z  INFO 7 --- [deepapp_main] [main] c.d.v.i.i.cpp.CppWorkerManager           :   gRPC Server: 72.60.111.138:50051
2025-12-23T07:59:20.534Z  INFO 7 --- [deepapp_main] [main] c.d.v.i.i.cpp.CppWorkerManager           :   Client ID: cpp-worker
2025-12-23T07:59:20.544Z  INFO 7 --- [deepapp_main] [cpp-worker-output] c.d.v.i.i.cpp.CppWorkerManager           : [C++ Worker] [AAA0_0100_Worker] Initialized
2025-12-23T07:59:20.544Z  INFO 7 --- [deepapp_main] [cpp-worker-output] c.d.v.i.i.cpp.CppWorkerManager           : [C++ Worker] [WorkerRegistry] Registered worker: AAA0_0100_W -> AAA0_0100_Worker
2025-12-23T07:59:20.544Z  INFO 7 --- [deepapp_main] [cpp-worker-output] c.d.v.i.i.cpp.CppWorkerManager           : [C++ Worker] [AAA0_0200_Worker] Initialized
2025-12-23T07:59:20.544Z  INFO 7 --- [deepapp_main] [cpp-worker-output] c.d.v.i.i.cpp.CppWorkerManager           : [C++ Worker] [WorkerRegistry] Registered worker: AAA0_0200_W -> AAA0_0200_Worker
2025-12-23T07:59:20.544Z  INFO 7 --- [deepapp_main] [cpp-worker-output] c.d.v.i.i.cpp.CppWorkerManager           : [C++ Worker] ========================================
2025-12-23T07:59:20.544Z  INFO 7 --- [deepapp_main] [cpp-worker-output] c.d.v.i.i.cpp.CppWorkerManager           : [C++ Worker] DeepApp C++ Worker Application
2025-12-23T07:59:20.544Z  INFO 7 --- [deepapp_main] [cpp-worker-output] c.d.v.i.i.cpp.CppWorkerManager           : [C++ Worker] ========================================
2025-12-23T07:59:20.545Z  INFO 7 --- [deepapp_main] [cpp-worker-output] c.d.v.i.i.cpp.CppWorkerManager           : [C++ Worker] [Main] Configuration:
2025-12-23T07:59:20.545Z  INFO 7 --- [deepapp_main] [cpp-worker-output] c.d.v.i.i.cpp.CppWorkerManager           : [C++ Worker]   Server: 72.60.111.138:50051
2025-12-23T07:59:20.545Z  INFO 7 --- [deepapp_main] [cpp-worker-output] c.d.v.i.i.cpp.CppWorkerManager           : [C++ Worker]   Client ID: cpp-worker
2025-12-23T07:59:20.545Z  INFO 7 --- [deepapp_main] [cpp-worker-output] c.d.v.i.i.cpp.CppWorkerManager           : [C++ Worker] 
2025-12-23T07:59:20.546Z  INFO 7 --- [deepapp_main] [cpp-worker-output] c.d.v.i.i.cpp.CppWorkerManager           : [C++ Worker] [Main] Worker Registry Status:
2025-12-23T07:59:20.546Z  INFO 7 --- [deepapp_main] [cpp-worker-output] c.d.v.i.i.cpp.CppWorkerManager           : [C++ Worker]   Total workers: 2
2025-12-23T07:59:20.546Z  INFO 7 --- [deepapp_main] [cpp-worker-output] c.d.v.i.i.cpp.CppWorkerManager           : [C++ Worker]   ✓ Registered workers:
2025-12-23T07:59:20.546Z  INFO 7 --- [deepapp_main] [cpp-worker-output] c.d.v.i.i.cpp.CppWorkerManager           : [C++ Worker]     - AAA0_0100_W (AAA0_0100_Worker)
2025-12-23T07:59:20.547Z  INFO 7 --- [deepapp_main] [cpp-worker-output] c.d.v.i.i.cpp.CppWorkerManager           : [C++ Worker]     - AAA0_0200_W (AAA0_0200_Worker)
2025-12-23T07:59:20.547Z  INFO 7 --- [deepapp_main] [cpp-worker-output] c.d.v.i.i.cpp.CppWorkerManager           : [C++ Worker] 
2025-12-23T07:59:20.547Z  INFO 7 --- [deepapp_main] [cpp-worker-output] c.d.v.i.i.cpp.CppWorkerManager           : [C++ Worker] [Main] Starting gRPC worker client...
2025-12-23T07:59:20.547Z  INFO 7 --- [deepapp_main] [cpp-worker-output] c.d.v.i.i.cpp.CppWorkerManager           : [C++ Worker] ========================================
2025-12-23T07:59:20.547Z  INFO 7 --- [deepapp_main] [cpp-worker-output] c.d.v.i.i.cpp.CppWorkerManager           : [C++ Worker] 
2025-12-23T07:59:20.547Z  INFO 7 --- [deepapp_main] [cpp-worker-output] c.d.v.i.i.cpp.CppWorkerManager           : [C++ Worker] [GrpcWorkerClient] Connecting to 72.60.111.138:50051 with client_id: cpp-worker
2025-12-23T07:59:20.592Z  INFO 7 --- [deepapp_main] [cpp-worker-output] c.d.v.i.i.cpp.CppWorkerManager           : [C++ Worker] [GrpcWorkerClient] Connected! Waiting for tasks...
2025-12-23T07:59:20.592Z  INFO 7 --- [deepapp_main] [cpp-worker-output] c.d.v.i.i.cpp.CppWorkerManager           : [C++ Worker] [GrpcWorkerClient] Registered 2 workers:
2025-12-23T07:59:20.592Z  INFO 7 --- [deepapp_main] [cpp-worker-output] c.d.v.i.i.cpp.CppWorkerManager           : [C++ Worker]   - AAA0_0100_W
2025-12-23T07:59:20.593Z  INFO 7 --- [deepapp_main] [cpp-worker-output] c.d.v.i.i.cpp.CppWorkerManager           : [C++ Worker]   - AAA0_0200_W
2025-12-23T07:59:20.633Z  INFO 7 --- [deepapp_main] [cpp-worker-output] c.d.v.i.i.cpp.CppWorkerManager           : [C++ Worker] 
2025-12-23T07:59:20.633Z  INFO 7 --- [deepapp_main] [cpp-worker-output] c.d.v.i.i.cpp.CppWorkerManager           : [C++ Worker] [GrpcWorkerClient] Received event:
2025-12-23T07:59:20.633Z  INFO 7 --- [deepapp_main] [cpp-worker-output] c.d.v.i.i.cpp.CppWorkerManager           : [C++ Worker]   From: server
2025-12-23T07:59:20.633Z  INFO 7 --- [deepapp_main] [cpp-worker-output] c.d.v.i.i.cpp.CppWorkerManager           : [C++ Worker]   To: cpp-worker
2025-12-23T07:59:20.633Z  INFO 7 --- [deepapp_main] [cpp-worker-output] c.d.v.i.i.cpp.CppWorkerManager           : [C++ Worker]   Type: connected
2025-12-23T07:59:20.634Z  INFO 7 --- [deepapp_main] [cpp-worker-output] c.d.v.i.i.cpp.CppWorkerManager           : [C++ Worker]   Payload: cpp-worker
2025-12-23T07:59:20.634Z  INFO 7 --- [deepapp_main] [cpp-worker-output] c.d.v.i.i.cpp.CppWorkerManager           : [C++ Worker]   TaskId (from targetId): cpp-worker
2025-12-23T07:59:20.634Z  INFO 7 --- [deepapp_main] [cpp-worker-output] c.d.v.i.i.cpp.CppWorkerManager           : [C++ Worker]   Result: {"error":"Worker not found: cpp-worker"}
2025-12-23T07:59:20.634Z  INFO 7 --- [deepapp_main] [cpp-worker-output] c.d.v.i.i.cpp.CppWorkerManager           : [C++ Worker] [GrpcWorkerClient] Response sent!
2025-12-23T07:59:22.539Z  INFO 7 --- [deepapp_main] [main] c.d.v.i.i.cpp.CppWorkerManager           : C++ worker process started successfully (PID: 52)
2025-12-23T07:59:22.540Z  INFO 7 --- [deepapp_main] [main] c.d.v.i.i.cpp.CppWorkerManager           : C++ Worker Manager initialized successfully
2025-12-23T07:59:22.540Z  INFO 7 --- [deepapp_main] [main] c.d.v.i.i.cpp.CppWorkerManager           : ========================================
2025-12-23T07:59:22.548Z  INFO 7 --- [deepapp_main] [main] c.deepapp.vn.io.workers.CppWorkerClient  : CppWorkerClient created with host=72.60.111.138, port=50051
2025-12-23T07:59:22.550Z  INFO 7 --- [deepapp_main] [main] c.d.v.i.i.grpc.BaseGrpcClientService     : Initializing gRPC client 'java-cpp-client' to 72.60.111.138:50051
2025-12-23T07:59:22.714Z  INFO 7 --- [deepapp_main] [main] c.d.v.i.i.grpc.BaseGrpcClientService     : Sent connection message for client 'java-cpp-client'
2025-12-23T07:59:22.714Z  INFO 7 --- [deepapp_main] [main] c.d.v.i.i.grpc.BaseGrpcClientService     : gRPC client 'java-cpp-client' initialized successfully
2025-12-23T07:59:22.714Z  INFO 7 --- [deepapp_main] [main] c.deepapp.vn.io.workers.CppWorkerClient  : C++ Worker Client initialized - target: cpp-worker
2025-12-23T07:59:22.717Z  INFO 7 --- [deepapp_main] [main] c.deepapp.vn.io.workers.OcrWorkerClient  : OcrWorkerClient created with host=72.60.111.138, port=50051
2025-12-23T07:59:22.718Z  INFO 7 --- [deepapp_main] [main] c.d.v.i.i.grpc.BaseGrpcClientService     : Initializing gRPC client 'java-ocr-client' to 72.60.111.138:50051
2025-12-23T07:59:22.719Z  INFO 7 --- [deepapp_main] [main] c.d.v.i.i.grpc.BaseGrpcClientService     : Sent connection message for client 'java-ocr-client'
2025-12-23T07:59:22.719Z  INFO 7 --- [deepapp_main] [main] c.d.v.i.i.grpc.BaseGrpcClientService     : gRPC client 'java-ocr-client' initialized successfully
2025-12-23T07:59:22.719Z  INFO 7 --- [deepapp_main] [main] c.deepapp.vn.io.workers.OcrWorkerClient  : OCR Worker Client initialized - target: cpp-ocr-worker
2025-12-23T07:59:22.723Z  INFO 7 --- [deepapp_main] [main] c.deepapp.vn.io.workers.NerWorkerClient  : NerWorkerClient created with host=72.60.111.138, port=50051
2025-12-23T07:59:22.724Z  INFO 7 --- [deepapp_main] [main] c.d.v.i.i.grpc.BaseGrpcClientService     : Initializing gRPC client 'java-ner-client' to 72.60.111.138:50051
2025-12-23T07:59:22.726Z  INFO 7 --- [deepapp_main] [main] c.d.v.i.i.grpc.BaseGrpcClientService     : Sent connection message for client 'java-ner-client'
2025-12-23T07:59:22.726Z  INFO 7 --- [deepapp_main] [main] c.d.v.i.i.grpc.BaseGrpcClientService     : gRPC client 'java-ner-client' initialized successfully
2025-12-23T07:59:22.726Z  INFO 7 --- [deepapp_main] [main] c.deepapp.vn.io.workers.NerWorkerClient  : NER Worker Client initialized - target: cpp-ner-worker
2025-12-23T07:59:23.131Z DEBUG 7 --- [deepapp_main] [grpc-default-executor-7] c.d.v.i.i.grpc.BaseGrpcClientService     : Received event 'connected' from 'server' to 'java-cpp-client'
2025-12-23T07:59:23.131Z DEBUG 7 --- [deepapp_main] [grpc-default-executor-0] c.d.v.i.i.grpc.BaseGrpcClientService     : Received event 'connected' from 'server' to 'java-ocr-client'
2025-12-23T07:59:23.132Z  INFO 7 --- [deepapp_main] [grpc-default-executor-7] c.d.vn.io.workers.BaseWorkerClient       : Worker 'java-cpp-client' received event 'connected' from 'server'
2025-12-23T07:59:23.131Z DEBUG 7 --- [deepapp_main] [grpc-default-executor-8] c.d.v.i.i.grpc.BaseGrpcClientService     : Received event 'connected' from 'server' to 'java-ner-client'
2025-12-23T07:59:23.132Z  INFO 7 --- [deepapp_main] [grpc-default-executor-0] c.d.vn.io.workers.BaseWorkerClient       : Worker 'java-ocr-client' received event 'connected' from 'server'
2025-12-23T07:59:23.132Z  INFO 7 --- [deepapp_main] [grpc-default-executor-7] c.deepapp.vn.io.workers.CppWorkerClient  : C++ Worker event: connected - java-cpp-client
2025-12-23T07:59:23.132Z  INFO 7 --- [deepapp_main] [grpc-default-executor-0] c.deepapp.vn.io.workers.OcrWorkerClient  : OCR Worker event: connected - java-ocr-client
2025-12-23T07:59:23.132Z  INFO 7 --- [deepapp_main] [grpc-default-executor-8] c.d.vn.io.workers.BaseWorkerClient       : Worker 'java-ner-client' received event 'connected' from 'server'
2025-12-23T07:59:23.132Z  INFO 7 --- [deepapp_main] [grpc-default-executor-8] c.deepapp.vn.io.workers.NerWorkerClient  : NER Worker event: connected - java-ner-client
2025-12-23T07:59:23.161Z  INFO 7 --- [deepapp_main] [main] o.s.b.a.e.web.EndpointLinksResolver      : Exposing 3 endpoints beneath base path '/actuator'
2025-12-23T07:59:23.219Z  INFO 7 --- [deepapp_main] [main] o.s.boot.tomcat.TomcatWebServer          : Tomcat started on port 8080 (http) with context path '/'
2025-12-23T07:59:23.226Z  INFO 7 --- [deepapp_main] [main] c.deepapp.vn.io.DeepappMainApplication   : Started DeepappMainApplication in 4.248 seconds (process running for 4.67)
2025-12-23T07:59:23.681Z  INFO 7 --- [deepapp_main] [http-nio-8080-exec-1] o.a.c.c.C.[Tomcat].[localhost].[/]       : Initializing Spring DispatcherServlet 'dispatcherServlet'
2025-12-23T07:59:23.682Z  INFO 7 --- [deepapp_main] [http-nio-8080-exec-1] o.s.web.servlet.DispatcherServlet        : Initializing Servlet 'dispatcherServlet'
2025-12-23T07:59:23.683Z  INFO 7 --- [deepapp_main] [http-nio-8080-exec-1] o.s.web.servlet.DispatcherServlet        : Completed initialization in 1 ms
2025-12-23T07:59:37.806Z  INFO 7 --- [deepapp_main] [main] c.deepapp.vn.io.DeepappMainApplication   : Starting DeepappMainApplication v0.0.1-SNAPSHOT using Java 17.0.17 with PID 7 (/app/app.jar started by root in /app)
2025-12-23T07:59:37.808Z DEBUG 7 --- [deepapp_main] [main] c.deepapp.vn.io.DeepappMainApplication   : Running with Spring Boot v4.0.1, Spring v7.0.2
2025-12-23T07:59:37.809Z  INFO 7 --- [deepapp_main] [main] c.deepapp.vn.io.DeepappMainApplication   : The following 1 profile is active: "docker"
2025-12-23T07:59:38.957Z  INFO 7 --- [deepapp_main] [main] o.s.boot.tomcat.TomcatWebServer          : Tomcat initialized with port 8080 (http)
2025-12-23T07:59:38.971Z  INFO 7 --- [deepapp_main] [main] o.apache.catalina.core.StandardService   : Starting service [Tomcat]
2025-12-23T07:59:38.971Z  INFO 7 --- [deepapp_main] [main] o.apache.catalina.core.StandardEngine    : Starting Servlet engine: [Apache Tomcat/11.0.15]
2025-12-23T07:59:39.000Z  INFO 7 --- [deepapp_main] [main] b.w.c.s.WebApplicationContextInitializer : Root WebApplicationContext: initialization completed in 1148 ms
2025-12-23T07:59:39.201Z  INFO 7 --- [deepapp_main] [main] c.d.v.i.i.cpp.CppWorkerManager           : ========================================
2025-12-23T07:59:39.201Z  INFO 7 --- [deepapp_main] [main] c.d.v.i.i.cpp.CppWorkerManager           : C++ Worker Manager - Initialization
2025-12-23T07:59:39.202Z  INFO 7 --- [deepapp_main] [main] c.d.v.i.i.cpp.CppWorkerManager           : ========================================
2025-12-23T07:59:39.202Z  INFO 7 --- [deepapp_main] [main] c.d.v.i.i.cpp.CppWorkerManager           : Starting C++ worker process...
2025-12-23T07:59:39.202Z  INFO 7 --- [deepapp_main] [main] c.d.v.i.i.cpp.CppWorkerManager           :   gRPC Server: 72.60.111.138:50051
2025-12-23T07:59:39.202Z  INFO 7 --- [deepapp_main] [main] c.d.v.i.i.cpp.CppWorkerManager           :   Client ID: cpp-worker
2025-12-23T07:59:39.213Z  INFO 7 --- [deepapp_main] [cpp-worker-output] c.d.v.i.i.cpp.CppWorkerManager           : [C++ Worker] [AAA0_0100_Worker] Initialized
2025-12-23T07:59:39.214Z  INFO 7 --- [deepapp_main] [cpp-worker-output] c.d.v.i.i.cpp.CppWorkerManager           : [C++ Worker] [WorkerRegistry] Registered worker: AAA0_0100_W -> AAA0_0100_Worker
2025-12-23T07:59:39.214Z  INFO 7 --- [deepapp_main] [cpp-worker-output] c.d.v.i.i.cpp.CppWorkerManager           : [C++ Worker] [AAA0_0200_Worker] Initialized
2025-12-23T07:59:39.214Z  INFO 7 --- [deepapp_main] [cpp-worker-output] c.d.v.i.i.cpp.CppWorkerManager           : [C++ Worker] [WorkerRegistry] Registered worker: AAA0_0200_W -> AAA0_0200_Worker
2025-12-23T07:59:39.214Z  INFO 7 --- [deepapp_main] [cpp-worker-output] c.d.v.i.i.cpp.CppWorkerManager           : [C++ Worker] ========================================
2025-12-23T07:59:39.215Z  INFO 7 --- [deepapp_main] [cpp-worker-output] c.d.v.i.i.cpp.CppWorkerManager           : [C++ Worker] DeepApp C++ Worker Application
2025-12-23T07:59:39.215Z  INFO 7 --- [deepapp_main] [cpp-worker-output] c.d.v.i.i.cpp.CppWorkerManager           : [C++ Worker] ========================================
2025-12-23T07:59:39.215Z  INFO 7 --- [deepapp_main] [cpp-worker-output] c.d.v.i.i.cpp.CppWorkerManager           : [C++ Worker] [Main] Configuration:
2025-12-23T07:59:39.215Z  INFO 7 --- [deepapp_main] [cpp-worker-output] c.d.v.i.i.cpp.CppWorkerManager           : [C++ Worker]   Server: 72.60.111.138:50051
2025-12-23T07:59:39.215Z  INFO 7 --- [deepapp_main] [cpp-worker-output] c.d.v.i.i.cpp.CppWorkerManager           : [C++ Worker]   Client ID: cpp-worker
2025-12-23T07:59:39.215Z  INFO 7 --- [deepapp_main] [cpp-worker-output] c.d.v.i.i.cpp.CppWorkerManager           : [C++ Worker] 
2025-12-23T07:59:39.215Z  INFO 7 --- [deepapp_main] [cpp-worker-output] c.d.v.i.i.cpp.CppWorkerManager           : [C++ Worker] [Main] Worker Registry Status:
2025-12-23T07:59:39.216Z  INFO 7 --- [deepapp_main] [cpp-worker-output] c.d.v.i.i.cpp.CppWorkerManager           : [C++ Worker]   Total workers: 2
2025-12-23T07:59:39.216Z  INFO 7 --- [deepapp_main] [cpp-worker-output] c.d.v.i.i.cpp.CppWorkerManager           : [C++ Worker]   ✓ Registered workers:
2025-12-23T07:59:39.216Z  INFO 7 --- [deepapp_main] [cpp-worker-output] c.d.v.i.i.cpp.CppWorkerManager           : [C++ Worker]     - AAA0_0100_W (AAA0_0100_Worker)
2025-12-23T07:59:39.216Z  INFO 7 --- [deepapp_main] [cpp-worker-output] c.d.v.i.i.cpp.CppWorkerManager           : [C++ Worker]     - AAA0_0200_W (AAA0_0200_Worker)
2025-12-23T07:59:39.217Z  INFO 7 --- [deepapp_main] [cpp-worker-output] c.d.v.i.i.cpp.CppWorkerManager           : [C++ Worker] 
2025-12-23T07:59:39.217Z  INFO 7 --- [deepapp_main] [cpp-worker-output] c.d.v.i.i.cpp.CppWorkerManager           : [C++ Worker] [Main] Starting gRPC worker client...
2025-12-23T07:59:39.217Z  INFO 7 --- [deepapp_main] [cpp-worker-output] c.d.v.i.i.cpp.CppWorkerManager           : [C++ Worker] ========================================
2025-12-23T07:59:39.217Z  INFO 7 --- [deepapp_main] [cpp-worker-output] c.d.v.i.i.cpp.CppWorkerManager           : [C++ Worker] 
2025-12-23T07:59:39.217Z  INFO 7 --- [deepapp_main] [cpp-worker-output] c.d.v.i.i.cpp.CppWorkerManager           : [C++ Worker] [GrpcWorkerClient] Connecting to 72.60.111.138:50051 with client_id: cpp-worker
2025-12-23T07:59:39.258Z  INFO 7 --- [deepapp_main] [cpp-worker-output] c.d.v.i.i.cpp.CppWorkerManager           : [C++ Worker] [GrpcWorkerClient] Connected! Waiting for tasks...
2025-12-23T07:59:39.259Z  INFO 7 --- [deepapp_main] [cpp-worker-output] c.d.v.i.i.cpp.CppWorkerManager           : [C++ Worker] [GrpcWorkerClient] Registered 2 workers:
2025-12-23T07:59:39.259Z  INFO 7 --- [deepapp_main] [cpp-worker-output] c.d.v.i.i.cpp.CppWorkerManager           : [C++ Worker]   - AAA0_0100_W
2025-12-23T07:59:39.259Z  INFO 7 --- [deepapp_main] [cpp-worker-output] c.d.v.i.i.cpp.CppWorkerManager           : [C++ Worker]   - AAA0_0200_W
2025-12-23T07:59:39.297Z  INFO 7 --- [deepapp_main] [cpp-worker-output] c.d.v.i.i.cpp.CppWorkerManager           : [C++ Worker] 
2025-12-23T07:59:39.297Z  INFO 7 --- [deepapp_main] [cpp-worker-output] c.d.v.i.i.cpp.CppWorkerManager           : [C++ Worker] [GrpcWorkerClient] Received event:
2025-12-23T07:59:39.297Z  INFO 7 --- [deepapp_main] [cpp-worker-output] c.d.v.i.i.cpp.CppWorkerManager           : [C++ Worker]   From: server
2025-12-23T07:59:39.298Z  INFO 7 --- [deepapp_main] [cpp-worker-output] c.d.v.i.i.cpp.CppWorkerManager           : [C++ Worker]   To: cpp-worker
2025-12-23T07:59:39.298Z  INFO 7 --- [deepapp_main] [cpp-worker-output] c.d.v.i.i.cpp.CppWorkerManager           : [C++ Worker]   Type: connected
2025-12-23T07:59:39.299Z  INFO 7 --- [deepapp_main] [cpp-worker-output] c.d.v.i.i.cpp.CppWorkerManager           : [C++ Worker]   Payload: cpp-worker
2025-12-23T07:59:39.299Z  INFO 7 --- [deepapp_main] [cpp-worker-output] c.d.v.i.i.cpp.CppWorkerManager           : [C++ Worker]   TaskId (from targetId): cpp-worker
2025-12-23T07:59:39.299Z  INFO 7 --- [deepapp_main] [cpp-worker-output] c.d.v.i.i.cpp.CppWorkerManager           : [C++ Worker]   Result: {"error":"Worker not found: cpp-worker"}
2025-12-23T07:59:39.299Z  INFO 7 --- [deepapp_main] [cpp-worker-output] c.d.v.i.i.cpp.CppWorkerManager           : [C++ Worker] [GrpcWorkerClient] Response sent!
2025-12-23T07:59:41.310Z  INFO 7 --- [deepapp_main] [main] c.d.v.i.i.cpp.CppWorkerManager           : C++ worker process started successfully (PID: 52)
2025-12-23T07:59:41.311Z  INFO 7 --- [deepapp_main] [main] c.d.v.i.i.cpp.CppWorkerManager           : C++ Worker Manager initialized successfully
2025-12-23T07:59:41.311Z  INFO 7 --- [deepapp_main] [main] c.d.v.i.i.cpp.CppWorkerManager           : ========================================
2025-12-23T07:59:41.330Z  INFO 7 --- [deepapp_main] [main] c.deepapp.vn.io.workers.CppWorkerClient  : CppWorkerClient created with host=72.60.111.138, port=50051
2025-12-23T07:59:41.332Z  INFO 7 --- [deepapp_main] [main] c.d.v.i.i.grpc.BaseGrpcClientService     : Initializing gRPC client 'java-cpp-client' to 72.60.111.138:50051
2025-12-23T07:59:41.624Z  INFO 7 --- [deepapp_main] [main] c.d.v.i.i.grpc.BaseGrpcClientService     : Sent connection message for client 'java-cpp-client'
2025-12-23T07:59:41.625Z  INFO 7 --- [deepapp_main] [main] c.d.v.i.i.grpc.BaseGrpcClientService     : gRPC client 'java-cpp-client' initialized successfully
2025-12-23T07:59:41.625Z  INFO 7 --- [deepapp_main] [main] c.deepapp.vn.io.workers.CppWorkerClient  : C++ Worker Client initialized - target: cpp-worker
2025-12-23T07:59:41.630Z  INFO 7 --- [deepapp_main] [main] c.deepapp.vn.io.workers.OcrWorkerClient  : OcrWorkerClient created with host=72.60.111.138, port=50051
2025-12-23T07:59:41.632Z  INFO 7 --- [deepapp_main] [main] c.d.v.i.i.grpc.BaseGrpcClientService     : Initializing gRPC client 'java-ocr-client' to 72.60.111.138:50051
2025-12-23T07:59:41.634Z  INFO 7 --- [deepapp_main] [main] c.d.v.i.i.grpc.BaseGrpcClientService     : Sent connection message for client 'java-ocr-client'
2025-12-23T07:59:41.634Z  INFO 7 --- [deepapp_main] [main] c.d.v.i.i.grpc.BaseGrpcClientService     : gRPC client 'java-ocr-client' initialized successfully
2025-12-23T07:59:41.634Z  INFO 7 --- [deepapp_main] [main] c.deepapp.vn.io.workers.OcrWorkerClient  : OCR Worker Client initialized - target: cpp-ocr-worker
2025-12-23T07:59:41.641Z  INFO 7 --- [deepapp_main] [main] c.deepapp.vn.io.workers.NerWorkerClient  : NerWorkerClient created with host=72.60.111.138, port=50051
2025-12-23T07:59:41.642Z  INFO 7 --- [deepapp_main] [main] c.d.v.i.i.grpc.BaseGrpcClientService     : Initializing gRPC client 'java-ner-client' to 72.60.111.138:50051
2025-12-23T07:59:41.643Z  INFO 7 --- [deepapp_main] [main] c.d.v.i.i.grpc.BaseGrpcClientService     : Sent connection message for client 'java-ner-client'
2025-12-23T07:59:41.644Z  INFO 7 --- [deepapp_main] [main] c.d.v.i.i.grpc.BaseGrpcClientService     : gRPC client 'java-ner-client' initialized successfully
2025-12-23T07:59:41.645Z  INFO 7 --- [deepapp_main] [main] c.deepapp.vn.io.workers.NerWorkerClient  : NER Worker Client initialized - target: cpp-ner-worker
2025-12-23T07:59:42.240Z DEBUG 7 --- [deepapp_main] [grpc-default-executor-4] c.d.v.i.i.grpc.BaseGrpcClientService     : Received event 'connected' from 'server' to 'java-ocr-client'
2025-12-23T07:59:42.241Z  INFO 7 --- [deepapp_main] [grpc-default-executor-4] c.d.vn.io.workers.BaseWorkerClient       : Worker 'java-ocr-client' received event 'connected' from 'server'
2025-12-23T07:59:42.241Z  INFO 7 --- [deepapp_main] [grpc-default-executor-4] c.deepapp.vn.io.workers.OcrWorkerClient  : OCR Worker event: connected - java-ocr-client
2025-12-23T07:59:42.240Z DEBUG 7 --- [deepapp_main] [grpc-default-executor-5] c.d.v.i.i.grpc.BaseGrpcClientService     : Received event 'connected' from 'server' to 'java-ner-client'
2025-12-23T07:59:42.240Z DEBUG 7 --- [deepapp_main] [grpc-default-executor-2] c.d.v.i.i.grpc.BaseGrpcClientService     : Received event 'connected' from 'server' to 'java-cpp-client'
2025-12-23T07:59:42.243Z  INFO 7 --- [deepapp_main] [grpc-default-executor-2] c.d.vn.io.workers.BaseWorkerClient       : Worker 'java-cpp-client' received event 'connected' from 'server'
2025-12-23T07:59:42.243Z  INFO 7 --- [deepapp_main] [grpc-default-executor-5] c.d.vn.io.workers.BaseWorkerClient       : Worker 'java-ner-client' received event 'connected' from 'server'
2025-12-23T07:59:42.243Z  INFO 7 --- [deepapp_main] [grpc-default-executor-2] c.deepapp.vn.io.workers.CppWorkerClient  : C++ Worker event: connected - java-cpp-client
2025-12-23T07:59:42.243Z  INFO 7 --- [deepapp_main] [grpc-default-executor-5] c.deepapp.vn.io.workers.NerWorkerClient  : NER Worker event: connected - java-ner-client
2025-12-23T07:59:42.406Z  INFO 7 --- [deepapp_main] [main] o.s.b.a.e.web.EndpointLinksResolver      : Exposing 3 endpoints beneath base path '/actuator'
2025-12-23T07:59:42.496Z  INFO 7 --- [deepapp_main] [main] o.s.boot.tomcat.TomcatWebServer          : Tomcat started on port 8080 (http) with context path '/'
2025-12-23T07:59:42.509Z  INFO 7 --- [deepapp_main] [main] c.deepapp.vn.io.DeepappMainApplication   : Started DeepappMainApplication in 5.287 seconds (process running for 5.636)
2025-12-23T07:59:46.709Z  INFO 7 --- [deepapp_main] [http-nio-8080-exec-1] o.a.c.c.C.[Tomcat].[localhost].[/]       : Initializing Spring DispatcherServlet 'dispatcherServlet'
2025-12-23T07:59:46.710Z  INFO 7 --- [deepapp_main] [http-nio-8080-exec-1] o.s.web.servlet.DispatcherServlet        : Initializing Servlet 'dispatcherServlet'
2025-12-23T07:59:46.711Z  INFO 7 --- [deepapp_main] [http-nio-8080-exec-1] o.s.web.servlet.DispatcherServlet        : Completed initialization in 1 ms
2025-12-23T07:59:46.794Z  INFO 7 --- [deepapp_main] [http-nio-8080-exec-1] c.deepapp.vn.io.workers.CppWorkerClient  : Calling C++ worker: taskId=AAA0_0100_W, eventType=echo
2025-12-23T07:59:46.800Z  INFO 7 --- [deepapp_main] [http-nio-8080-exec-1] c.d.v.i.i.grpc.BaseGrpcClientService     : Sent event 'echo' from 'java-cpp-client' to 'cpp-worker' with requestId=java-cpp-client_req_1
2025-12-23T07:59:46.839Z  INFO 7 --- [deepapp_main] [cpp-worker-output] c.d.v.i.i.cpp.CppWorkerManager           : [C++ Worker] 
2025-12-23T07:59:46.839Z  INFO 7 --- [deepapp_main] [cpp-worker-output] c.d.v.i.i.cpp.CppWorkerManager           : [C++ Worker] [GrpcWorkerClient] Received event:
2025-12-23T07:59:46.840Z  INFO 7 --- [deepapp_main] [cpp-worker-output] c.d.v.i.i.cpp.CppWorkerManager           : [C++ Worker]   From: java-cpp-client
2025-12-23T07:59:46.840Z  INFO 7 --- [deepapp_main] [cpp-worker-output] c.d.v.i.i.cpp.CppWorkerManager           : [C++ Worker]   To: cpp-worker
2025-12-23T07:59:46.840Z  INFO 7 --- [deepapp_main] [cpp-worker-output] c.d.v.i.i.cpp.CppWorkerManager           : [C++ Worker]   Type: echo
2025-12-23T07:59:46.840Z  INFO 7 --- [deepapp_main] [cpp-worker-output] c.d.v.i.i.cpp.CppWorkerManager           : [C++ Worker]   Payload: Hello from Java!!!!!!!
2025-12-23T07:59:46.840Z  INFO 7 --- [deepapp_main] [cpp-worker-output] c.d.v.i.i.cpp.CppWorkerManager           : [C++ Worker]   TaskId (from metadata): AAA0_0100_W
2025-12-23T07:59:46.840Z  INFO 7 --- [deepapp_main] [cpp-worker-output] c.d.v.i.i.cpp.CppWorkerManager           : [C++ Worker] [AAA0_0100_Worker] Processing task:
2025-12-23T07:59:46.840Z  INFO 7 --- [deepapp_main] [cpp-worker-output] c.d.v.i.i.cpp.CppWorkerManager           : [C++ Worker]   Event Type: echo
2025-12-23T07:59:46.840Z  INFO 7 --- [deepapp_main] [cpp-worker-output] c.d.v.i.i.cpp.CppWorkerManager           : [C++ Worker]   Payload: Hello from Java!!!!!!!
2025-12-23T07:59:46.840Z  INFO 7 --- [deepapp_main] [cpp-worker-output] c.d.v.i.i.cpp.CppWorkerManager           : [C++ Worker]   Result: {"worker":"AAA0_0100_W","status":"success","data":"Hello from Java!!!!!!!","timestamp":1766476786}
2025-12-23T07:59:46.841Z  INFO 7 --- [deepapp_main] [cpp-worker-output] c.d.v.i.i.cpp.CppWorkerManager           : [C++ Worker] [GrpcWorkerClient] Response sent!
2025-12-23T07:59:46.881Z DEBUG 7 --- [deepapp_main] [grpc-default-executor-5] c.d.v.i.i.grpc.BaseGrpcClientService     : Received event 'response' from 'cpp-worker' to 'java-cpp-client'
2025-12-23T07:59:49.386Z  INFO 7 --- [deepapp_main] [http-nio-8080-exec-5] c.deepapp.vn.io.workers.CppWorkerClient  : Calling C++ worker: taskId=AAA0_0100_W, eventType=echo
2025-12-23T07:59:49.388Z  INFO 7 --- [deepapp_main] [http-nio-8080-exec-5] c.d.v.i.i.grpc.BaseGrpcClientService     : Sent event 'echo' from 'java-cpp-client' to 'cpp-worker' with requestId=java-cpp-client_req_2
2025-12-23T07:59:49.426Z  INFO 7 --- [deepapp_main] [cpp-worker-output] c.d.v.i.i.cpp.CppWorkerManager           : [C++ Worker] 
2025-12-23T07:59:49.426Z  INFO 7 --- [deepapp_main] [cpp-worker-output] c.d.v.i.i.cpp.CppWorkerManager           : [C++ Worker] [GrpcWorkerClient] Received event:
2025-12-23T07:59:49.426Z  INFO 7 --- [deepapp_main] [cpp-worker-output] c.d.v.i.i.cpp.CppWorkerManager           : [C++ Worker]   From: java-cpp-client
2025-12-23T07:59:49.426Z  INFO 7 --- [deepapp_main] [cpp-worker-output] c.d.v.i.i.cpp.CppWorkerManager           : [C++ Worker]   To: cpp-worker
2025-12-23T07:59:49.426Z  INFO 7 --- [deepapp_main] [cpp-worker-output] c.d.v.i.i.cpp.CppWorkerManager           : [C++ Worker]   Type: echo
2025-12-23T07:59:49.426Z  INFO 7 --- [deepapp_main] [cpp-worker-output] c.d.v.i.i.cpp.CppWorkerManager           : [C++ Worker]   Payload: Hello from Java!!!!!!!
2025-12-23T07:59:49.426Z  INFO 7 --- [deepapp_main] [cpp-worker-output] c.d.v.i.i.cpp.CppWorkerManager           : [C++ Worker]   TaskId (from metadata): AAA0_0100_W
2025-12-23T07:59:49.427Z  INFO 7 --- [deepapp_main] [cpp-worker-output] c.d.v.i.i.cpp.CppWorkerManager           : [C++ Worker] [AAA0_0100_Worker] Processing task:
2025-12-23T07:59:49.427Z  INFO 7 --- [deepapp_main] [cpp-worker-output] c.d.v.i.i.cpp.CppWorkerManager           : [C++ Worker]   Event Type: echo
2025-12-23T07:59:49.427Z  INFO 7 --- [deepapp_main] [cpp-worker-output] c.d.v.i.i.cpp.CppWorkerManager           : [C++ Worker]   Payload: Hello from Java!!!!!!!
2025-12-23T07:59:49.427Z  INFO 7 --- [deepapp_main] [cpp-worker-output] c.d.v.i.i.cpp.CppWorkerManager           : [C++ Worker]   Result: {"worker":"AAA0_0100_W","status":"success","data":"Hello from Java!!!!!!!","timestamp":1766476789}
2025-12-23T07:59:49.427Z  INFO 7 --- [deepapp_main] [cpp-worker-output] c.d.v.i.i.cpp.CppWorkerManager           : [C++ Worker] [GrpcWorkerClient] Response sent!
2025-12-23T07:59:49.465Z DEBUG 7 --- [deepapp_main] [grpc-default-executor-5] c.d.v.i.i.grpc.BaseGrpcClientService     : Received event 'response' from 'cpp-worker' to 'java-cpp-client'
2025-12-23T07:59:50.237Z  INFO 7 --- [deepapp_main] [http-nio-8080-exec-6] c.deepapp.vn.io.workers.CppWorkerClient  : Calling C++ worker: taskId=AAA0_0100_W, eventType=echo
2025-12-23T07:59:50.239Z  INFO 7 --- [deepapp_main] [http-nio-8080-exec-6] c.d.v.i.i.grpc.BaseGrpcClientService     : Sent event 'echo' from 'java-cpp-client' to 'cpp-worker' with requestId=java-cpp-client_req_3
2025-12-23T07:59:50.277Z  INFO 7 --- [deepapp_main] [cpp-worker-output] c.d.v.i.i.cpp.CppWorkerManager           : [C++ Worker] 
2025-12-23T07:59:50.277Z  INFO 7 --- [deepapp_main] [cpp-worker-output] c.d.v.i.i.cpp.CppWorkerManager           : [C++ Worker] [GrpcWorkerClient] Received event:
2025-12-23T07:59:50.277Z  INFO 7 --- [deepapp_main] [cpp-worker-output] c.d.v.i.i.cpp.CppWorkerManager           : [C++ Worker]   From: java-cpp-client
2025-12-23T07:59:50.277Z  INFO 7 --- [deepapp_main] [cpp-worker-output] c.d.v.i.i.cpp.CppWorkerManager           : [C++ Worker]   To: cpp-worker
2025-12-23T07:59:50.277Z  INFO 7 --- [deepapp_main] [cpp-worker-output] c.d.v.i.i.cpp.CppWorkerManager           : [C++ Worker]   Type: echo
2025-12-23T07:59:50.278Z  INFO 7 --- [deepapp_main] [cpp-worker-output] c.d.v.i.i.cpp.CppWorkerManager           : [C++ Worker]   Payload: Hello from Java!!!!!!!
2025-12-23T07:59:50.278Z  INFO 7 --- [deepapp_main] [cpp-worker-output] c.d.v.i.i.cpp.CppWorkerManager           : [C++ Worker]   TaskId (from metadata): AAA0_0100_W
2025-12-23T07:59:50.278Z  INFO 7 --- [deepapp_main] [cpp-worker-output] c.d.v.i.i.cpp.CppWorkerManager           : [C++ Worker] [AAA0_0100_Worker] Processing task:
2025-12-23T07:59:50.278Z  INFO 7 --- [deepapp_main] [cpp-worker-output] c.d.v.i.i.cpp.CppWorkerManager           : [C++ Worker]   Event Type: echo
2025-12-23T07:59:50.278Z  INFO 7 --- [deepapp_main] [cpp-worker-output] c.d.v.i.i.cpp.CppWorkerManager           : [C++ Worker]   Payload: Hello from Java!!!!!!!
2025-12-23T07:59:50.278Z  INFO 7 --- [deepapp_main] [cpp-worker-output] c.d.v.i.i.cpp.CppWorkerManager           : [C++ Worker]   Result: {"worker":"AAA0_0100_W","status":"success","data":"Hello from Java!!!!!!!","timestamp":1766476790}
2025-12-23T07:59:50.278Z  INFO 7 --- [deepapp_main] [cpp-worker-output] c.d.v.i.i.cpp.CppWorkerManager           : [C++ Worker] [GrpcWorkerClient] Response sent!
2025-12-23T07:59:50.315Z DEBUG 7 --- [deepapp_main] [grpc-default-executor-5] c.d.v.i.i.grpc.BaseGrpcClientService     : Received event 'response' from 'cpp-worker' to 'java-cpp-client'
2025-12-23T07:59:51.290Z  INFO 7 --- [deepapp_main] [http-nio-8080-exec-7] c.deepapp.vn.io.workers.CppWorkerClient  : Calling C++ worker: taskId=AAA0_0100_W, eventType=echo
2025-12-23T07:59:51.291Z  INFO 7 --- [deepapp_main] [http-nio-8080-exec-7] c.d.v.i.i.grpc.BaseGrpcClientService     : Sent event 'echo' from 'java-cpp-client' to 'cpp-worker' with requestId=java-cpp-client_req_4
2025-12-23T07:59:51.330Z  INFO 7 --- [deepapp_main] [cpp-worker-output] c.d.v.i.i.cpp.CppWorkerManager           : [C++ Worker] 
2025-12-23T07:59:51.331Z  INFO 7 --- [deepapp_main] [cpp-worker-output] c.d.v.i.i.cpp.CppWorkerManager           : [C++ Worker] [GrpcWorkerClient] Received event:
2025-12-23T07:59:51.331Z  INFO 7 --- [deepapp_main] [cpp-worker-output] c.d.v.i.i.cpp.CppWorkerManager           : [C++ Worker]   From: java-cpp-client
2025-12-23T07:59:51.331Z  INFO 7 --- [deepapp_main] [cpp-worker-output] c.d.v.i.i.cpp.CppWorkerManager           : [C++ Worker]   To: cpp-worker
2025-12-23T07:59:51.331Z  INFO 7 --- [deepapp_main] [cpp-worker-output] c.d.v.i.i.cpp.CppWorkerManager           : [C++ Worker]   Type: echo
2025-12-23T07:59:51.331Z  INFO 7 --- [deepapp_main] [cpp-worker-output] c.d.v.i.i.cpp.CppWorkerManager           : [C++ Worker]   Payload: Hello from Java!!!!!!!
2025-12-23T07:59:51.331Z  INFO 7 --- [deepapp_main] [cpp-worker-output] c.d.v.i.i.cpp.CppWorkerManager           : [C++ Worker]   TaskId (from metadata): AAA0_0100_W
2025-12-23T07:59:51.331Z  INFO 7 --- [deepapp_main] [cpp-worker-output] c.d.v.i.i.cpp.CppWorkerManager           : [C++ Worker] [AAA0_0100_Worker] Processing task:
2025-12-23T07:59:51.331Z  INFO 7 --- [deepapp_main] [cpp-worker-output] c.d.v.i.i.cpp.CppWorkerManager           : [C++ Worker]   Event Type: echo
2025-12-23T07:59:51.331Z  INFO 7 --- [deepapp_main] [cpp-worker-output] c.d.v.i.i.cpp.CppWorkerManager           : [C++ Worker]   Payload: Hello from Java!!!!!!!
2025-12-23T07:59:51.331Z  INFO 7 --- [deepapp_main] [cpp-worker-output] c.d.v.i.i.cpp.CppWorkerManager           : [C++ Worker]   Result: {"worker":"AAA0_0100_W","status":"success","data":"Hello from Java!!!!!!!","timestamp":1766476791}
2025-12-23T07:59:51.331Z  INFO 7 --- [deepapp_main] [cpp-worker-output] c.d.v.i.i.cpp.CppWorkerManager           : [C++ Worker] [GrpcWorkerClient] Response sent!
2025-12-23T07:59:51.368Z DEBUG 7 --- [deepapp_main] [grpc-default-executor-5] c.d.v.i.i.grpc.BaseGrpcClientService     : Received event 'response' from 'cpp-worker' to 'java-cpp-client'
2025-12-23T08:00:03.678Z  INFO 7 --- [deepapp_main] [http-nio-8080-exec-10] c.d.vn.io.modules.demo.DemoController    : Echo test: sending 'Hello Docker' to C++ worker
2025-12-23T08:00:03.679Z  INFO 7 --- [deepapp_main] [http-nio-8080-exec-10] c.deepapp.vn.io.workers.CppWorkerClient  : Calling C++ worker: taskId=AAA0_0100_W, eventType=echo
2025-12-23T08:00:03.680Z  INFO 7 --- [deepapp_main] [http-nio-8080-exec-10] c.d.v.i.i.grpc.BaseGrpcClientService     : Sent event 'echo' from 'java-cpp-client' to 'cpp-worker' with requestId=java-cpp-client_req_5
2025-12-23T08:00:03.718Z  INFO 7 --- [deepapp_main] [cpp-worker-output] c.d.v.i.i.cpp.CppWorkerManager           : [C++ Worker] 
2025-12-23T08:00:03.718Z  INFO 7 --- [deepapp_main] [cpp-worker-output] c.d.v.i.i.cpp.CppWorkerManager           : [C++ Worker] [GrpcWorkerClient] Received event:
2025-12-23T08:00:03.718Z  INFO 7 --- [deepapp_main] [cpp-worker-output] c.d.v.i.i.cpp.CppWorkerManager           : [C++ Worker]   From: java-cpp-client
2025-12-23T08:00:03.718Z  INFO 7 --- [deepapp_main] [cpp-worker-output] c.d.v.i.i.cpp.CppWorkerManager           : [C++ Worker]   To: cpp-worker
2025-12-23T08:00:03.718Z  INFO 7 --- [deepapp_main] [cpp-worker-output] c.d.v.i.i.cpp.CppWorkerManager           : [C++ Worker]   Type: echo
2025-12-23T08:00:03.718Z  INFO 7 --- [deepapp_main] [cpp-worker-output] c.d.v.i.i.cpp.CppWorkerManager           : [C++ Worker]   Payload: Hello Docker
2025-12-23T08:00:03.718Z  INFO 7 --- [deepapp_main] [cpp-worker-output] c.d.v.i.i.cpp.CppWorkerManager           : [C++ Worker]   TaskId (from metadata): AAA0_0100_W
2025-12-23T08:00:03.718Z  INFO 7 --- [deepapp_main] [cpp-worker-output] c.d.v.i.i.cpp.CppWorkerManager           : [C++ Worker] [AAA0_0100_Worker] Processing task:
2025-12-23T08:00:03.718Z  INFO 7 --- [deepapp_main] [cpp-worker-output] c.d.v.i.i.cpp.CppWorkerManager           : [C++ Worker]   Event Type: echo
2025-12-23T08:00:03.719Z  INFO 7 --- [deepapp_main] [cpp-worker-output] c.d.v.i.i.cpp.CppWorkerManager           : [C++ Worker]   Payload: Hello Docker
2025-12-23T08:00:03.719Z  INFO 7 --- [deepapp_main] [cpp-worker-output] c.d.v.i.i.cpp.CppWorkerManager           : [C++ Worker]   Result: {"worker":"AAA0_0100_W","status":"success","data":"Hello Docker","timestamp":1766476803}
2025-12-23T08:00:03.719Z  INFO 7 --- [deepapp_main] [cpp-worker-output] c.d.v.i.i.cpp.CppWorkerManager           : [C++ Worker] [GrpcWorkerClient] Response sent!
2025-12-23T08:00:03.757Z DEBUG 7 --- [deepapp_main] [grpc-default-executor-5] c.d.v.i.i.grpc.BaseGrpcClientService     : Received event 'response' from 'cpp-worker' to 'java-cpp-client'
2025-12-23T08:00:03.757Z  INFO 7 --- [deepapp_main] [http-nio-8080-exec-10] c.d.vn.io.modules.demo.DemoController    : C++ response: {"worker":"AAA0_0100_W","status":"success","data":"Hello Docker","timestamp":1766476803}
2025-12-23T08:03:39.745Z  INFO 7 --- [deepapp_main] [main] c.deepapp.vn.io.DeepappMainApplication   : Starting DeepappMainApplication v0.0.1-SNAPSHOT using Java 17.0.17 with PID 7 (/app/app.jar started by root in /app)
2025-12-23T08:03:39.747Z DEBUG 7 --- [deepapp_main] [main] c.deepapp.vn.io.DeepappMainApplication   : Running with Spring Boot v4.0.1, Spring v7.0.2
2025-12-23T08:03:39.748Z  INFO 7 --- [deepapp_main] [main] c.deepapp.vn.io.DeepappMainApplication   : The following 1 profile is active: "docker"
2025-12-23T08:03:40.505Z  INFO 7 --- [deepapp_main] [main] o.s.boot.tomcat.TomcatWebServer          : Tomcat initialized with port 8080 (http)
2025-12-23T08:03:40.514Z  INFO 7 --- [deepapp_main] [main] o.apache.catalina.core.StandardService   : Starting service [Tomcat]
2025-12-23T08:03:40.514Z  INFO 7 --- [deepapp_main] [main] o.apache.catalina.core.StandardEngine    : Starting Servlet engine: [Apache Tomcat/11.0.15]
2025-12-23T08:03:40.537Z  INFO 7 --- [deepapp_main] [main] b.w.c.s.WebApplicationContextInitializer : Root WebApplicationContext: initialization completed in 755 ms
2025-12-23T08:03:40.688Z  INFO 7 --- [deepapp_main] [main] c.d.v.i.i.cpp.CppWorkerManager           : ========================================
2025-12-23T08:03:40.688Z  INFO 7 --- [deepapp_main] [main] c.d.v.i.i.cpp.CppWorkerManager           : C++ Worker Manager - Initialization
2025-12-23T08:03:40.689Z  INFO 7 --- [deepapp_main] [main] c.d.v.i.i.cpp.CppWorkerManager           : ========================================
2025-12-23T08:03:40.689Z  INFO 7 --- [deepapp_main] [main] c.d.v.i.i.cpp.CppWorkerManager           : Starting C++ worker process...
2025-12-23T08:03:40.689Z  INFO 7 --- [deepapp_main] [main] c.d.v.i.i.cpp.CppWorkerManager           :   gRPC Server: 72.60.111.138:50051
2025-12-23T08:03:40.690Z  INFO 7 --- [deepapp_main] [main] c.d.v.i.i.cpp.CppWorkerManager           :   Client ID: cpp-worker
2025-12-23T08:03:40.700Z  INFO 7 --- [deepapp_main] [cpp-worker-output] c.d.v.i.i.cpp.CppWorkerManager           : [C++ Worker] [AAA0_0100_Worker] Initialized
2025-12-23T08:03:40.700Z  INFO 7 --- [deepapp_main] [cpp-worker-output] c.d.v.i.i.cpp.CppWorkerManager           : [C++ Worker] [WorkerRegistry] Registered worker: AAA0_0100_W -> AAA0_0100_Worker
2025-12-23T08:03:40.700Z  INFO 7 --- [deepapp_main] [cpp-worker-output] c.d.v.i.i.cpp.CppWorkerManager           : [C++ Worker] [AAA0_0200_Worker] Initialized
2025-12-23T08:03:40.701Z  INFO 7 --- [deepapp_main] [cpp-worker-output] c.d.v.i.i.cpp.CppWorkerManager           : [C++ Worker] [WorkerRegistry] Registered worker: AAA0_0200_W -> AAA0_0200_Worker
2025-12-23T08:03:40.701Z  INFO 7 --- [deepapp_main] [cpp-worker-output] c.d.v.i.i.cpp.CppWorkerManager           : [C++ Worker] ========================================
2025-12-23T08:03:40.701Z  INFO 7 --- [deepapp_main] [cpp-worker-output] c.d.v.i.i.cpp.CppWorkerManager           : [C++ Worker] DeepApp C++ Worker Application
2025-12-23T08:03:40.701Z  INFO 7 --- [deepapp_main] [cpp-worker-output] c.d.v.i.i.cpp.CppWorkerManager           : [C++ Worker] ========================================
2025-12-23T08:03:40.701Z  INFO 7 --- [deepapp_main] [cpp-worker-output] c.d.v.i.i.cpp.CppWorkerManager           : [C++ Worker] [Main] Configuration:
2025-12-23T08:03:40.701Z  INFO 7 --- [deepapp_main] [cpp-worker-output] c.d.v.i.i.cpp.CppWorkerManager           : [C++ Worker]   Server: 72.60.111.138:50051
2025-12-23T08:03:40.702Z  INFO 7 --- [deepapp_main] [cpp-worker-output] c.d.v.i.i.cpp.CppWorkerManager           : [C++ Worker]   Client ID: cpp-worker
2025-12-23T08:03:40.702Z  INFO 7 --- [deepapp_main] [cpp-worker-output] c.d.v.i.i.cpp.CppWorkerManager           : [C++ Worker] 
2025-12-23T08:03:40.702Z  INFO 7 --- [deepapp_main] [cpp-worker-output] c.d.v.i.i.cpp.CppWorkerManager           : [C++ Worker] [Main] Worker Registry Status:
2025-12-23T08:03:40.702Z  INFO 7 --- [deepapp_main] [cpp-worker-output] c.d.v.i.i.cpp.CppWorkerManager           : [C++ Worker]   Total workers: 2
2025-12-23T08:03:40.702Z  INFO 7 --- [deepapp_main] [cpp-worker-output] c.d.v.i.i.cpp.CppWorkerManager           : [C++ Worker]   ✓ Registered workers:
2025-12-23T08:03:40.703Z  INFO 7 --- [deepapp_main] [cpp-worker-output] c.d.v.i.i.cpp.CppWorkerManager           : [C++ Worker]     - AAA0_0100_W (AAA0_0100_Worker)
2025-12-23T08:03:40.703Z  INFO 7 --- [deepapp_main] [cpp-worker-output] c.d.v.i.i.cpp.CppWorkerManager           : [C++ Worker]     - AAA0_0200_W (AAA0_0200_Worker)
2025-12-23T08:03:40.703Z  INFO 7 --- [deepapp_main] [cpp-worker-output] c.d.v.i.i.cpp.CppWorkerManager           : [C++ Worker] 
2025-12-23T08:03:40.703Z  INFO 7 --- [deepapp_main] [cpp-worker-output] c.d.v.i.i.cpp.CppWorkerManager           : [C++ Worker] [Main] Starting gRPC worker client...
2025-12-23T08:03:40.704Z  INFO 7 --- [deepapp_main] [cpp-worker-output] c.d.v.i.i.cpp.CppWorkerManager           : [C++ Worker] ========================================
2025-12-23T08:03:40.704Z  INFO 7 --- [deepapp_main] [cpp-worker-output] c.d.v.i.i.cpp.CppWorkerManager           : [C++ Worker] 
2025-12-23T08:03:40.704Z  INFO 7 --- [deepapp_main] [cpp-worker-output] c.d.v.i.i.cpp.CppWorkerManager           : [C++ Worker] [GrpcWorkerClient] Connecting to 72.60.111.138:50051 with client_id: cpp-worker
2025-12-23T08:03:40.743Z  INFO 7 --- [deepapp_main] [cpp-worker-output] c.d.v.i.i.cpp.CppWorkerManager           : [C++ Worker] [GrpcWorkerClient] Connected! Waiting for tasks...
2025-12-23T08:03:40.744Z  INFO 7 --- [deepapp_main] [cpp-worker-output] c.d.v.i.i.cpp.CppWorkerManager           : [C++ Worker] [GrpcWorkerClient] Registered 2 workers:
2025-12-23T08:03:40.744Z  INFO 7 --- [deepapp_main] [cpp-worker-output] c.d.v.i.i.cpp.CppWorkerManager           : [C++ Worker]   - AAA0_0100_W
2025-12-23T08:03:40.744Z  INFO 7 --- [deepapp_main] [cpp-worker-output] c.d.v.i.i.cpp.CppWorkerManager           : [C++ Worker]   - AAA0_0200_W
2025-12-23T08:03:40.787Z  INFO 7 --- [deepapp_main] [cpp-worker-output] c.d.v.i.i.cpp.CppWorkerManager           : [C++ Worker] 
2025-12-23T08:03:40.787Z  INFO 7 --- [deepapp_main] [cpp-worker-output] c.d.v.i.i.cpp.CppWorkerManager           : [C++ Worker] [GrpcWorkerClient] Received event:
2025-12-23T08:03:40.787Z  INFO 7 --- [deepapp_main] [cpp-worker-output] c.d.v.i.i.cpp.CppWorkerManager           : [C++ Worker]   From: server
2025-12-23T08:03:40.788Z  INFO 7 --- [deepapp_main] [cpp-worker-output] c.d.v.i.i.cpp.CppWorkerManager           : [C++ Worker]   To: cpp-worker
2025-12-23T08:03:40.788Z  INFO 7 --- [deepapp_main] [cpp-worker-output] c.d.v.i.i.cpp.CppWorkerManager           : [C++ Worker]   Type: connected
2025-12-23T08:03:40.788Z  INFO 7 --- [deepapp_main] [cpp-worker-output] c.d.v.i.i.cpp.CppWorkerManager           : [C++ Worker]   Payload: cpp-worker
2025-12-23T08:03:40.788Z  INFO 7 --- [deepapp_main] [cpp-worker-output] c.d.v.i.i.cpp.CppWorkerManager           : [C++ Worker]   TaskId (from targetId): cpp-worker
2025-12-23T08:03:40.788Z  INFO 7 --- [deepapp_main] [cpp-worker-output] c.d.v.i.i.cpp.CppWorkerManager           : [C++ Worker]   Result: {"error":"Worker not found: cpp-worker"}
2025-12-23T08:03:40.788Z  INFO 7 --- [deepapp_main] [cpp-worker-output] c.d.v.i.i.cpp.CppWorkerManager           : [C++ Worker] [GrpcWorkerClient] Response sent!
2025-12-23T08:03:42.799Z  INFO 7 --- [deepapp_main] [main] c.d.v.i.i.cpp.CppWorkerManager           : C++ worker process started successfully (PID: 53)
2025-12-23T08:03:42.800Z  INFO 7 --- [deepapp_main] [main] c.d.v.i.i.cpp.CppWorkerManager           : C++ Worker Manager initialized successfully
2025-12-23T08:03:42.800Z  INFO 7 --- [deepapp_main] [main] c.d.v.i.i.cpp.CppWorkerManager           : ========================================
2025-12-23T08:03:42.810Z  INFO 7 --- [deepapp_main] [main] c.deepapp.vn.io.workers.CppWorkerClient  : CppWorkerClient created with host=72.60.111.138, port=50051
2025-12-23T08:03:42.811Z  INFO 7 --- [deepapp_main] [main] c.d.v.i.i.grpc.BaseGrpcClientService     : Initializing gRPC client 'java-cpp-client' to 72.60.111.138:50051
2025-12-23T08:03:42.986Z  INFO 7 --- [deepapp_main] [main] c.d.v.i.i.grpc.BaseGrpcClientService     : Sent connection message for client 'java-cpp-client'
2025-12-23T08:03:42.987Z  INFO 7 --- [deepapp_main] [main] c.d.v.i.i.grpc.BaseGrpcClientService     : gRPC client 'java-cpp-client' initialized successfully
2025-12-23T08:03:42.987Z  INFO 7 --- [deepapp_main] [main] c.deepapp.vn.io.workers.CppWorkerClient  : C++ Worker Client initialized - target: cpp-worker
2025-12-23T08:03:42.990Z  INFO 7 --- [deepapp_main] [main] c.deepapp.vn.io.workers.OcrWorkerClient  : OcrWorkerClient created with host=72.60.111.138, port=50051
2025-12-23T08:03:42.991Z  INFO 7 --- [deepapp_main] [main] c.d.v.i.i.grpc.BaseGrpcClientService     : Initializing gRPC client 'java-ocr-client' to 72.60.111.138:50051
2025-12-23T08:03:42.993Z  INFO 7 --- [deepapp_main] [main] c.d.v.i.i.grpc.BaseGrpcClientService     : Sent connection message for client 'java-ocr-client'
2025-12-23T08:03:42.993Z  INFO 7 --- [deepapp_main] [main] c.d.v.i.i.grpc.BaseGrpcClientService     : gRPC client 'java-ocr-client' initialized successfully
2025-12-23T08:03:42.994Z  INFO 7 --- [deepapp_main] [main] c.deepapp.vn.io.workers.OcrWorkerClient  : OCR Worker Client initialized - target: cpp-ocr-worker
2025-12-23T08:03:42.998Z  INFO 7 --- [deepapp_main] [main] c.deepapp.vn.io.workers.NerWorkerClient  : NerWorkerClient created with host=72.60.111.138, port=50051
2025-12-23T08:03:42.999Z  INFO 7 --- [deepapp_main] [main] c.d.v.i.i.grpc.BaseGrpcClientService     : Initializing gRPC client 'java-ner-client' to 72.60.111.138:50051
2025-12-23T08:03:43.000Z  INFO 7 --- [deepapp_main] [main] c.d.v.i.i.grpc.BaseGrpcClientService     : Sent connection message for client 'java-ner-client'
2025-12-23T08:03:43.000Z  INFO 7 --- [deepapp_main] [main] c.d.v.i.i.grpc.BaseGrpcClientService     : gRPC client 'java-ner-client' initialized successfully
2025-12-23T08:03:43.001Z  INFO 7 --- [deepapp_main] [main] c.deepapp.vn.io.workers.NerWorkerClient  : NER Worker Client initialized - target: cpp-ner-worker
2025-12-23T08:03:43.431Z DEBUG 7 --- [deepapp_main] [grpc-default-executor-3] c.d.v.i.i.grpc.BaseGrpcClientService     : Received event 'connected' from 'server' to 'java-cpp-client'
2025-12-23T08:03:43.431Z DEBUG 7 --- [deepapp_main] [grpc-default-executor-7] c.d.v.i.i.grpc.BaseGrpcClientService     : Received event 'connected' from 'server' to 'java-ocr-client'
2025-12-23T08:03:43.431Z DEBUG 7 --- [deepapp_main] [grpc-default-executor-1] c.d.v.i.i.grpc.BaseGrpcClientService     : Received event 'connected' from 'server' to 'java-ner-client'
2025-12-23T08:03:43.432Z  INFO 7 --- [deepapp_main] [grpc-default-executor-3] c.d.vn.io.workers.BaseWorkerClient       : Worker 'java-cpp-client' received event 'connected' from 'server'
2025-12-23T08:03:43.432Z  INFO 7 --- [deepapp_main] [grpc-default-executor-3] c.deepapp.vn.io.workers.CppWorkerClient  : C++ Worker event: connected - java-cpp-client
2025-12-23T08:03:43.432Z  INFO 7 --- [deepapp_main] [grpc-default-executor-1] c.d.vn.io.workers.BaseWorkerClient       : Worker 'java-ner-client' received event 'connected' from 'server'
2025-12-23T08:03:43.432Z  INFO 7 --- [deepapp_main] [grpc-default-executor-7] c.d.vn.io.workers.BaseWorkerClient       : Worker 'java-ocr-client' received event 'connected' from 'server'
2025-12-23T08:03:43.433Z  INFO 7 --- [deepapp_main] [grpc-default-executor-1] c.deepapp.vn.io.workers.NerWorkerClient  : NER Worker event: connected - java-ner-client
2025-12-23T08:03:43.433Z  INFO 7 --- [deepapp_main] [grpc-default-executor-7] c.deepapp.vn.io.workers.OcrWorkerClient  : OCR Worker event: connected - java-ocr-client
2025-12-23T08:03:43.532Z  INFO 7 --- [deepapp_main] [main] o.s.b.a.e.web.EndpointLinksResolver      : Exposing 3 endpoints beneath base path '/actuator'
2025-12-23T08:03:43.610Z  INFO 7 --- [deepapp_main] [main] o.s.boot.tomcat.TomcatWebServer          : Tomcat started on port 8080 (http) with context path '/'
2025-12-23T08:03:43.623Z  INFO 7 --- [deepapp_main] [main] c.deepapp.vn.io.DeepappMainApplication   : Started DeepappMainApplication in 4.335 seconds (process running for 4.628)
2025-12-23T08:03:44.079Z  INFO 7 --- [deepapp_main] [http-nio-8080-exec-1] o.a.c.c.C.[Tomcat].[localhost].[/]       : Initializing Spring DispatcherServlet 'dispatcherServlet'
2025-12-23T08:03:44.079Z  INFO 7 --- [deepapp_main] [http-nio-8080-exec-1] o.s.web.servlet.DispatcherServlet        : Initializing Servlet 'dispatcherServlet'
2025-12-23T08:03:44.081Z  INFO 7 --- [deepapp_main] [http-nio-8080-exec-1] o.s.web.servlet.DispatcherServlet        : Completed initialization in 2 ms
2025-12-23T08:03:44.721Z  INFO 7 --- [deepapp_main] [http-nio-8080-exec-3] c.deepapp.vn.io.workers.CppWorkerClient  : Calling C++ worker: taskId=AAA0_0100_W, eventType=echo
2025-12-23T08:03:44.725Z  INFO 7 --- [deepapp_main] [http-nio-8080-exec-3] c.d.v.i.i.grpc.BaseGrpcClientService     : Sent event 'echo' from 'java-cpp-client' to 'cpp-worker' with requestId=java-cpp-client_req_1
2025-12-23T08:03:44.763Z  INFO 7 --- [deepapp_main] [cpp-worker-output] c.d.v.i.i.cpp.CppWorkerManager           : [C++ Worker] 
2025-12-23T08:03:44.764Z  INFO 7 --- [deepapp_main] [cpp-worker-output] c.d.v.i.i.cpp.CppWorkerManager           : [C++ Worker] [GrpcWorkerClient] Received event:
2025-12-23T08:03:44.764Z  INFO 7 --- [deepapp_main] [cpp-worker-output] c.d.v.i.i.cpp.CppWorkerManager           : [C++ Worker]   From: java-cpp-client
2025-12-23T08:03:44.764Z  INFO 7 --- [deepapp_main] [cpp-worker-output] c.d.v.i.i.cpp.CppWorkerManager           : [C++ Worker]   To: cpp-worker
2025-12-23T08:03:44.764Z  INFO 7 --- [deepapp_main] [cpp-worker-output] c.d.v.i.i.cpp.CppWorkerManager           : [C++ Worker]   Type: echo
2025-12-23T08:03:44.764Z  INFO 7 --- [deepapp_main] [cpp-worker-output] c.d.v.i.i.cpp.CppWorkerManager           : [C++ Worker]   Payload: Hello from Java!!!!!!!
2025-12-23T08:03:44.765Z  INFO 7 --- [deepapp_main] [cpp-worker-output] c.d.v.i.i.cpp.CppWorkerManager           : [C++ Worker]   TaskId (from metadata): AAA0_0100_W
2025-12-23T08:03:44.766Z  INFO 7 --- [deepapp_main] [cpp-worker-output] c.d.v.i.i.cpp.CppWorkerManager           : [C++ Worker] [AAA0_0100_Worker] Processing task:
2025-12-23T08:03:44.767Z  INFO 7 --- [deepapp_main] [cpp-worker-output] c.d.v.i.i.cpp.CppWorkerManager           : [C++ Worker]   Event Type: echo
2025-12-23T08:03:44.767Z  INFO 7 --- [deepapp_main] [cpp-worker-output] c.d.v.i.i.cpp.CppWorkerManager           : [C++ Worker]   Payload: Hello from Java!!!!!!!
2025-12-23T08:03:44.767Z  INFO 7 --- [deepapp_main] [cpp-worker-output] c.d.v.i.i.cpp.CppWorkerManager           : [C++ Worker]   Result: {"worker":"AAA0_0100_W","status":"success","data":"Hello from Java!!!!!!!","timestamp":1766477024}
2025-12-23T08:03:44.768Z  INFO 7 --- [deepapp_main] [cpp-worker-output] c.d.v.i.i.cpp.CppWorkerManager           : [C++ Worker] [GrpcWorkerClient] Response sent!
2025-12-23T08:03:44.804Z DEBUG 7 --- [deepapp_main] [grpc-default-executor-7] c.d.v.i.i.grpc.BaseGrpcClientService     : Received event 'response' from 'cpp-worker' to 'java-cpp-client'
2025-12-23T08:03:46.407Z  INFO 7 --- [deepapp_main] [http-nio-8080-exec-4] c.deepapp.vn.io.workers.CppWorkerClient  : Calling C++ worker: taskId=AAA0_0100_W, eventType=echo
2025-12-23T08:03:46.410Z  INFO 7 --- [deepapp_main] [http-nio-8080-exec-4] c.d.v.i.i.grpc.BaseGrpcClientService     : Sent event 'echo' from 'java-cpp-client' to 'cpp-worker' with requestId=java-cpp-client_req_2
2025-12-23T08:03:46.448Z  INFO 7 --- [deepapp_main] [cpp-worker-output] c.d.v.i.i.cpp.CppWorkerManager           : [C++ Worker] 
2025-12-23T08:03:46.448Z  INFO 7 --- [deepapp_main] [cpp-worker-output] c.d.v.i.i.cpp.CppWorkerManager           : [C++ Worker] [GrpcWorkerClient] Received event:
2025-12-23T08:03:46.449Z  INFO 7 --- [deepapp_main] [cpp-worker-output] c.d.v.i.i.cpp.CppWorkerManager           : [C++ Worker]   From: java-cpp-client
2025-12-23T08:03:46.449Z  INFO 7 --- [deepapp_main] [cpp-worker-output] c.d.v.i.i.cpp.CppWorkerManager           : [C++ Worker]   To: cpp-worker
2025-12-23T08:03:46.449Z  INFO 7 --- [deepapp_main] [cpp-worker-output] c.d.v.i.i.cpp.CppWorkerManager           : [C++ Worker]   Type: echo
2025-12-23T08:03:46.449Z  INFO 7 --- [deepapp_main] [cpp-worker-output] c.d.v.i.i.cpp.CppWorkerManager           : [C++ Worker]   Payload: Hello from Java!!!!!!!
2025-12-23T08:03:46.449Z  INFO 7 --- [deepapp_main] [cpp-worker-output] c.d.v.i.i.cpp.CppWorkerManager           : [C++ Worker]   TaskId (from metadata): AAA0_0100_W
2025-12-23T08:03:46.449Z  INFO 7 --- [deepapp_main] [cpp-worker-output] c.d.v.i.i.cpp.CppWorkerManager           : [C++ Worker] [AAA0_0100_Worker] Processing task:
2025-12-23T08:03:46.449Z  INFO 7 --- [deepapp_main] [cpp-worker-output] c.d.v.i.i.cpp.CppWorkerManager           : [C++ Worker]   Event Type: echo
2025-12-23T08:03:46.449Z  INFO 7 --- [deepapp_main] [cpp-worker-output] c.d.v.i.i.cpp.CppWorkerManager           : [C++ Worker]   Payload: Hello from Java!!!!!!!
2025-12-23T08:03:46.449Z  INFO 7 --- [deepapp_main] [cpp-worker-output] c.d.v.i.i.cpp.CppWorkerManager           : [C++ Worker]   Result: {"worker":"AAA0_0100_W","status":"success","data":"Hello from Java!!!!!!!","timestamp":1766477026}
2025-12-23T08:03:46.449Z  INFO 7 --- [deepapp_main] [cpp-worker-output] c.d.v.i.i.cpp.CppWorkerManager           : [C++ Worker] [GrpcWorkerClient] Response sent!
2025-12-23T08:03:46.487Z DEBUG 7 --- [deepapp_main] [grpc-default-executor-7] c.d.v.i.i.grpc.BaseGrpcClientService     : Received event 'response' from 'cpp-worker' to 'java-cpp-client'
2025-12-23T08:03:48.029Z  INFO 7 --- [deepapp_main] [http-nio-8080-exec-5] c.deepapp.vn.io.workers.CppWorkerClient  : Calling C++ worker: taskId=AAA0_0100_W, eventType=echo
2025-12-23T08:03:48.030Z  INFO 7 --- [deepapp_main] [http-nio-8080-exec-5] c.d.v.i.i.grpc.BaseGrpcClientService     : Sent event 'echo' from 'java-cpp-client' to 'cpp-worker' with requestId=java-cpp-client_req_3
2025-12-23T08:03:48.070Z  INFO 7 --- [deepapp_main] [cpp-worker-output] c.d.v.i.i.cpp.CppWorkerManager           : [C++ Worker] 
2025-12-23T08:03:48.071Z  INFO 7 --- [deepapp_main] [cpp-worker-output] c.d.v.i.i.cpp.CppWorkerManager           : [C++ Worker] [GrpcWorkerClient] Received event:
2025-12-23T08:03:48.072Z  INFO 7 --- [deepapp_main] [cpp-worker-output] c.d.v.i.i.cpp.CppWorkerManager           : [C++ Worker]   From: java-cpp-client
2025-12-23T08:03:48.072Z  INFO 7 --- [deepapp_main] [cpp-worker-output] c.d.v.i.i.cpp.CppWorkerManager           : [C++ Worker]   To: cpp-worker
2025-12-23T08:03:48.073Z  INFO 7 --- [deepapp_main] [cpp-worker-output] c.d.v.i.i.cpp.CppWorkerManager           : [C++ Worker]   Type: echo
2025-12-23T08:03:48.073Z  INFO 7 --- [deepapp_main] [cpp-worker-output] c.d.v.i.i.cpp.CppWorkerManager           : [C++ Worker]   Payload: Hello from Java!!!!!!!
2025-12-23T08:03:48.074Z  INFO 7 --- [deepapp_main] [cpp-worker-output] c.d.v.i.i.cpp.CppWorkerManager           : [C++ Worker]   TaskId (from metadata): AAA0_0100_W
2025-12-23T08:03:48.074Z  INFO 7 --- [deepapp_main] [cpp-worker-output] c.d.v.i.i.cpp.CppWorkerManager           : [C++ Worker] [AAA0_0100_Worker] Processing task:
2025-12-23T08:03:48.075Z  INFO 7 --- [deepapp_main] [cpp-worker-output] c.d.v.i.i.cpp.CppWorkerManager           : [C++ Worker]   Event Type: echo
2025-12-23T08:03:48.075Z  INFO 7 --- [deepapp_main] [cpp-worker-output] c.d.v.i.i.cpp.CppWorkerManager           : [C++ Worker]   Payload: Hello from Java!!!!!!!
2025-12-23T08:03:48.075Z  INFO 7 --- [deepapp_main] [cpp-worker-output] c.d.v.i.i.cpp.CppWorkerManager           : [C++ Worker]   Result: {"worker":"AAA0_0100_W","status":"success","data":"Hello from Java!!!!!!!","timestamp":1766477028}
2025-12-23T08:03:48.075Z  INFO 7 --- [deepapp_main] [cpp-worker-output] c.d.v.i.i.cpp.CppWorkerManager           : [C++ Worker] [GrpcWorkerClient] Response sent!
2025-12-23T08:03:48.109Z DEBUG 7 --- [deepapp_main] [grpc-default-executor-7] c.d.v.i.i.grpc.BaseGrpcClientService     : Received event 'response' from 'cpp-worker' to 'java-cpp-client'
2025-12-23T08:03:49.698Z  INFO 7 --- [deepapp_main] [http-nio-8080-exec-6] c.deepapp.vn.io.workers.CppWorkerClient  : Calling C++ worker: taskId=AAA0_0100_W, eventType=echo
2025-12-23T08:03:49.701Z  INFO 7 --- [deepapp_main] [http-nio-8080-exec-6] c.d.v.i.i.grpc.BaseGrpcClientService     : Sent event 'echo' from 'java-cpp-client' to 'cpp-worker' with requestId=java-cpp-client_req_4
2025-12-23T08:03:49.740Z  INFO 7 --- [deepapp_main] [cpp-worker-output] c.d.v.i.i.cpp.CppWorkerManager           : [C++ Worker] 
2025-12-23T08:03:49.741Z  INFO 7 --- [deepapp_main] [cpp-worker-output] c.d.v.i.i.cpp.CppWorkerManager           : [C++ Worker] [GrpcWorkerClient] Received event:
2025-12-23T08:03:49.741Z  INFO 7 --- [deepapp_main] [cpp-worker-output] c.d.v.i.i.cpp.CppWorkerManager           : [C++ Worker]   From: java-cpp-client
2025-12-23T08:03:49.741Z  INFO 7 --- [deepapp_main] [cpp-worker-output] c.d.v.i.i.cpp.CppWorkerManager           : [C++ Worker]   To: cpp-worker
2025-12-23T08:03:49.741Z  INFO 7 --- [deepapp_main] [cpp-worker-output] c.d.v.i.i.cpp.CppWorkerManager           : [C++ Worker]   Type: echo
2025-12-23T08:03:49.741Z  INFO 7 --- [deepapp_main] [cpp-worker-output] c.d.v.i.i.cpp.CppWorkerManager           : [C++ Worker]   Payload: Hello from Java!!!!!!!
2025-12-23T08:03:49.741Z  INFO 7 --- [deepapp_main] [cpp-worker-output] c.d.v.i.i.cpp.CppWorkerManager           : [C++ Worker]   TaskId (from metadata): AAA0_0100_W
2025-12-23T08:03:49.741Z  INFO 7 --- [deepapp_main] [cpp-worker-output] c.d.v.i.i.cpp.CppWorkerManager           : [C++ Worker] [AAA0_0100_Worker] Processing task:
2025-12-23T08:03:49.742Z  INFO 7 --- [deepapp_main] [cpp-worker-output] c.d.v.i.i.cpp.CppWorkerManager           : [C++ Worker]   Event Type: echo
2025-12-23T08:03:49.742Z  INFO 7 --- [deepapp_main] [cpp-worker-output] c.d.v.i.i.cpp.CppWorkerManager           : [C++ Worker]   Payload: Hello from Java!!!!!!!
2025-12-23T08:03:49.742Z  INFO 7 --- [deepapp_main] [cpp-worker-output] c.d.v.i.i.cpp.CppWorkerManager           : [C++ Worker]   Result: {"worker":"AAA0_0100_W","status":"success","data":"Hello from Java!!!!!!!","timestamp":1766477029}
2025-12-23T08:03:49.742Z  INFO 7 --- [deepapp_main] [cpp-worker-output] c.d.v.i.i.cpp.CppWorkerManager           : [C++ Worker] [GrpcWorkerClient] Response sent!
2025-12-23T08:03:49.779Z DEBUG 7 --- [deepapp_main] [grpc-default-executor-7] c.d.v.i.i.grpc.BaseGrpcClientService     : Received event 'response' from 'cpp-worker' to 'java-cpp-client'
2025-12-23T08:10:01.034Z ERROR 7 --- [deepapp_main] [grpc-default-executor-8] c.d.v.i.i.grpc.BaseGrpcClientService     : gRPC stream error for client 'java-ocr-client': UNAVAILABLE: Network closed for unknown reason

io.grpc.StatusRuntimeException: UNAVAILABLE: Network closed for unknown reason
	at io.grpc.Status.asRuntimeException(Status.java:537) ~[grpc-api-1.60.0.jar!/:1.60.0]
	at io.grpc.stub.ClientCalls$StreamObserverToCallListenerAdapter.onClose(ClientCalls.java:481) ~[grpc-stub-1.60.0.jar!/:1.60.0]
	at io.grpc.internal.DelayedClientCall$DelayedListener$3.run(DelayedClientCall.java:489) ~[grpc-core-1.60.0.jar!/:1.60.0]
	at io.grpc.internal.DelayedClientCall$DelayedListener.delayOrExecute(DelayedClientCall.java:453) ~[grpc-core-1.60.0.jar!/:1.60.0]
	at io.grpc.internal.DelayedClientCall$DelayedListener.onClose(DelayedClientCall.java:486) ~[grpc-core-1.60.0.jar!/:1.60.0]
	at io.grpc.internal.ClientCallImpl.closeObserver(ClientCallImpl.java:574) ~[grpc-core-1.60.0.jar!/:1.60.0]
	at io.grpc.internal.ClientCallImpl.access$300(ClientCallImpl.java:72) ~[grpc-core-1.60.0.jar!/:1.60.0]
	at io.grpc.internal.ClientCallImpl$ClientStreamListenerImpl$1StreamClosed.runInternal(ClientCallImpl.java:742) ~[grpc-core-1.60.0.jar!/:1.60.0]
	at io.grpc.internal.ClientCallImpl$ClientStreamListenerImpl$1StreamClosed.runInContext(ClientCallImpl.java:723) ~[grpc-core-1.60.0.jar!/:1.60.0]
	at io.grpc.internal.ContextRunnable.run(ContextRunnable.java:37) ~[grpc-core-1.60.0.jar!/:1.60.0]
	at io.grpc.internal.SerializingExecutor.run(SerializingExecutor.java:133) ~[grpc-core-1.60.0.jar!/:1.60.0]
	at java.base/java.util.concurrent.ThreadPoolExecutor.runWorker(Unknown Source) ~[na:na]
	at java.base/java.util.concurrent.ThreadPoolExecutor$Worker.run(Unknown Source) ~[na:na]
	at java.base/java.lang.Thread.run(Unknown Source) ~[na:na]

2025-12-23T08:17:34.121Z ERROR 7 --- [deepapp_main] [grpc-default-executor-9] c.d.v.i.i.grpc.BaseGrpcClientService     : gRPC stream error for client 'java-ner-client': UNAVAILABLE: Network closed for unknown reason

io.grpc.StatusRuntimeException: UNAVAILABLE: Network closed for unknown reason
	at io.grpc.Status.asRuntimeException(Status.java:537) ~[grpc-api-1.60.0.jar!/:1.60.0]
	at io.grpc.stub.ClientCalls$StreamObserverToCallListenerAdapter.onClose(ClientCalls.java:481) ~[grpc-stub-1.60.0.jar!/:1.60.0]
	at io.grpc.internal.DelayedClientCall$DelayedListener$3.run(DelayedClientCall.java:489) ~[grpc-core-1.60.0.jar!/:1.60.0]
	at io.grpc.internal.DelayedClientCall$DelayedListener.delayOrExecute(DelayedClientCall.java:453) ~[grpc-core-1.60.0.jar!/:1.60.0]
	at io.grpc.internal.DelayedClientCall$DelayedListener.onClose(DelayedClientCall.java:486) ~[grpc-core-1.60.0.jar!/:1.60.0]
	at io.grpc.internal.ClientCallImpl.closeObserver(ClientCallImpl.java:574) ~[grpc-core-1.60.0.jar!/:1.60.0]
	at io.grpc.internal.ClientCallImpl.access$300(ClientCallImpl.java:72) ~[grpc-core-1.60.0.jar!/:1.60.0]
	at io.grpc.internal.ClientCallImpl$ClientStreamListenerImpl$1StreamClosed.runInternal(ClientCallImpl.java:742) ~[grpc-core-1.60.0.jar!/:1.60.0]
	at io.grpc.internal.ClientCallImpl$ClientStreamListenerImpl$1StreamClosed.runInContext(ClientCallImpl.java:723) ~[grpc-core-1.60.0.jar!/:1.60.0]
	at io.grpc.internal.ContextRunnable.run(ContextRunnable.java:37) ~[grpc-core-1.60.0.jar!/:1.60.0]
	at io.grpc.internal.SerializingExecutor.run(SerializingExecutor.java:133) ~[grpc-core-1.60.0.jar!/:1.60.0]
	at java.base/java.util.concurrent.ThreadPoolExecutor.runWorker(Unknown Source) ~[na:na]
	at java.base/java.util.concurrent.ThreadPoolExecutor$Worker.run(Unknown Source) ~[na:na]
	at java.base/java.lang.Thread.run(Unknown Source) ~[na:na]

2025-12-23T08:31:21.980Z  INFO 7 --- [deepapp_main] [main] c.deepapp.vn.io.DeepappMainApplication   : Starting DeepappMainApplication v0.0.1-SNAPSHOT using Java 17.0.17 with PID 7 (/app/app.jar started by root in /app)
2025-12-23T08:31:21.982Z DEBUG 7 --- [deepapp_main] [main] c.deepapp.vn.io.DeepappMainApplication   : Running with Spring Boot v4.0.1, Spring v7.0.2
2025-12-23T08:31:21.983Z  INFO 7 --- [deepapp_main] [main] c.deepapp.vn.io.DeepappMainApplication   : The following 1 profile is active: "docker"
2025-12-23T08:31:23.060Z  INFO 7 --- [deepapp_main] [main] o.s.boot.tomcat.TomcatWebServer          : Tomcat initialized with port 8080 (http)
2025-12-23T08:31:23.072Z  INFO 7 --- [deepapp_main] [main] o.apache.catalina.core.StandardService   : Starting service [Tomcat]
2025-12-23T08:31:23.072Z  INFO 7 --- [deepapp_main] [main] o.apache.catalina.core.StandardEngine    : Starting Servlet engine: [Apache Tomcat/11.0.15]
2025-12-23T08:31:23.100Z  INFO 7 --- [deepapp_main] [main] b.w.c.s.WebApplicationContextInitializer : Root WebApplicationContext: initialization completed in 1079 ms
2025-12-23T08:31:23.287Z  INFO 7 --- [deepapp_main] [main] c.deepapp.vn.io.workers.CppWorkerClient  : CppWorkerClient created with host=72.60.111.138, port=50051
2025-12-23T08:31:23.289Z  INFO 7 --- [deepapp_main] [main] c.d.v.i.i.grpc.BaseGrpcClientService     : Initializing gRPC client 'java-cpp-client' to 72.60.111.138:50051
2025-12-23T08:31:23.487Z  INFO 7 --- [deepapp_main] [main] c.d.v.i.i.grpc.BaseGrpcClientService     : Sent connection message for client 'java-cpp-client'
2025-12-23T08:31:23.488Z  INFO 7 --- [deepapp_main] [main] c.d.v.i.i.grpc.BaseGrpcClientService     : gRPC client 'java-cpp-client' initialized successfully
2025-12-23T08:31:23.488Z  INFO 7 --- [deepapp_main] [main] c.deepapp.vn.io.workers.CppWorkerClient  : C++ Worker Client initialized - target: cpp-worker
2025-12-23T08:31:23.493Z  INFO 7 --- [deepapp_main] [main] c.d.v.i.i.cpp.CppWorkerManager           : ========================================
2025-12-23T08:31:23.493Z  INFO 7 --- [deepapp_main] [main] c.d.v.i.i.cpp.CppWorkerManager           : C++ Worker Manager - Initialization
2025-12-23T08:31:23.493Z  INFO 7 --- [deepapp_main] [main] c.d.v.i.i.cpp.CppWorkerManager           : ========================================
2025-12-23T08:31:23.493Z  INFO 7 --- [deepapp_main] [main] c.d.v.i.i.cpp.CppWorkerManager           : Starting C++ worker process...
2025-12-23T08:31:23.494Z  INFO 7 --- [deepapp_main] [main] c.d.v.i.i.cpp.CppWorkerManager           :   gRPC Server: 72.60.111.138:50051
2025-12-23T08:31:23.494Z  INFO 7 --- [deepapp_main] [main] c.d.v.i.i.cpp.CppWorkerManager           :   Client ID: cpp-worker
2025-12-23T08:31:23.541Z  INFO 7 --- [deepapp_main] [cpp-worker-output] c.d.v.i.i.cpp.CppWorkerManager           : [C++ Worker] [AAA0_0100_Worker] Initialized
2025-12-23T08:31:23.541Z  INFO 7 --- [deepapp_main] [cpp-worker-output] c.d.v.i.i.cpp.CppWorkerManager           : [C++ Worker] [WorkerRegistry] Registered worker: AAA0_0100_W -> AAA0_0100_Worker
2025-12-23T08:31:23.542Z  INFO 7 --- [deepapp_main] [cpp-worker-output] c.d.v.i.i.cpp.CppWorkerManager           : [C++ Worker] [AAA0_0200_Worker] Initialized
2025-12-23T08:31:23.542Z  INFO 7 --- [deepapp_main] [cpp-worker-output] c.d.v.i.i.cpp.CppWorkerManager           : [C++ Worker] [WorkerRegistry] Registered worker: AAA0_0200_W -> AAA0_0200_Worker
2025-12-23T08:31:23.542Z  INFO 7 --- [deepapp_main] [cpp-worker-output] c.d.v.i.i.cpp.CppWorkerManager           : [C++ Worker] ========================================
2025-12-23T08:31:23.542Z  INFO 7 --- [deepapp_main] [cpp-worker-output] c.d.v.i.i.cpp.CppWorkerManager           : [C++ Worker] DeepApp C++ Worker Application
2025-12-23T08:31:23.542Z  INFO 7 --- [deepapp_main] [cpp-worker-output] c.d.v.i.i.cpp.CppWorkerManager           : [C++ Worker] ========================================
2025-12-23T08:31:23.543Z  INFO 7 --- [deepapp_main] [cpp-worker-output] c.d.v.i.i.cpp.CppWorkerManager           : [C++ Worker] [Main] Configuration:
2025-12-23T08:31:23.543Z  INFO 7 --- [deepapp_main] [cpp-worker-output] c.d.v.i.i.cpp.CppWorkerManager           : [C++ Worker]   Server: 72.60.111.138:50051
2025-12-23T08:31:23.543Z  INFO 7 --- [deepapp_main] [cpp-worker-output] c.d.v.i.i.cpp.CppWorkerManager           : [C++ Worker]   Client ID: cpp-worker
2025-12-23T08:31:23.543Z  INFO 7 --- [deepapp_main] [cpp-worker-output] c.d.v.i.i.cpp.CppWorkerManager           : [C++ Worker] 
2025-12-23T08:31:23.543Z  INFO 7 --- [deepapp_main] [cpp-worker-output] c.d.v.i.i.cpp.CppWorkerManager           : [C++ Worker] [Main] Worker Registry Status:
2025-12-23T08:31:23.543Z  INFO 7 --- [deepapp_main] [cpp-worker-output] c.d.v.i.i.cpp.CppWorkerManager           : [C++ Worker]   Total workers: 2
2025-12-23T08:31:23.544Z  INFO 7 --- [deepapp_main] [cpp-worker-output] c.d.v.i.i.cpp.CppWorkerManager           : [C++ Worker]   ✓ Registered workers:
2025-12-23T08:31:23.544Z  INFO 7 --- [deepapp_main] [cpp-worker-output] c.d.v.i.i.cpp.CppWorkerManager           : [C++ Worker]     - AAA0_0100_W (AAA0_0100_Worker)
2025-12-23T08:31:23.544Z  INFO 7 --- [deepapp_main] [cpp-worker-output] c.d.v.i.i.cpp.CppWorkerManager           : [C++ Worker]     - AAA0_0200_W (AAA0_0200_Worker)
2025-12-23T08:31:23.545Z  INFO 7 --- [deepapp_main] [cpp-worker-output] c.d.v.i.i.cpp.CppWorkerManager           : [C++ Worker] 
2025-12-23T08:31:23.545Z  INFO 7 --- [deepapp_main] [cpp-worker-output] c.d.v.i.i.cpp.CppWorkerManager           : [C++ Worker] [Main] Starting gRPC worker client...
2025-12-23T08:31:23.545Z  INFO 7 --- [deepapp_main] [cpp-worker-output] c.d.v.i.i.cpp.CppWorkerManager           : [C++ Worker] ========================================
2025-12-23T08:31:23.545Z  INFO 7 --- [deepapp_main] [cpp-worker-output] c.d.v.i.i.cpp.CppWorkerManager           : [C++ Worker] 
2025-12-23T08:31:23.545Z  INFO 7 --- [deepapp_main] [cpp-worker-output] c.d.v.i.i.cpp.CppWorkerManager           : [C++ Worker] [GrpcWorkerClient] Connecting to 72.60.111.138:50051 with client_id: cpp-worker
2025-12-23T08:31:23.590Z  INFO 7 --- [deepapp_main] [cpp-worker-output] c.d.v.i.i.cpp.CppWorkerManager           : [C++ Worker] [GrpcWorkerClient] Connected! Waiting for tasks...
2025-12-23T08:31:23.590Z  INFO 7 --- [deepapp_main] [cpp-worker-output] c.d.v.i.i.cpp.CppWorkerManager           : [C++ Worker] [GrpcWorkerClient] Registered 2 workers:
2025-12-23T08:31:23.590Z  INFO 7 --- [deepapp_main] [cpp-worker-output] c.d.v.i.i.cpp.CppWorkerManager           : [C++ Worker]   - AAA0_0100_W
2025-12-23T08:31:23.590Z  INFO 7 --- [deepapp_main] [cpp-worker-output] c.d.v.i.i.cpp.CppWorkerManager           : [C++ Worker]   - AAA0_0200_W
2025-12-23T08:31:23.631Z  INFO 7 --- [deepapp_main] [cpp-worker-output] c.d.v.i.i.cpp.CppWorkerManager           : [C++ Worker] 
2025-12-23T08:31:23.632Z  INFO 7 --- [deepapp_main] [cpp-worker-output] c.d.v.i.i.cpp.CppWorkerManager           : [C++ Worker] [GrpcWorkerClient] Received event:
2025-12-23T08:31:23.632Z  INFO 7 --- [deepapp_main] [cpp-worker-output] c.d.v.i.i.cpp.CppWorkerManager           : [C++ Worker]   From: server
2025-12-23T08:31:23.632Z  INFO 7 --- [deepapp_main] [cpp-worker-output] c.d.v.i.i.cpp.CppWorkerManager           : [C++ Worker]   To: cpp-worker
2025-12-23T08:31:23.632Z  INFO 7 --- [deepapp_main] [cpp-worker-output] c.d.v.i.i.cpp.CppWorkerManager           : [C++ Worker]   Type: connected
2025-12-23T08:31:23.632Z  INFO 7 --- [deepapp_main] [cpp-worker-output] c.d.v.i.i.cpp.CppWorkerManager           : [C++ Worker]   Payload: cpp-worker
2025-12-23T08:31:23.632Z  INFO 7 --- [deepapp_main] [cpp-worker-output] c.d.v.i.i.cpp.CppWorkerManager           : [C++ Worker]   TaskId (from targetId): cpp-worker
2025-12-23T08:31:23.632Z  INFO 7 --- [deepapp_main] [cpp-worker-output] c.d.v.i.i.cpp.CppWorkerManager           : [C++ Worker]   Result: {"error":"Worker not found: cpp-worker"}
2025-12-23T08:31:23.632Z  INFO 7 --- [deepapp_main] [cpp-worker-output] c.d.v.i.i.cpp.CppWorkerManager           : [C++ Worker] [GrpcWorkerClient] Response sent!
2025-12-23T08:31:23.782Z DEBUG 7 --- [deepapp_main] [grpc-default-executor-1] c.d.v.i.i.grpc.BaseGrpcClientService     : Received event 'connected' from 'server' to 'java-cpp-client'
2025-12-23T08:31:23.783Z  INFO 7 --- [deepapp_main] [grpc-default-executor-1] c.d.vn.io.workers.BaseWorkerClient       : Worker 'java-cpp-client' received event 'connected' from 'server'
2025-12-23T08:31:23.783Z  INFO 7 --- [deepapp_main] [grpc-default-executor-1] c.deepapp.vn.io.workers.CppWorkerClient  : C++ Worker event: connected - java-cpp-client
2025-12-23T08:31:25.537Z  INFO 7 --- [deepapp_main] [main] c.d.v.i.i.cpp.CppWorkerManager           : C++ worker process started successfully (PID: 57)
2025-12-23T08:31:25.538Z  INFO 7 --- [deepapp_main] [main] c.d.v.i.i.cpp.CppWorkerManager           : C++ Worker Manager initialized successfully
2025-12-23T08:31:25.538Z  INFO 7 --- [deepapp_main] [main] c.d.v.i.i.cpp.CppWorkerManager           : ========================================
2025-12-23T08:31:25.546Z  INFO 7 --- [deepapp_main] [main] c.deepapp.vn.io.workers.OcrWorkerClient  : OcrWorkerClient created with host=72.60.111.138, port=50051
2025-12-23T08:31:25.547Z  INFO 7 --- [deepapp_main] [main] c.d.v.i.i.grpc.BaseGrpcClientService     : Initializing gRPC client 'java-ocr-client' to 72.60.111.138:50051
2025-12-23T08:31:25.550Z  INFO 7 --- [deepapp_main] [main] c.d.v.i.i.grpc.BaseGrpcClientService     : Sent connection message for client 'java-ocr-client'
2025-12-23T08:31:25.550Z  INFO 7 --- [deepapp_main] [main] c.d.v.i.i.grpc.BaseGrpcClientService     : gRPC client 'java-ocr-client' initialized successfully
2025-12-23T08:31:25.550Z  INFO 7 --- [deepapp_main] [main] c.deepapp.vn.io.workers.OcrWorkerClient  : OCR Worker Client initialized - target: cpp-ocr-worker
2025-12-23T08:31:25.557Z  INFO 7 --- [deepapp_main] [main] c.deepapp.vn.io.workers.NerWorkerClient  : NerWorkerClient created with host=72.60.111.138, port=50051
2025-12-23T08:31:25.558Z  INFO 7 --- [deepapp_main] [main] c.d.v.i.i.grpc.BaseGrpcClientService     : Initializing gRPC client 'java-ner-client' to 72.60.111.138:50051
2025-12-23T08:31:25.560Z  INFO 7 --- [deepapp_main] [main] c.d.v.i.i.grpc.BaseGrpcClientService     : Sent connection message for client 'java-ner-client'
2025-12-23T08:31:25.560Z  INFO 7 --- [deepapp_main] [main] c.d.v.i.i.grpc.BaseGrpcClientService     : gRPC client 'java-ner-client' initialized successfully
2025-12-23T08:31:25.560Z  INFO 7 --- [deepapp_main] [main] c.deepapp.vn.io.workers.NerWorkerClient  : NER Worker Client initialized - target: cpp-ner-worker
2025-12-23T08:31:25.634Z DEBUG 7 --- [deepapp_main] [grpc-default-executor-1] c.d.v.i.i.grpc.BaseGrpcClientService     : Received event 'connected' from 'server' to 'java-ocr-client'
2025-12-23T08:31:25.635Z  INFO 7 --- [deepapp_main] [grpc-default-executor-1] c.d.vn.io.workers.BaseWorkerClient       : Worker 'java-ocr-client' received event 'connected' from 'server'
2025-12-23T08:31:25.635Z  INFO 7 --- [deepapp_main] [grpc-default-executor-1] c.deepapp.vn.io.workers.OcrWorkerClient  : OCR Worker event: connected - java-ocr-client
2025-12-23T08:31:25.649Z DEBUG 7 --- [deepapp_main] [grpc-default-executor-0] c.d.v.i.i.grpc.BaseGrpcClientService     : Received event 'connected' from 'server' to 'java-ner-client'
2025-12-23T08:31:25.650Z  INFO 7 --- [deepapp_main] [grpc-default-executor-0] c.d.vn.io.workers.BaseWorkerClient       : Worker 'java-ner-client' received event 'connected' from 'server'
2025-12-23T08:31:25.650Z  INFO 7 --- [deepapp_main] [grpc-default-executor-0] c.deepapp.vn.io.workers.NerWorkerClient  : NER Worker event: connected - java-ner-client
2025-12-23T08:31:26.624Z  INFO 7 --- [deepapp_main] [main] o.s.b.a.e.web.EndpointLinksResolver      : Exposing 3 endpoints beneath base path '/actuator'
2025-12-23T08:31:26.736Z  INFO 7 --- [deepapp_main] [main] o.s.boot.tomcat.TomcatWebServer          : Tomcat started on port 8080 (http) with context path '/'
2025-12-23T08:31:26.770Z  INFO 7 --- [deepapp_main] [main] c.deepapp.vn.io.DeepappMainApplication   : Started DeepappMainApplication in 5.305 seconds (process running for 5.752)
2025-12-23T08:31:27.844Z  INFO 7 --- [deepapp_main] [http-nio-8080-exec-1] o.a.c.c.C.[Tomcat].[localhost].[/]       : Initializing Spring DispatcherServlet 'dispatcherServlet'
2025-12-23T08:31:27.845Z  INFO 7 --- [deepapp_main] [http-nio-8080-exec-1] o.s.web.servlet.DispatcherServlet        : Initializing Servlet 'dispatcherServlet'
2025-12-23T08:31:27.848Z  INFO 7 --- [deepapp_main] [http-nio-8080-exec-1] o.s.web.servlet.DispatcherServlet        : Completed initialization in 3 ms
2025-12-23T08:33:20.207Z  INFO 7 --- [deepapp_main] [main] c.deepapp.vn.io.DeepappMainApplication   : Starting DeepappMainApplication v0.0.1-SNAPSHOT using Java 17.0.17 with PID 7 (/app/app.jar started by root in /app)
2025-12-23T08:33:20.209Z DEBUG 7 --- [deepapp_main] [main] c.deepapp.vn.io.DeepappMainApplication   : Running with Spring Boot v4.0.1, Spring v7.0.2
2025-12-23T08:33:20.210Z  INFO 7 --- [deepapp_main] [main] c.deepapp.vn.io.DeepappMainApplication   : The following 1 profile is active: "docker"
2025-12-23T08:33:21.409Z  INFO 7 --- [deepapp_main] [main] o.s.boot.tomcat.TomcatWebServer          : Tomcat initialized with port 8080 (http)
2025-12-23T08:33:21.421Z  INFO 7 --- [deepapp_main] [main] o.apache.catalina.core.StandardService   : Starting service [Tomcat]
2025-12-23T08:33:21.422Z  INFO 7 --- [deepapp_main] [main] o.apache.catalina.core.StandardEngine    : Starting Servlet engine: [Apache Tomcat/11.0.15]
2025-12-23T08:33:21.448Z  INFO 7 --- [deepapp_main] [main] b.w.c.s.WebApplicationContextInitializer : Root WebApplicationContext: initialization completed in 1189 ms
2025-12-23T08:33:21.644Z  INFO 7 --- [deepapp_main] [main] c.deepapp.vn.io.workers.CppWorkerClient  : CppWorkerClient created with host=72.60.111.138, port=50051
2025-12-23T08:33:21.647Z  INFO 7 --- [deepapp_main] [main] c.d.v.i.i.grpc.BaseGrpcClientService     : Initializing gRPC client 'java-cpp-client' to 72.60.111.138:50051
2025-12-23T08:33:21.867Z  INFO 7 --- [deepapp_main] [main] c.d.v.i.i.grpc.BaseGrpcClientService     : Sent connection message for client 'java-cpp-client'
2025-12-23T08:33:21.868Z  INFO 7 --- [deepapp_main] [main] c.d.v.i.i.grpc.BaseGrpcClientService     : gRPC client 'java-cpp-client' initialized successfully
2025-12-23T08:33:21.868Z  INFO 7 --- [deepapp_main] [main] c.deepapp.vn.io.workers.CppWorkerClient  : C++ Worker Client initialized - target: cpp-worker
2025-12-23T08:33:21.872Z  INFO 7 --- [deepapp_main] [main] c.d.v.i.i.cpp.CppWorkerManager           : ========================================
2025-12-23T08:33:21.873Z  INFO 7 --- [deepapp_main] [main] c.d.v.i.i.cpp.CppWorkerManager           : C++ Worker Manager - Initialization
2025-12-23T08:33:21.873Z  INFO 7 --- [deepapp_main] [main] c.d.v.i.i.cpp.CppWorkerManager           : ========================================
2025-12-23T08:33:21.873Z  INFO 7 --- [deepapp_main] [main] c.d.v.i.i.cpp.CppWorkerManager           : Starting C++ worker process...
2025-12-23T08:33:21.873Z  INFO 7 --- [deepapp_main] [main] c.d.v.i.i.cpp.CppWorkerManager           :   gRPC Server: 72.60.111.138:50051
2025-12-23T08:33:21.873Z  INFO 7 --- [deepapp_main] [main] c.d.v.i.i.cpp.CppWorkerManager           :   Client ID: cpp-worker
2025-12-23T08:33:21.912Z  INFO 7 --- [deepapp_main] [cpp-worker-output] c.d.v.i.i.cpp.CppWorkerManager           : [C++ Worker] [AAA0_0100_Worker] Initialized
2025-12-23T08:33:21.912Z  INFO 7 --- [deepapp_main] [cpp-worker-output] c.d.v.i.i.cpp.CppWorkerManager           : [C++ Worker] [WorkerRegistry] Registered worker: AAA0_0100_W -> AAA0_0100_Worker
2025-12-23T08:33:21.912Z  INFO 7 --- [deepapp_main] [cpp-worker-output] c.d.v.i.i.cpp.CppWorkerManager           : [C++ Worker] [AAA0_0200_Worker] Initialized
2025-12-23T08:33:21.913Z  INFO 7 --- [deepapp_main] [cpp-worker-output] c.d.v.i.i.cpp.CppWorkerManager           : [C++ Worker] [WorkerRegistry] Registered worker: AAA0_0200_W -> AAA0_0200_Worker
2025-12-23T08:33:21.913Z  INFO 7 --- [deepapp_main] [cpp-worker-output] c.d.v.i.i.cpp.CppWorkerManager           : [C++ Worker] ========================================
2025-12-23T08:33:21.913Z  INFO 7 --- [deepapp_main] [cpp-worker-output] c.d.v.i.i.cpp.CppWorkerManager           : [C++ Worker] DeepApp C++ Worker Application
2025-12-23T08:33:21.913Z  INFO 7 --- [deepapp_main] [cpp-worker-output] c.d.v.i.i.cpp.CppWorkerManager           : [C++ Worker] ========================================
2025-12-23T08:33:21.913Z  INFO 7 --- [deepapp_main] [cpp-worker-output] c.d.v.i.i.cpp.CppWorkerManager           : [C++ Worker] [Main] Configuration:
2025-12-23T08:33:21.913Z  INFO 7 --- [deepapp_main] [cpp-worker-output] c.d.v.i.i.cpp.CppWorkerManager           : [C++ Worker]   Server: 72.60.111.138:50051
2025-12-23T08:33:21.913Z  INFO 7 --- [deepapp_main] [cpp-worker-output] c.d.v.i.i.cpp.CppWorkerManager           : [C++ Worker]   Client ID: cpp-worker
2025-12-23T08:33:21.913Z  INFO 7 --- [deepapp_main] [cpp-worker-output] c.d.v.i.i.cpp.CppWorkerManager           : [C++ Worker] 
2025-12-23T08:33:21.913Z  INFO 7 --- [deepapp_main] [cpp-worker-output] c.d.v.i.i.cpp.CppWorkerManager           : [C++ Worker] [Main] Worker Registry Status:
2025-12-23T08:33:21.914Z  INFO 7 --- [deepapp_main] [cpp-worker-output] c.d.v.i.i.cpp.CppWorkerManager           : [C++ Worker]   Total workers: 2
2025-12-23T08:33:21.914Z  INFO 7 --- [deepapp_main] [cpp-worker-output] c.d.v.i.i.cpp.CppWorkerManager           : [C++ Worker]   ✓ Registered workers:
2025-12-23T08:33:21.915Z  INFO 7 --- [deepapp_main] [cpp-worker-output] c.d.v.i.i.cpp.CppWorkerManager           : [C++ Worker]     - AAA0_0100_W (AAA0_0100_Worker)
2025-12-23T08:33:21.915Z  INFO 7 --- [deepapp_main] [cpp-worker-output] c.d.v.i.i.cpp.CppWorkerManager           : [C++ Worker]     - AAA0_0200_W (AAA0_0200_Worker)
2025-12-23T08:33:21.918Z  INFO 7 --- [deepapp_main] [cpp-worker-output] c.d.v.i.i.cpp.CppWorkerManager           : [C++ Worker] 
2025-12-23T08:33:21.919Z  INFO 7 --- [deepapp_main] [cpp-worker-output] c.d.v.i.i.cpp.CppWorkerManager           : [C++ Worker] [Main] Starting gRPC worker client...
2025-12-23T08:33:21.920Z  INFO 7 --- [deepapp_main] [cpp-worker-output] c.d.v.i.i.cpp.CppWorkerManager           : [C++ Worker] ========================================
2025-12-23T08:33:21.920Z  INFO 7 --- [deepapp_main] [cpp-worker-output] c.d.v.i.i.cpp.CppWorkerManager           : [C++ Worker] 
2025-12-23T08:33:21.920Z  INFO 7 --- [deepapp_main] [cpp-worker-output] c.d.v.i.i.cpp.CppWorkerManager           : [C++ Worker] [GrpcWorkerClient] Connecting to 72.60.111.138:50051 with client_id: cpp-worker
2025-12-23T08:33:21.953Z  INFO 7 --- [deepapp_main] [cpp-worker-output] c.d.v.i.i.cpp.CppWorkerManager           : [C++ Worker] [GrpcWorkerClient] Connected! Waiting for tasks...
2025-12-23T08:33:21.954Z  INFO 7 --- [deepapp_main] [cpp-worker-output] c.d.v.i.i.cpp.CppWorkerManager           : [C++ Worker] [GrpcWorkerClient] Registered 2 workers:
2025-12-23T08:33:21.955Z  INFO 7 --- [deepapp_main] [cpp-worker-output] c.d.v.i.i.cpp.CppWorkerManager           : [C++ Worker]   - AAA0_0100_W
2025-12-23T08:33:21.955Z  INFO 7 --- [deepapp_main] [cpp-worker-output] c.d.v.i.i.cpp.CppWorkerManager           : [C++ Worker]   - AAA0_0200_W
2025-12-23T08:33:21.994Z  INFO 7 --- [deepapp_main] [cpp-worker-output] c.d.v.i.i.cpp.CppWorkerManager           : [C++ Worker] 
2025-12-23T08:33:21.995Z  INFO 7 --- [deepapp_main] [cpp-worker-output] c.d.v.i.i.cpp.CppWorkerManager           : [C++ Worker] [GrpcWorkerClient] Received event:
2025-12-23T08:33:21.995Z  INFO 7 --- [deepapp_main] [cpp-worker-output] c.d.v.i.i.cpp.CppWorkerManager           : [C++ Worker]   From: server
2025-12-23T08:33:21.995Z  INFO 7 --- [deepapp_main] [cpp-worker-output] c.d.v.i.i.cpp.CppWorkerManager           : [C++ Worker]   To: cpp-worker
2025-12-23T08:33:21.995Z  INFO 7 --- [deepapp_main] [cpp-worker-output] c.d.v.i.i.cpp.CppWorkerManager           : [C++ Worker]   Type: connected
2025-12-23T08:33:21.995Z  INFO 7 --- [deepapp_main] [cpp-worker-output] c.d.v.i.i.cpp.CppWorkerManager           : [C++ Worker]   Payload: cpp-worker
2025-12-23T08:33:21.995Z  INFO 7 --- [deepapp_main] [cpp-worker-output] c.d.v.i.i.cpp.CppWorkerManager           : [C++ Worker]   TaskId (from targetId): cpp-worker
2025-12-23T08:33:21.995Z  INFO 7 --- [deepapp_main] [cpp-worker-output] c.d.v.i.i.cpp.CppWorkerManager           : [C++ Worker]   Result: {"error":"Worker not found: cpp-worker"}
2025-12-23T08:33:21.996Z  INFO 7 --- [deepapp_main] [cpp-worker-output] c.d.v.i.i.cpp.CppWorkerManager           : [C++ Worker] [GrpcWorkerClient] Response sent!
2025-12-23T08:33:22.180Z DEBUG 7 --- [deepapp_main] [grpc-default-executor-1] c.d.v.i.i.grpc.BaseGrpcClientService     : Received event 'connected' from 'server' to 'java-cpp-client'
2025-12-23T08:33:22.180Z  INFO 7 --- [deepapp_main] [grpc-default-executor-1] c.d.vn.io.workers.BaseWorkerClient       : Worker 'java-cpp-client' received event 'connected' from 'server'
2025-12-23T08:33:22.180Z  INFO 7 --- [deepapp_main] [grpc-default-executor-1] c.deepapp.vn.io.workers.CppWorkerClient  : C++ Worker event: connected - java-cpp-client
2025-12-23T08:33:23.913Z  INFO 7 --- [deepapp_main] [main] c.d.v.i.i.cpp.CppWorkerManager           : C++ worker process started successfully (PID: 58)
2025-12-23T08:33:23.913Z  INFO 7 --- [deepapp_main] [main] c.d.v.i.i.cpp.CppWorkerManager           : C++ Worker Manager initialized successfully
2025-12-23T08:33:23.914Z  INFO 7 --- [deepapp_main] [main] c.d.v.i.i.cpp.CppWorkerManager           : ========================================
2025-12-23T08:33:23.922Z  INFO 7 --- [deepapp_main] [main] c.deepapp.vn.io.workers.OcrWorkerClient  : OcrWorkerClient created with host=72.60.111.138, port=50051
2025-12-23T08:33:23.923Z  INFO 7 --- [deepapp_main] [main] c.d.v.i.i.grpc.BaseGrpcClientService     : Initializing gRPC client 'java-ocr-client' to 72.60.111.138:50051
2025-12-23T08:33:23.924Z  INFO 7 --- [deepapp_main] [main] c.d.v.i.i.grpc.BaseGrpcClientService     : Sent connection message for client 'java-ocr-client'
2025-12-23T08:33:23.924Z  INFO 7 --- [deepapp_main] [main] c.d.v.i.i.grpc.BaseGrpcClientService     : gRPC client 'java-ocr-client' initialized successfully
2025-12-23T08:33:23.924Z  INFO 7 --- [deepapp_main] [main] c.deepapp.vn.io.workers.OcrWorkerClient  : OCR Worker Client initialized - target: cpp-ocr-worker
2025-12-23T08:33:23.927Z  INFO 7 --- [deepapp_main] [main] c.deepapp.vn.io.workers.NerWorkerClient  : NerWorkerClient created with host=72.60.111.138, port=50051
2025-12-23T08:33:23.929Z  INFO 7 --- [deepapp_main] [main] c.d.v.i.i.grpc.BaseGrpcClientService     : Initializing gRPC client 'java-ner-client' to 72.60.111.138:50051
2025-12-23T08:33:23.931Z  INFO 7 --- [deepapp_main] [main] c.d.v.i.i.grpc.BaseGrpcClientService     : Sent connection message for client 'java-ner-client'
2025-12-23T08:33:23.932Z  INFO 7 --- [deepapp_main] [main] c.d.v.i.i.grpc.BaseGrpcClientService     : gRPC client 'java-ner-client' initialized successfully
2025-12-23T08:33:23.933Z  INFO 7 --- [deepapp_main] [main] c.deepapp.vn.io.workers.NerWorkerClient  : NER Worker Client initialized - target: cpp-ner-worker
2025-12-23T08:33:24.010Z DEBUG 7 --- [deepapp_main] [grpc-default-executor-2] c.d.v.i.i.grpc.BaseGrpcClientService     : Received event 'connected' from 'server' to 'java-ocr-client'
2025-12-23T08:33:24.010Z  INFO 7 --- [deepapp_main] [grpc-default-executor-2] c.d.vn.io.workers.BaseWorkerClient       : Worker 'java-ocr-client' received event 'connected' from 'server'
2025-12-23T08:33:24.011Z  INFO 7 --- [deepapp_main] [grpc-default-executor-2] c.deepapp.vn.io.workers.OcrWorkerClient  : OCR Worker event: connected - java-ocr-client
2025-12-23T08:33:24.018Z DEBUG 7 --- [deepapp_main] [grpc-default-executor-1] c.d.v.i.i.grpc.BaseGrpcClientService     : Received event 'connected' from 'server' to 'java-ner-client'
2025-12-23T08:33:24.018Z  INFO 7 --- [deepapp_main] [grpc-default-executor-1] c.d.vn.io.workers.BaseWorkerClient       : Worker 'java-ner-client' received event 'connected' from 'server'
2025-12-23T08:33:24.018Z  INFO 7 --- [deepapp_main] [grpc-default-executor-1] c.deepapp.vn.io.workers.NerWorkerClient  : NER Worker event: connected - java-ner-client
2025-12-23T08:33:24.904Z  INFO 7 --- [deepapp_main] [main] o.s.b.a.e.web.EndpointLinksResolver      : Exposing 3 endpoints beneath base path '/actuator'
2025-12-23T08:33:24.967Z  INFO 7 --- [deepapp_main] [main] o.s.boot.tomcat.TomcatWebServer          : Tomcat started on port 8080 (http) with context path '/'
2025-12-23T08:33:24.979Z  INFO 7 --- [deepapp_main] [main] c.deepapp.vn.io.DeepappMainApplication   : Started DeepappMainApplication in 5.316 seconds (process running for 5.789)
2025-12-23T08:33:28.424Z  INFO 7 --- [deepapp_main] [http-nio-8080-exec-1] o.a.c.c.C.[Tomcat].[localhost].[/]       : Initializing Spring DispatcherServlet 'dispatcherServlet'
2025-12-23T08:33:28.424Z  INFO 7 --- [deepapp_main] [http-nio-8080-exec-1] o.s.web.servlet.DispatcherServlet        : Initializing Servlet 'dispatcherServlet'
2025-12-23T08:33:28.426Z  INFO 7 --- [deepapp_main] [http-nio-8080-exec-1] o.s.web.servlet.DispatcherServlet        : Completed initialization in 1 ms
2025-12-23T08:34:22.514Z ERROR 7 --- [deepapp_main] [grpc-default-executor-1] c.d.v.i.i.grpc.BaseGrpcClientService     : gRPC stream error for client 'java-cpp-client': UNAVAILABLE: Network closed for unknown reason

io.grpc.StatusRuntimeException: UNAVAILABLE: Network closed for unknown reason
	at io.grpc.Status.asRuntimeException(Status.java:537) ~[grpc-api-1.60.0.jar!/:1.60.0]
	at io.grpc.stub.ClientCalls$StreamObserverToCallListenerAdapter.onClose(ClientCalls.java:481) ~[grpc-stub-1.60.0.jar!/:1.60.0]
	at io.grpc.internal.DelayedClientCall$DelayedListener$3.run(DelayedClientCall.java:489) ~[grpc-core-1.60.0.jar!/:1.60.0]
	at io.grpc.internal.DelayedClientCall$DelayedListener.delayOrExecute(DelayedClientCall.java:453) ~[grpc-core-1.60.0.jar!/:1.60.0]
	at io.grpc.internal.DelayedClientCall$DelayedListener.onClose(DelayedClientCall.java:486) ~[grpc-core-1.60.0.jar!/:1.60.0]
	at io.grpc.internal.ClientCallImpl.closeObserver(ClientCallImpl.java:574) ~[grpc-core-1.60.0.jar!/:1.60.0]
	at io.grpc.internal.ClientCallImpl.access$300(ClientCallImpl.java:72) ~[grpc-core-1.60.0.jar!/:1.60.0]
	at io.grpc.internal.ClientCallImpl$ClientStreamListenerImpl$1StreamClosed.runInternal(ClientCallImpl.java:742) ~[grpc-core-1.60.0.jar!/:1.60.0]
	at io.grpc.internal.ClientCallImpl$ClientStreamListenerImpl$1StreamClosed.runInContext(ClientCallImpl.java:723) ~[grpc-core-1.60.0.jar!/:1.60.0]
	at io.grpc.internal.ContextRunnable.run(ContextRunnable.java:37) ~[grpc-core-1.60.0.jar!/:1.60.0]
	at io.grpc.internal.SerializingExecutor.run(SerializingExecutor.java:133) ~[grpc-core-1.60.0.jar!/:1.60.0]
	at java.base/java.util.concurrent.ThreadPoolExecutor.runWorker(Unknown Source) ~[na:na]
	at java.base/java.util.concurrent.ThreadPoolExecutor$Worker.run(Unknown Source) ~[na:na]
	at java.base/java.lang.Thread.run(Unknown Source) ~[na:na]

2025-12-23T08:36:14.728Z  INFO 7 --- [deepapp_main] [main] c.deepapp.vn.io.DeepappMainApplication   : Starting DeepappMainApplication v0.0.1-SNAPSHOT using Java 17.0.17 with PID 7 (/app/app.jar started by root in /app)
2025-12-23T08:36:14.730Z DEBUG 7 --- [deepapp_main] [main] c.deepapp.vn.io.DeepappMainApplication   : Running with Spring Boot v4.0.1, Spring v7.0.2
2025-12-23T08:36:14.731Z  INFO 7 --- [deepapp_main] [main] c.deepapp.vn.io.DeepappMainApplication   : The following 1 profile is active: "docker"
2025-12-23T08:36:15.863Z  INFO 7 --- [deepapp_main] [main] o.s.boot.tomcat.TomcatWebServer          : Tomcat initialized with port 8080 (http)
2025-12-23T08:36:15.873Z  INFO 7 --- [deepapp_main] [main] o.apache.catalina.core.StandardService   : Starting service [Tomcat]
2025-12-23T08:36:15.873Z  INFO 7 --- [deepapp_main] [main] o.apache.catalina.core.StandardEngine    : Starting Servlet engine: [Apache Tomcat/11.0.15]
2025-12-23T08:36:15.899Z  INFO 7 --- [deepapp_main] [main] b.w.c.s.WebApplicationContextInitializer : Root WebApplicationContext: initialization completed in 1129 ms
2025-12-23T08:36:16.086Z  INFO 7 --- [deepapp_main] [main] c.deepapp.vn.io.workers.CppWorkerClient  : CppWorkerClient created with host=72.60.111.138, port=50051
2025-12-23T08:36:16.090Z  INFO 7 --- [deepapp_main] [main] c.d.v.i.i.grpc.BaseGrpcClientService     : Initializing gRPC client 'java-cpp-client' to 72.60.111.138:50051
2025-12-23T08:36:16.304Z  INFO 7 --- [deepapp_main] [main] c.d.v.i.i.grpc.BaseGrpcClientService     : Sent connection message for client 'java-cpp-client'
2025-12-23T08:36:16.305Z  INFO 7 --- [deepapp_main] [main] c.d.v.i.i.grpc.BaseGrpcClientService     : gRPC client 'java-cpp-client' initialized successfully
2025-12-23T08:36:16.305Z  INFO 7 --- [deepapp_main] [main] c.deepapp.vn.io.workers.CppWorkerClient  : C++ Worker Client initialized - target: cpp-worker
2025-12-23T08:36:16.310Z  INFO 7 --- [deepapp_main] [main] c.d.v.i.i.cpp.CppWorkerManager           : ========================================
2025-12-23T08:36:16.310Z  INFO 7 --- [deepapp_main] [main] c.d.v.i.i.cpp.CppWorkerManager           : C++ Worker Manager - Initialization
2025-12-23T08:36:16.310Z  INFO 7 --- [deepapp_main] [main] c.d.v.i.i.cpp.CppWorkerManager           : ========================================
2025-12-23T08:36:16.311Z  INFO 7 --- [deepapp_main] [main] c.d.v.i.i.cpp.CppWorkerManager           : Starting C++ worker process...
2025-12-23T08:36:16.311Z  INFO 7 --- [deepapp_main] [main] c.d.v.i.i.cpp.CppWorkerManager           :   gRPC Server: 72.60.111.138:50051
2025-12-23T08:36:16.311Z  INFO 7 --- [deepapp_main] [main] c.d.v.i.i.cpp.CppWorkerManager           :   Client ID: cpp-worker
2025-12-23T08:36:16.355Z  INFO 7 --- [deepapp_main] [cpp-worker-output] c.d.v.i.i.cpp.CppWorkerManager           : [C++ Worker] [AAA0_0100_Worker] Initialized
2025-12-23T08:36:16.356Z  INFO 7 --- [deepapp_main] [cpp-worker-output] c.d.v.i.i.cpp.CppWorkerManager           : [C++ Worker] [WorkerRegistry] Registered worker: AAA0_0100_W -> AAA0_0100_Worker
2025-12-23T08:36:16.356Z  INFO 7 --- [deepapp_main] [cpp-worker-output] c.d.v.i.i.cpp.CppWorkerManager           : [C++ Worker] [AAA0_0200_Worker] Initialized
2025-12-23T08:36:16.357Z  INFO 7 --- [deepapp_main] [cpp-worker-output] c.d.v.i.i.cpp.CppWorkerManager           : [C++ Worker] [WorkerRegistry] Registered worker: AAA0_0200_W -> AAA0_0200_Worker
2025-12-23T08:36:16.357Z  INFO 7 --- [deepapp_main] [cpp-worker-output] c.d.v.i.i.cpp.CppWorkerManager           : [C++ Worker] ========================================
2025-12-23T08:36:16.357Z  INFO 7 --- [deepapp_main] [cpp-worker-output] c.d.v.i.i.cpp.CppWorkerManager           : [C++ Worker] DeepApp C++ Worker Application
2025-12-23T08:36:16.357Z  INFO 7 --- [deepapp_main] [cpp-worker-output] c.d.v.i.i.cpp.CppWorkerManager           : [C++ Worker] ========================================
2025-12-23T08:36:16.357Z  INFO 7 --- [deepapp_main] [cpp-worker-output] c.d.v.i.i.cpp.CppWorkerManager           : [C++ Worker] [Main] Configuration:
2025-12-23T08:36:16.357Z  INFO 7 --- [deepapp_main] [cpp-worker-output] c.d.v.i.i.cpp.CppWorkerManager           : [C++ Worker]   Server: 72.60.111.138:50051
2025-12-23T08:36:16.357Z  INFO 7 --- [deepapp_main] [cpp-worker-output] c.d.v.i.i.cpp.CppWorkerManager           : [C++ Worker]   Client ID: cpp-worker
2025-12-23T08:36:16.358Z  INFO 7 --- [deepapp_main] [cpp-worker-output] c.d.v.i.i.cpp.CppWorkerManager           : [C++ Worker] 
2025-12-23T08:36:16.358Z  INFO 7 --- [deepapp_main] [cpp-worker-output] c.d.v.i.i.cpp.CppWorkerManager           : [C++ Worker] [Main] Worker Registry Status:
2025-12-23T08:36:16.358Z  INFO 7 --- [deepapp_main] [cpp-worker-output] c.d.v.i.i.cpp.CppWorkerManager           : [C++ Worker]   Total workers: 2
2025-12-23T08:36:16.359Z  INFO 7 --- [deepapp_main] [cpp-worker-output] c.d.v.i.i.cpp.CppWorkerManager           : [C++ Worker]   ✓ Registered workers:
2025-12-23T08:36:16.359Z  INFO 7 --- [deepapp_main] [cpp-worker-output] c.d.v.i.i.cpp.CppWorkerManager           : [C++ Worker]     - AAA0_0100_W (AAA0_0100_Worker)
2025-12-23T08:36:16.359Z  INFO 7 --- [deepapp_main] [cpp-worker-output] c.d.v.i.i.cpp.CppWorkerManager           : [C++ Worker]     - AAA0_0200_W (AAA0_0200_Worker)
2025-12-23T08:36:16.359Z  INFO 7 --- [deepapp_main] [cpp-worker-output] c.d.v.i.i.cpp.CppWorkerManager           : [C++ Worker] 
2025-12-23T08:36:16.359Z  INFO 7 --- [deepapp_main] [cpp-worker-output] c.d.v.i.i.cpp.CppWorkerManager           : [C++ Worker] [Main] Starting gRPC worker client...
2025-12-23T08:36:16.359Z  INFO 7 --- [deepapp_main] [cpp-worker-output] c.d.v.i.i.cpp.CppWorkerManager           : [C++ Worker] ========================================
2025-12-23T08:36:16.360Z  INFO 7 --- [deepapp_main] [cpp-worker-output] c.d.v.i.i.cpp.CppWorkerManager           : [C++ Worker] 
2025-12-23T08:36:16.360Z  INFO 7 --- [deepapp_main] [cpp-worker-output] c.d.v.i.i.cpp.CppWorkerManager           : [C++ Worker] [GrpcWorkerClient] Connecting to 72.60.111.138:50051 with client_id: cpp-worker
2025-12-23T08:36:16.398Z  INFO 7 --- [deepapp_main] [cpp-worker-output] c.d.v.i.i.cpp.CppWorkerManager           : [C++ Worker] [GrpcWorkerClient] Connected! Waiting for tasks...
2025-12-23T08:36:16.398Z  INFO 7 --- [deepapp_main] [cpp-worker-output] c.d.v.i.i.cpp.CppWorkerManager           : [C++ Worker] [GrpcWorkerClient] Registered 2 workers:
2025-12-23T08:36:16.399Z  INFO 7 --- [deepapp_main] [cpp-worker-output] c.d.v.i.i.cpp.CppWorkerManager           : [C++ Worker]   - AAA0_0100_W
2025-12-23T08:36:16.399Z  INFO 7 --- [deepapp_main] [cpp-worker-output] c.d.v.i.i.cpp.CppWorkerManager           : [C++ Worker]   - AAA0_0200_W
2025-12-23T08:36:16.437Z  INFO 7 --- [deepapp_main] [cpp-worker-output] c.d.v.i.i.cpp.CppWorkerManager           : [C++ Worker] 
2025-12-23T08:36:16.437Z  INFO 7 --- [deepapp_main] [cpp-worker-output] c.d.v.i.i.cpp.CppWorkerManager           : [C++ Worker] [GrpcWorkerClient] Received event:
2025-12-23T08:36:16.437Z  INFO 7 --- [deepapp_main] [cpp-worker-output] c.d.v.i.i.cpp.CppWorkerManager           : [C++ Worker]   From: server
2025-12-23T08:36:16.437Z  INFO 7 --- [deepapp_main] [cpp-worker-output] c.d.v.i.i.cpp.CppWorkerManager           : [C++ Worker]   To: cpp-worker
2025-12-23T08:36:16.437Z  INFO 7 --- [deepapp_main] [cpp-worker-output] c.d.v.i.i.cpp.CppWorkerManager           : [C++ Worker]   Type: connected
2025-12-23T08:36:16.437Z  INFO 7 --- [deepapp_main] [cpp-worker-output] c.d.v.i.i.cpp.CppWorkerManager           : [C++ Worker]   Payload: cpp-worker
2025-12-23T08:36:16.437Z  INFO 7 --- [deepapp_main] [cpp-worker-output] c.d.v.i.i.cpp.CppWorkerManager           : [C++ Worker]   TaskId (from targetId): cpp-worker
2025-12-23T08:36:16.438Z  INFO 7 --- [deepapp_main] [cpp-worker-output] c.d.v.i.i.cpp.CppWorkerManager           : [C++ Worker]   Result: {"error":"Worker not found: cpp-worker"}
2025-12-23T08:36:16.438Z  INFO 7 --- [deepapp_main] [cpp-worker-output] c.d.v.i.i.cpp.CppWorkerManager           : [C++ Worker] [GrpcWorkerClient] Response sent!
2025-12-23T08:36:16.616Z DEBUG 7 --- [deepapp_main] [grpc-default-executor-1] c.d.v.i.i.grpc.BaseGrpcClientService     : Received event 'connected' from 'server' to 'java-cpp-client'
2025-12-23T08:36:16.617Z  INFO 7 --- [deepapp_main] [grpc-default-executor-1] c.d.vn.io.workers.BaseWorkerClient       : Worker 'java-cpp-client' received event 'connected' from 'server'
2025-12-23T08:36:16.617Z  INFO 7 --- [deepapp_main] [grpc-default-executor-1] c.deepapp.vn.io.workers.CppWorkerClient  : C++ Worker event: connected - java-cpp-client
2025-12-23T08:36:18.356Z  INFO 7 --- [deepapp_main] [main] c.d.v.i.i.cpp.CppWorkerManager           : C++ worker process started successfully (PID: 56)
2025-12-23T08:36:18.356Z  INFO 7 --- [deepapp_main] [main] c.d.v.i.i.cpp.CppWorkerManager           : C++ Worker Manager initialized successfully
2025-12-23T08:36:18.356Z  INFO 7 --- [deepapp_main] [main] c.d.v.i.i.cpp.CppWorkerManager           : ========================================
2025-12-23T08:36:18.361Z  INFO 7 --- [deepapp_main] [main] c.deepapp.vn.io.workers.OcrWorkerClient  : OcrWorkerClient created with host=72.60.111.138, port=50051
2025-12-23T08:36:18.362Z  INFO 7 --- [deepapp_main] [main] c.d.v.i.i.grpc.BaseGrpcClientService     : Initializing gRPC client 'java-ocr-client' to 72.60.111.138:50051
2025-12-23T08:36:18.363Z  INFO 7 --- [deepapp_main] [main] c.d.v.i.i.grpc.BaseGrpcClientService     : Sent connection message for client 'java-ocr-client'
2025-12-23T08:36:18.363Z  INFO 7 --- [deepapp_main] [main] c.d.v.i.i.grpc.BaseGrpcClientService     : gRPC client 'java-ocr-client' initialized successfully
2025-12-23T08:36:18.363Z  INFO 7 --- [deepapp_main] [main] c.deepapp.vn.io.workers.OcrWorkerClient  : OCR Worker Client initialized - target: cpp-ocr-worker
2025-12-23T08:36:18.366Z  INFO 7 --- [deepapp_main] [main] c.deepapp.vn.io.workers.NerWorkerClient  : NerWorkerClient created with host=72.60.111.138, port=50051
2025-12-23T08:36:18.367Z  INFO 7 --- [deepapp_main] [main] c.d.v.i.i.grpc.BaseGrpcClientService     : Initializing gRPC client 'java-ner-client' to 72.60.111.138:50051
2025-12-23T08:36:18.368Z  INFO 7 --- [deepapp_main] [main] c.d.v.i.i.grpc.BaseGrpcClientService     : Sent connection message for client 'java-ner-client'
2025-12-23T08:36:18.369Z  INFO 7 --- [deepapp_main] [main] c.d.v.i.i.grpc.BaseGrpcClientService     : gRPC client 'java-ner-client' initialized successfully
2025-12-23T08:36:18.369Z  INFO 7 --- [deepapp_main] [main] c.deepapp.vn.io.workers.NerWorkerClient  : NER Worker Client initialized - target: cpp-ner-worker
2025-12-23T08:36:18.451Z DEBUG 7 --- [deepapp_main] [grpc-default-executor-0] c.d.v.i.i.grpc.BaseGrpcClientService     : Received event 'connected' from 'server' to 'java-ocr-client'
2025-12-23T08:36:18.451Z  INFO 7 --- [deepapp_main] [grpc-default-executor-0] c.d.vn.io.workers.BaseWorkerClient       : Worker 'java-ocr-client' received event 'connected' from 'server'
2025-12-23T08:36:18.451Z DEBUG 7 --- [deepapp_main] [grpc-default-executor-1] c.d.v.i.i.grpc.BaseGrpcClientService     : Received event 'connected' from 'server' to 'java-ner-client'
2025-12-23T08:36:18.451Z  INFO 7 --- [deepapp_main] [grpc-default-executor-0] c.deepapp.vn.io.workers.OcrWorkerClient  : OCR Worker event: connected - java-ocr-client
2025-12-23T08:36:18.451Z  INFO 7 --- [deepapp_main] [grpc-default-executor-1] c.d.vn.io.workers.BaseWorkerClient       : Worker 'java-ner-client' received event 'connected' from 'server'
2025-12-23T08:36:18.451Z  INFO 7 --- [deepapp_main] [grpc-default-executor-1] c.deepapp.vn.io.workers.NerWorkerClient  : NER Worker event: connected - java-ner-client
2025-12-23T08:36:19.277Z  INFO 7 --- [deepapp_main] [main] o.s.b.a.e.web.EndpointLinksResolver      : Exposing 3 endpoints beneath base path '/actuator'
2025-12-23T08:36:19.350Z  INFO 7 --- [deepapp_main] [main] o.s.boot.tomcat.TomcatWebServer          : Tomcat started on port 8080 (http) with context path '/'
2025-12-23T08:36:19.359Z  INFO 7 --- [deepapp_main] [main] c.deepapp.vn.io.DeepappMainApplication   : Started DeepappMainApplication in 5.207 seconds (process running for 5.643)
2025-12-23T08:36:21.771Z  INFO 7 --- [deepapp_main] [http-nio-8080-exec-1] o.a.c.c.C.[Tomcat].[localhost].[/]       : Initializing Spring DispatcherServlet 'dispatcherServlet'
2025-12-23T08:36:21.772Z  INFO 7 --- [deepapp_main] [http-nio-8080-exec-1] o.s.web.servlet.DispatcherServlet        : Initializing Servlet 'dispatcherServlet'
2025-12-23T08:36:21.776Z  INFO 7 --- [deepapp_main] [http-nio-8080-exec-1] o.s.web.servlet.DispatcherServlet        : Completed initialization in 3 ms
2025-12-23T09:01:58.919Z  INFO 7 --- [deepapp_main] [main] c.deepapp.vn.io.DeepappMainApplication   : Starting DeepappMainApplication v0.0.1-SNAPSHOT using Java 17.0.17 with PID 7 (/app/app.jar started by root in /app)
2025-12-23T09:01:58.921Z DEBUG 7 --- [deepapp_main] [main] c.deepapp.vn.io.DeepappMainApplication   : Running with Spring Boot v4.0.1, Spring v7.0.2
2025-12-23T09:01:58.922Z  INFO 7 --- [deepapp_main] [main] c.deepapp.vn.io.DeepappMainApplication   : The following 1 profile is active: "docker"
2025-12-23T09:02:00.202Z  INFO 7 --- [deepapp_main] [main] o.s.boot.tomcat.TomcatWebServer          : Tomcat initialized with port 8080 (http)
2025-12-23T09:02:00.230Z  INFO 7 --- [deepapp_main] [main] o.apache.catalina.core.StandardService   : Starting service [Tomcat]
2025-12-23T09:02:00.231Z  INFO 7 --- [deepapp_main] [main] o.apache.catalina.core.StandardEngine    : Starting Servlet engine: [Apache Tomcat/11.0.15]
2025-12-23T09:02:00.294Z  INFO 7 --- [deepapp_main] [main] b.w.c.s.WebApplicationContextInitializer : Root WebApplicationContext: initialization completed in 1333 ms
2025-12-23T09:02:00.551Z  INFO 7 --- [deepapp_main] [main] c.deepapp.vn.io.workers.CppWorkerClient  : CppWorkerClient created with host=72.60.111.138, port=50051
2025-12-23T09:02:00.554Z  INFO 7 --- [deepapp_main] [main] c.d.v.i.i.grpc.BaseGrpcClientService     : Initializing gRPC client 'java-cpp-client' to 72.60.111.138:50051
2025-12-23T09:02:00.795Z  INFO 7 --- [deepapp_main] [main] c.d.v.i.i.grpc.BaseGrpcClientService     : Sent connection message for client 'java-cpp-client'
2025-12-23T09:02:00.796Z  INFO 7 --- [deepapp_main] [main] c.d.v.i.i.grpc.BaseGrpcClientService     : gRPC client 'java-cpp-client' initialized successfully
2025-12-23T09:02:00.796Z  INFO 7 --- [deepapp_main] [main] c.deepapp.vn.io.workers.CppWorkerClient  : C++ Worker Client initialized - target: cpp-worker
2025-12-23T09:02:00.802Z  INFO 7 --- [deepapp_main] [main] c.d.v.i.i.cpp.CppWorkerManager           : ========================================
2025-12-23T09:02:00.803Z  INFO 7 --- [deepapp_main] [main] c.d.v.i.i.cpp.CppWorkerManager           : C++ Worker Manager - Initialization
2025-12-23T09:02:00.803Z  INFO 7 --- [deepapp_main] [main] c.d.v.i.i.cpp.CppWorkerManager           : ========================================
2025-12-23T09:02:00.803Z  INFO 7 --- [deepapp_main] [main] c.d.v.i.i.cpp.CppWorkerManager           : Starting C++ worker process...
2025-12-23T09:02:00.803Z  INFO 7 --- [deepapp_main] [main] c.d.v.i.i.cpp.CppWorkerManager           :   gRPC Server: 72.60.111.138:50051
2025-12-23T09:02:00.803Z  INFO 7 --- [deepapp_main] [main] c.d.v.i.i.cpp.CppWorkerManager           :   Client ID: cpp-worker
2025-12-23T09:02:00.857Z  INFO 7 --- [deepapp_main] [cpp-worker-output] c.d.v.i.i.cpp.CppWorkerManager           : [C++ Worker] [AAA0_0100_Worker] Initialized
2025-12-23T09:02:00.857Z  INFO 7 --- [deepapp_main] [cpp-worker-output] c.d.v.i.i.cpp.CppWorkerManager           : [C++ Worker] [WorkerRegistry] Registered worker: AAA0_0100_W -> AAA0_0100_Worker
2025-12-23T09:02:00.858Z  INFO 7 --- [deepapp_main] [cpp-worker-output] c.d.v.i.i.cpp.CppWorkerManager           : [C++ Worker] [AAA0_0200_Worker] Initialized
2025-12-23T09:02:00.858Z  INFO 7 --- [deepapp_main] [cpp-worker-output] c.d.v.i.i.cpp.CppWorkerManager           : [C++ Worker] [WorkerRegistry] Registered worker: AAA0_0200_W -> AAA0_0200_Worker
2025-12-23T09:02:00.859Z  INFO 7 --- [deepapp_main] [cpp-worker-output] c.d.v.i.i.cpp.CppWorkerManager           : [C++ Worker] ========================================
2025-12-23T09:02:00.859Z  INFO 7 --- [deepapp_main] [cpp-worker-output] c.d.v.i.i.cpp.CppWorkerManager           : [C++ Worker] DeepApp C++ Worker Application
2025-12-23T09:02:00.859Z  INFO 7 --- [deepapp_main] [cpp-worker-output] c.d.v.i.i.cpp.CppWorkerManager           : [C++ Worker] ========================================
2025-12-23T09:02:00.859Z  INFO 7 --- [deepapp_main] [cpp-worker-output] c.d.v.i.i.cpp.CppWorkerManager           : [C++ Worker] [Main] Configuration:
2025-12-23T09:02:00.859Z  INFO 7 --- [deepapp_main] [cpp-worker-output] c.d.v.i.i.cpp.CppWorkerManager           : [C++ Worker]   Server: 72.60.111.138:50051
2025-12-23T09:02:00.859Z  INFO 7 --- [deepapp_main] [cpp-worker-output] c.d.v.i.i.cpp.CppWorkerManager           : [C++ Worker]   Client ID: cpp-worker
2025-12-23T09:02:00.860Z  INFO 7 --- [deepapp_main] [cpp-worker-output] c.d.v.i.i.cpp.CppWorkerManager           : [C++ Worker] 
2025-12-23T09:02:00.860Z  INFO 7 --- [deepapp_main] [cpp-worker-output] c.d.v.i.i.cpp.CppWorkerManager           : [C++ Worker] [Main] Worker Registry Status:
2025-12-23T09:02:00.860Z  INFO 7 --- [deepapp_main] [cpp-worker-output] c.d.v.i.i.cpp.CppWorkerManager           : [C++ Worker]   Total workers: 2
2025-12-23T09:02:00.860Z  INFO 7 --- [deepapp_main] [cpp-worker-output] c.d.v.i.i.cpp.CppWorkerManager           : [C++ Worker]   ✓ Registered workers:
2025-12-23T09:02:00.861Z  INFO 7 --- [deepapp_main] [cpp-worker-output] c.d.v.i.i.cpp.CppWorkerManager           : [C++ Worker]     - AAA0_0100_W (AAA0_0100_Worker)
2025-12-23T09:02:00.861Z  INFO 7 --- [deepapp_main] [cpp-worker-output] c.d.v.i.i.cpp.CppWorkerManager           : [C++ Worker]     - AAA0_0200_W (AAA0_0200_Worker)
2025-12-23T09:02:00.861Z  INFO 7 --- [deepapp_main] [cpp-worker-output] c.d.v.i.i.cpp.CppWorkerManager           : [C++ Worker] 
2025-12-23T09:02:00.861Z  INFO 7 --- [deepapp_main] [cpp-worker-output] c.d.v.i.i.cpp.CppWorkerManager           : [C++ Worker] [Main] Starting gRPC worker client...
2025-12-23T09:02:00.862Z  INFO 7 --- [deepapp_main] [cpp-worker-output] c.d.v.i.i.cpp.CppWorkerManager           : [C++ Worker] ========================================
2025-12-23T09:02:00.862Z  INFO 7 --- [deepapp_main] [cpp-worker-output] c.d.v.i.i.cpp.CppWorkerManager           : [C++ Worker] 
2025-12-23T09:02:00.862Z  INFO 7 --- [deepapp_main] [cpp-worker-output] c.d.v.i.i.cpp.CppWorkerManager           : [C++ Worker] [GrpcWorkerClient] Connecting to 72.60.111.138:50051 with client_id: cpp-worker
2025-12-23T09:02:00.904Z  INFO 7 --- [deepapp_main] [cpp-worker-output] c.d.v.i.i.cpp.CppWorkerManager           : [C++ Worker] [GrpcWorkerClient] Connected! Waiting for tasks...
2025-12-23T09:02:00.905Z  INFO 7 --- [deepapp_main] [cpp-worker-output] c.d.v.i.i.cpp.CppWorkerManager           : [C++ Worker] [GrpcWorkerClient] Registered 2 workers:
2025-12-23T09:02:00.905Z  INFO 7 --- [deepapp_main] [cpp-worker-output] c.d.v.i.i.cpp.CppWorkerManager           : [C++ Worker]   - AAA0_0100_W
2025-12-23T09:02:00.905Z  INFO 7 --- [deepapp_main] [cpp-worker-output] c.d.v.i.i.cpp.CppWorkerManager           : [C++ Worker]   - AAA0_0200_W
2025-12-23T09:02:00.945Z  INFO 7 --- [deepapp_main] [cpp-worker-output] c.d.v.i.i.cpp.CppWorkerManager           : [C++ Worker] 
2025-12-23T09:02:00.946Z  INFO 7 --- [deepapp_main] [cpp-worker-output] c.d.v.i.i.cpp.CppWorkerManager           : [C++ Worker] [GrpcWorkerClient] Received event:
2025-12-23T09:02:00.946Z  INFO 7 --- [deepapp_main] [cpp-worker-output] c.d.v.i.i.cpp.CppWorkerManager           : [C++ Worker]   From: server
2025-12-23T09:02:00.946Z  INFO 7 --- [deepapp_main] [cpp-worker-output] c.d.v.i.i.cpp.CppWorkerManager           : [C++ Worker]   To: cpp-worker
2025-12-23T09:02:00.946Z  INFO 7 --- [deepapp_main] [cpp-worker-output] c.d.v.i.i.cpp.CppWorkerManager           : [C++ Worker]   Type: connected
2025-12-23T09:02:00.946Z  INFO 7 --- [deepapp_main] [cpp-worker-output] c.d.v.i.i.cpp.CppWorkerManager           : [C++ Worker]   Payload: cpp-worker
2025-12-23T09:02:00.946Z  INFO 7 --- [deepapp_main] [cpp-worker-output] c.d.v.i.i.cpp.CppWorkerManager           : [C++ Worker]   TaskId (from targetId): cpp-worker
2025-12-23T09:02:00.947Z  INFO 7 --- [deepapp_main] [cpp-worker-output] c.d.v.i.i.cpp.CppWorkerManager           : [C++ Worker]   Result: {"error":"Worker not found: cpp-worker"}
2025-12-23T09:02:00.947Z  INFO 7 --- [deepapp_main] [cpp-worker-output] c.d.v.i.i.cpp.CppWorkerManager           : [C++ Worker] [GrpcWorkerClient] Response sent!
2025-12-23T09:02:01.127Z DEBUG 7 --- [deepapp_main] [grpc-default-executor-1] c.d.v.i.i.grpc.BaseGrpcClientService     : Received event 'connected' from 'server' to 'java-cpp-client'
2025-12-23T09:02:01.127Z  INFO 7 --- [deepapp_main] [grpc-default-executor-1] c.d.vn.io.workers.BaseWorkerClient       : Worker 'java-cpp-client' received event 'connected' from 'server'
2025-12-23T09:02:01.127Z  INFO 7 --- [deepapp_main] [grpc-default-executor-1] c.deepapp.vn.io.workers.CppWorkerClient  : C++ Worker event: connected - java-cpp-client
2025-12-23T09:02:02.857Z  INFO 7 --- [deepapp_main] [main] c.d.v.i.i.cpp.CppWorkerManager           : C++ worker process started successfully (PID: 57)
2025-12-23T09:02:02.857Z  INFO 7 --- [deepapp_main] [main] c.d.v.i.i.cpp.CppWorkerManager           : C++ Worker Manager initialized successfully
2025-12-23T09:02:02.857Z  INFO 7 --- [deepapp_main] [main] c.d.v.i.i.cpp.CppWorkerManager           : ========================================
2025-12-23T09:02:02.866Z  INFO 7 --- [deepapp_main] [main] c.deepapp.vn.io.workers.OcrWorkerClient  : OcrWorkerClient created with host=72.60.111.138, port=50051
2025-12-23T09:02:02.867Z  INFO 7 --- [deepapp_main] [main] c.d.v.i.i.grpc.BaseGrpcClientService     : Initializing gRPC client 'java-ocr-client' to 72.60.111.138:50051
2025-12-23T09:02:02.868Z  INFO 7 --- [deepapp_main] [main] c.d.v.i.i.grpc.BaseGrpcClientService     : Sent connection message for client 'java-ocr-client'
2025-12-23T09:02:02.868Z  INFO 7 --- [deepapp_main] [main] c.d.v.i.i.grpc.BaseGrpcClientService     : gRPC client 'java-ocr-client' initialized successfully
2025-12-23T09:02:02.868Z  INFO 7 --- [deepapp_main] [main] c.deepapp.vn.io.workers.OcrWorkerClient  : OCR Worker Client initialized - target: cpp-ocr-worker
2025-12-23T09:02:02.872Z  INFO 7 --- [deepapp_main] [main] c.deepapp.vn.io.workers.NerWorkerClient  : NerWorkerClient created with host=72.60.111.138, port=50051
2025-12-23T09:02:02.873Z  INFO 7 --- [deepapp_main] [main] c.d.v.i.i.grpc.BaseGrpcClientService     : Initializing gRPC client 'java-ner-client' to 72.60.111.138:50051
2025-12-23T09:02:02.874Z  INFO 7 --- [deepapp_main] [main] c.d.v.i.i.grpc.BaseGrpcClientService     : Sent connection message for client 'java-ner-client'
2025-12-23T09:02:02.875Z  INFO 7 --- [deepapp_main] [main] c.d.v.i.i.grpc.BaseGrpcClientService     : gRPC client 'java-ner-client' initialized successfully
2025-12-23T09:02:02.876Z  INFO 7 --- [deepapp_main] [main] c.deepapp.vn.io.workers.NerWorkerClient  : NER Worker Client initialized - target: cpp-ner-worker
2025-12-23T09:02:02.960Z DEBUG 7 --- [deepapp_main] [grpc-default-executor-1] c.d.v.i.i.grpc.BaseGrpcClientService     : Received event 'connected' from 'server' to 'java-ocr-client'
2025-12-23T09:02:02.961Z  INFO 7 --- [deepapp_main] [grpc-default-executor-1] c.d.vn.io.workers.BaseWorkerClient       : Worker 'java-ocr-client' received event 'connected' from 'server'
2025-12-23T09:02:02.961Z  INFO 7 --- [deepapp_main] [grpc-default-executor-1] c.deepapp.vn.io.workers.OcrWorkerClient  : OCR Worker event: connected - java-ocr-client
2025-12-23T09:02:02.962Z DEBUG 7 --- [deepapp_main] [grpc-default-executor-0] c.d.v.i.i.grpc.BaseGrpcClientService     : Received event 'connected' from 'server' to 'java-ner-client'
2025-12-23T09:02:02.963Z  INFO 7 --- [deepapp_main] [grpc-default-executor-0] c.d.vn.io.workers.BaseWorkerClient       : Worker 'java-ner-client' received event 'connected' from 'server'
2025-12-23T09:02:02.963Z  INFO 7 --- [deepapp_main] [grpc-default-executor-0] c.deepapp.vn.io.workers.NerWorkerClient  : NER Worker event: connected - java-ner-client
2025-12-23T09:02:03.598Z  INFO 7 --- [deepapp_main] [main] o.s.b.a.e.web.EndpointLinksResolver      : Exposing 3 endpoints beneath base path '/actuator'
2025-12-23T09:02:03.645Z  INFO 7 --- [deepapp_main] [main] o.s.boot.tomcat.TomcatWebServer          : Tomcat started on port 8080 (http) with context path '/'
2025-12-23T09:02:03.653Z  INFO 7 --- [deepapp_main] [main] c.deepapp.vn.io.DeepappMainApplication   : Started DeepappMainApplication in 5.266 seconds (process running for 5.678)
2025-12-23T09:02:04.217Z  INFO 7 --- [deepapp_main] [http-nio-8080-exec-1] o.a.c.c.C.[Tomcat].[localhost].[/]       : Initializing Spring DispatcherServlet 'dispatcherServlet'
2025-12-23T09:02:04.217Z  INFO 7 --- [deepapp_main] [http-nio-8080-exec-1] o.s.web.servlet.DispatcherServlet        : Initializing Servlet 'dispatcherServlet'
2025-12-23T09:02:04.219Z  INFO 7 --- [deepapp_main] [http-nio-8080-exec-1] o.s.web.servlet.DispatcherServlet        : Completed initialization in 2 ms
2025-12-23T09:02:04.322Z  INFO 7 --- [deepapp_main] [http-nio-8080-exec-1] c.deepapp.vn.io.workers.CppWorkerClient  : Calling C++ worker: taskId=AAA0_0100_W, eventType=echo
2025-12-23T09:02:04.328Z  INFO 7 --- [deepapp_main] [http-nio-8080-exec-1] c.d.v.i.i.grpc.BaseGrpcClientService     : Sent event 'echo' from 'java-cpp-client' to 'cpp-worker' with requestId=java-cpp-client_req_1
2025-12-23T09:02:04.369Z  INFO 7 --- [deepapp_main] [cpp-worker-output] c.d.v.i.i.cpp.CppWorkerManager           : [C++ Worker] 
2025-12-23T09:02:04.369Z  INFO 7 --- [deepapp_main] [cpp-worker-output] c.d.v.i.i.cpp.CppWorkerManager           : [C++ Worker] [GrpcWorkerClient] Received event:
2025-12-23T09:02:04.370Z  INFO 7 --- [deepapp_main] [cpp-worker-output] c.d.v.i.i.cpp.CppWorkerManager           : [C++ Worker]   From: java-cpp-client
2025-12-23T09:02:04.370Z  INFO 7 --- [deepapp_main] [cpp-worker-output] c.d.v.i.i.cpp.CppWorkerManager           : [C++ Worker]   To: cpp-worker
2025-12-23T09:02:04.370Z  INFO 7 --- [deepapp_main] [cpp-worker-output] c.d.v.i.i.cpp.CppWorkerManager           : [C++ Worker]   Type: echo
2025-12-23T09:02:04.370Z  INFO 7 --- [deepapp_main] [cpp-worker-output] c.d.v.i.i.cpp.CppWorkerManager           : [C++ Worker]   Payload: Hello from Java!!!!!!!
2025-12-23T09:02:04.370Z  INFO 7 --- [deepapp_main] [cpp-worker-output] c.d.v.i.i.cpp.CppWorkerManager           : [C++ Worker]   TaskId (from metadata): AAA0_0100_W
2025-12-23T09:02:04.370Z  INFO 7 --- [deepapp_main] [cpp-worker-output] c.d.v.i.i.cpp.CppWorkerManager           : [C++ Worker] [AAA0_0100_Worker] Processing task:
2025-12-23T09:02:04.371Z  INFO 7 --- [deepapp_main] [cpp-worker-output] c.d.v.i.i.cpp.CppWorkerManager           : [C++ Worker]   Event Type: echo
2025-12-23T09:02:04.371Z  INFO 7 --- [deepapp_main] [cpp-worker-output] c.d.v.i.i.cpp.CppWorkerManager           : [C++ Worker]   Payload: Hello from Java!!!!!!!
2025-12-23T09:02:04.371Z  INFO 7 --- [deepapp_main] [cpp-worker-output] c.d.v.i.i.cpp.CppWorkerManager           : [C++ Worker]   Result: {"worker":"AAA0_0100_W","status":"success","data":"Hello from Java!!!!!!!","timestamp":1766480524}
2025-12-23T09:02:04.371Z  INFO 7 --- [deepapp_main] [cpp-worker-output] c.d.v.i.i.cpp.CppWorkerManager           : [C++ Worker] [GrpcWorkerClient] Response sent!
2025-12-23T09:02:04.410Z DEBUG 7 --- [deepapp_main] [grpc-default-executor-0] c.d.v.i.i.grpc.BaseGrpcClientService     : Received event 'response' from 'cpp-worker' to 'java-cpp-client'
2025-12-23T09:02:05.016Z  INFO 7 --- [deepapp_main] [http-nio-8080-exec-3] c.deepapp.vn.io.workers.CppWorkerClient  : Calling C++ worker: taskId=AAA0_0100_W, eventType=echo
2025-12-23T09:02:05.017Z  INFO 7 --- [deepapp_main] [http-nio-8080-exec-3] c.d.v.i.i.grpc.BaseGrpcClientService     : Sent event 'echo' from 'java-cpp-client' to 'cpp-worker' with requestId=java-cpp-client_req_2
2025-12-23T09:02:05.057Z  INFO 7 --- [deepapp_main] [cpp-worker-output] c.d.v.i.i.cpp.CppWorkerManager           : [C++ Worker] 
2025-12-23T09:02:05.057Z  INFO 7 --- [deepapp_main] [cpp-worker-output] c.d.v.i.i.cpp.CppWorkerManager           : [C++ Worker] [GrpcWorkerClient] Received event:
2025-12-23T09:02:05.057Z  INFO 7 --- [deepapp_main] [cpp-worker-output] c.d.v.i.i.cpp.CppWorkerManager           : [C++ Worker]   From: java-cpp-client
2025-12-23T09:02:05.058Z  INFO 7 --- [deepapp_main] [cpp-worker-output] c.d.v.i.i.cpp.CppWorkerManager           : [C++ Worker]   To: cpp-worker
2025-12-23T09:02:05.058Z  INFO 7 --- [deepapp_main] [cpp-worker-output] c.d.v.i.i.cpp.CppWorkerManager           : [C++ Worker]   Type: echo
2025-12-23T09:02:05.058Z  INFO 7 --- [deepapp_main] [cpp-worker-output] c.d.v.i.i.cpp.CppWorkerManager           : [C++ Worker]   Payload: Hello from Java!!!!!!!
2025-12-23T09:02:05.058Z  INFO 7 --- [deepapp_main] [cpp-worker-output] c.d.v.i.i.cpp.CppWorkerManager           : [C++ Worker]   TaskId (from metadata): AAA0_0100_W
2025-12-23T09:02:05.058Z  INFO 7 --- [deepapp_main] [cpp-worker-output] c.d.v.i.i.cpp.CppWorkerManager           : [C++ Worker] [AAA0_0100_Worker] Processing task:
2025-12-23T09:02:05.058Z  INFO 7 --- [deepapp_main] [cpp-worker-output] c.d.v.i.i.cpp.CppWorkerManager           : [C++ Worker]   Event Type: echo
2025-12-23T09:02:05.058Z  INFO 7 --- [deepapp_main] [cpp-worker-output] c.d.v.i.i.cpp.CppWorkerManager           : [C++ Worker]   Payload: Hello from Java!!!!!!!
2025-12-23T09:02:05.058Z  INFO 7 --- [deepapp_main] [cpp-worker-output] c.d.v.i.i.cpp.CppWorkerManager           : [C++ Worker]   Result: {"worker":"AAA0_0100_W","status":"success","data":"Hello from Java!!!!!!!","timestamp":1766480525}
2025-12-23T09:02:05.058Z  INFO 7 --- [deepapp_main] [cpp-worker-output] c.d.v.i.i.cpp.CppWorkerManager           : [C++ Worker] [GrpcWorkerClient] Response sent!
2025-12-23T09:02:05.096Z DEBUG 7 --- [deepapp_main] [grpc-default-executor-0] c.d.v.i.i.grpc.BaseGrpcClientService     : Received event 'response' from 'cpp-worker' to 'java-cpp-client'
2025-12-23T09:02:05.992Z  INFO 7 --- [deepapp_main] [http-nio-8080-exec-4] c.deepapp.vn.io.workers.CppWorkerClient  : Calling C++ worker: taskId=AAA0_0100_W, eventType=echo
2025-12-23T09:02:05.994Z  INFO 7 --- [deepapp_main] [http-nio-8080-exec-4] c.d.v.i.i.grpc.BaseGrpcClientService     : Sent event 'echo' from 'java-cpp-client' to 'cpp-worker' with requestId=java-cpp-client_req_3
2025-12-23T09:02:06.034Z  INFO 7 --- [deepapp_main] [cpp-worker-output] c.d.v.i.i.cpp.CppWorkerManager           : [C++ Worker] 
2025-12-23T09:02:06.035Z  INFO 7 --- [deepapp_main] [cpp-worker-output] c.d.v.i.i.cpp.CppWorkerManager           : [C++ Worker] [GrpcWorkerClient] Received event:
2025-12-23T09:02:06.035Z  INFO 7 --- [deepapp_main] [cpp-worker-output] c.d.v.i.i.cpp.CppWorkerManager           : [C++ Worker]   From: java-cpp-client
2025-12-23T09:02:06.035Z  INFO 7 --- [deepapp_main] [cpp-worker-output] c.d.v.i.i.cpp.CppWorkerManager           : [C++ Worker]   To: cpp-worker
2025-12-23T09:02:06.036Z  INFO 7 --- [deepapp_main] [cpp-worker-output] c.d.v.i.i.cpp.CppWorkerManager           : [C++ Worker]   Type: echo
2025-12-23T09:02:06.036Z  INFO 7 --- [deepapp_main] [cpp-worker-output] c.d.v.i.i.cpp.CppWorkerManager           : [C++ Worker]   Payload: Hello from Java!!!!!!!
2025-12-23T09:02:06.036Z  INFO 7 --- [deepapp_main] [cpp-worker-output] c.d.v.i.i.cpp.CppWorkerManager           : [C++ Worker]   TaskId (from metadata): AAA0_0100_W
2025-12-23T09:02:06.036Z  INFO 7 --- [deepapp_main] [cpp-worker-output] c.d.v.i.i.cpp.CppWorkerManager           : [C++ Worker] [AAA0_0100_Worker] Processing task:
2025-12-23T09:02:06.036Z  INFO 7 --- [deepapp_main] [cpp-worker-output] c.d.v.i.i.cpp.CppWorkerManager           : [C++ Worker]   Event Type: echo
2025-12-23T09:02:06.036Z  INFO 7 --- [deepapp_main] [cpp-worker-output] c.d.v.i.i.cpp.CppWorkerManager           : [C++ Worker]   Payload: Hello from Java!!!!!!!
2025-12-23T09:02:06.037Z  INFO 7 --- [deepapp_main] [cpp-worker-output] c.d.v.i.i.cpp.CppWorkerManager           : [C++ Worker]   Result: {"worker":"AAA0_0100_W","status":"success","data":"Hello from Java!!!!!!!","timestamp":1766480526}
2025-12-23T09:02:06.037Z  INFO 7 --- [deepapp_main] [cpp-worker-output] c.d.v.i.i.cpp.CppWorkerManager           : [C++ Worker] [GrpcWorkerClient] Response sent!
2025-12-23T09:02:06.073Z DEBUG 7 --- [deepapp_main] [grpc-default-executor-0] c.d.v.i.i.grpc.BaseGrpcClientService     : Received event 'response' from 'cpp-worker' to 'java-cpp-client'
2025-12-23T09:10:41.414Z  INFO 7 --- [deepapp_main] [http-nio-8080-exec-2] c.deepapp.vn.io.workers.CppWorkerClient  : Calling C++ worker: taskId=AAA0_0100_W, eventType=echo
2025-12-23T09:10:41.417Z  INFO 7 --- [deepapp_main] [http-nio-8080-exec-2] c.d.v.i.i.grpc.BaseGrpcClientService     : Sent event 'echo' from 'java-cpp-client' to 'cpp-worker' with requestId=java-cpp-client_req_4
2025-12-23T09:10:41.457Z  INFO 7 --- [deepapp_main] [cpp-worker-output] c.d.v.i.i.cpp.CppWorkerManager           : [C++ Worker] 
2025-12-23T09:10:41.458Z  INFO 7 --- [deepapp_main] [cpp-worker-output] c.d.v.i.i.cpp.CppWorkerManager           : [C++ Worker] [GrpcWorkerClient] Received event:
2025-12-23T09:10:41.458Z  INFO 7 --- [deepapp_main] [cpp-worker-output] c.d.v.i.i.cpp.CppWorkerManager           : [C++ Worker]   From: java-cpp-client
2025-12-23T09:10:41.458Z  INFO 7 --- [deepapp_main] [cpp-worker-output] c.d.v.i.i.cpp.CppWorkerManager           : [C++ Worker]   To: cpp-worker
2025-12-23T09:10:41.458Z  INFO 7 --- [deepapp_main] [cpp-worker-output] c.d.v.i.i.cpp.CppWorkerManager           : [C++ Worker]   Type: echo
2025-12-23T09:10:41.458Z  INFO 7 --- [deepapp_main] [cpp-worker-output] c.d.v.i.i.cpp.CppWorkerManager           : [C++ Worker]   Payload: Hello from Java!!!!!!!
2025-12-23T09:10:41.459Z  INFO 7 --- [deepapp_main] [cpp-worker-output] c.d.v.i.i.cpp.CppWorkerManager           : [C++ Worker]   TaskId (from metadata): AAA0_0100_W
2025-12-23T09:10:41.459Z  INFO 7 --- [deepapp_main] [cpp-worker-output] c.d.v.i.i.cpp.CppWorkerManager           : [C++ Worker] [AAA0_0100_Worker] Processing task:
2025-12-23T09:10:41.459Z  INFO 7 --- [deepapp_main] [cpp-worker-output] c.d.v.i.i.cpp.CppWorkerManager           : [C++ Worker]   Event Type: echo
2025-12-23T09:10:41.459Z  INFO 7 --- [deepapp_main] [cpp-worker-output] c.d.v.i.i.cpp.CppWorkerManager           : [C++ Worker]   Payload: Hello from Java!!!!!!!
2025-12-23T09:10:41.459Z  INFO 7 --- [deepapp_main] [cpp-worker-output] c.d.v.i.i.cpp.CppWorkerManager           : [C++ Worker]   Result: {"worker":"AAA0_0100_W","status":"success","data":"Hello from Java!!!!!!!","timestamp":1766481041}
2025-12-23T09:10:41.459Z  INFO 7 --- [deepapp_main] [cpp-worker-output] c.d.v.i.i.cpp.CppWorkerManager           : [C++ Worker] [GrpcWorkerClient] Response sent!
2025-12-23T09:10:41.496Z DEBUG 7 --- [deepapp_main] [grpc-default-executor-3] c.d.v.i.i.grpc.BaseGrpcClientService     : Received event 'response' from 'cpp-worker' to 'java-cpp-client'
2025-12-23T09:10:42.342Z  INFO 7 --- [deepapp_main] [http-nio-8080-exec-4] c.deepapp.vn.io.workers.CppWorkerClient  : Calling C++ worker: taskId=AAA0_0100_W, eventType=echo
2025-12-23T09:10:42.345Z  INFO 7 --- [deepapp_main] [http-nio-8080-exec-4] c.d.v.i.i.grpc.BaseGrpcClientService     : Sent event 'echo' from 'java-cpp-client' to 'cpp-worker' with requestId=java-cpp-client_req_5
2025-12-23T09:10:42.384Z  INFO 7 --- [deepapp_main] [cpp-worker-output] c.d.v.i.i.cpp.CppWorkerManager           : [C++ Worker] 
2025-12-23T09:10:42.384Z  INFO 7 --- [deepapp_main] [cpp-worker-output] c.d.v.i.i.cpp.CppWorkerManager           : [C++ Worker] [GrpcWorkerClient] Received event:
2025-12-23T09:10:42.385Z  INFO 7 --- [deepapp_main] [cpp-worker-output] c.d.v.i.i.cpp.CppWorkerManager           : [C++ Worker]   From: java-cpp-client
2025-12-23T09:10:42.385Z  INFO 7 --- [deepapp_main] [cpp-worker-output] c.d.v.i.i.cpp.CppWorkerManager           : [C++ Worker]   To: cpp-worker
2025-12-23T09:10:42.385Z  INFO 7 --- [deepapp_main] [cpp-worker-output] c.d.v.i.i.cpp.CppWorkerManager           : [C++ Worker]   Type: echo
2025-12-23T09:10:42.385Z  INFO 7 --- [deepapp_main] [cpp-worker-output] c.d.v.i.i.cpp.CppWorkerManager           : [C++ Worker]   Payload: Hello from Java!!!!!!!
2025-12-23T09:10:42.385Z  INFO 7 --- [deepapp_main] [cpp-worker-output] c.d.v.i.i.cpp.CppWorkerManager           : [C++ Worker]   TaskId (from metadata): AAA0_0100_W
2025-12-23T09:10:42.385Z  INFO 7 --- [deepapp_main] [cpp-worker-output] c.d.v.i.i.cpp.CppWorkerManager           : [C++ Worker] [AAA0_0100_Worker] Processing task:
2025-12-23T09:10:42.385Z  INFO 7 --- [deepapp_main] [cpp-worker-output] c.d.v.i.i.cpp.CppWorkerManager           : [C++ Worker]   Event Type: echo
2025-12-23T09:10:42.385Z  INFO 7 --- [deepapp_main] [cpp-worker-output] c.d.v.i.i.cpp.CppWorkerManager           : [C++ Worker]   Payload: Hello from Java!!!!!!!
2025-12-23T09:10:42.385Z  INFO 7 --- [deepapp_main] [cpp-worker-output] c.d.v.i.i.cpp.CppWorkerManager           : [C++ Worker]   Result: {"worker":"AAA0_0100_W","status":"success","data":"Hello from Java!!!!!!!","timestamp":1766481042}
2025-12-23T09:10:42.385Z  INFO 7 --- [deepapp_main] [cpp-worker-output] c.d.v.i.i.cpp.CppWorkerManager           : [C++ Worker] [GrpcWorkerClient] Response sent!
2025-12-23T09:10:42.423Z DEBUG 7 --- [deepapp_main] [grpc-default-executor-3] c.d.v.i.i.grpc.BaseGrpcClientService     : Received event 'response' from 'cpp-worker' to 'java-cpp-client'
2025-12-23T09:10:43.139Z  INFO 7 --- [deepapp_main] [http-nio-8080-exec-5] c.deepapp.vn.io.workers.CppWorkerClient  : Calling C++ worker: taskId=AAA0_0100_W, eventType=echo
2025-12-23T09:10:43.142Z  INFO 7 --- [deepapp_main] [http-nio-8080-exec-5] c.d.v.i.i.grpc.BaseGrpcClientService     : Sent event 'echo' from 'java-cpp-client' to 'cpp-worker' with requestId=java-cpp-client_req_6
2025-12-23T09:10:43.181Z  INFO 7 --- [deepapp_main] [cpp-worker-output] c.d.v.i.i.cpp.CppWorkerManager           : [C++ Worker] 
2025-12-23T09:10:43.182Z  INFO 7 --- [deepapp_main] [cpp-worker-output] c.d.v.i.i.cpp.CppWorkerManager           : [C++ Worker] [GrpcWorkerClient] Received event:
2025-12-23T09:10:43.182Z  INFO 7 --- [deepapp_main] [cpp-worker-output] c.d.v.i.i.cpp.CppWorkerManager           : [C++ Worker]   From: java-cpp-client
2025-12-23T09:10:43.182Z  INFO 7 --- [deepapp_main] [cpp-worker-output] c.d.v.i.i.cpp.CppWorkerManager           : [C++ Worker]   To: cpp-worker
2025-12-23T09:10:43.182Z  INFO 7 --- [deepapp_main] [cpp-worker-output] c.d.v.i.i.cpp.CppWorkerManager           : [C++ Worker]   Type: echo
2025-12-23T09:10:43.182Z  INFO 7 --- [deepapp_main] [cpp-worker-output] c.d.v.i.i.cpp.CppWorkerManager           : [C++ Worker]   Payload: Hello from Java!!!!!!!
2025-12-23T09:10:43.182Z  INFO 7 --- [deepapp_main] [cpp-worker-output] c.d.v.i.i.cpp.CppWorkerManager           : [C++ Worker]   TaskId (from metadata): AAA0_0100_W
2025-12-23T09:10:43.182Z  INFO 7 --- [deepapp_main] [cpp-worker-output] c.d.v.i.i.cpp.CppWorkerManager           : [C++ Worker] [AAA0_0100_Worker] Processing task:
2025-12-23T09:10:43.182Z  INFO 7 --- [deepapp_main] [cpp-worker-output] c.d.v.i.i.cpp.CppWorkerManager           : [C++ Worker]   Event Type: echo
2025-12-23T09:10:43.182Z  INFO 7 --- [deepapp_main] [cpp-worker-output] c.d.v.i.i.cpp.CppWorkerManager           : [C++ Worker]   Payload: Hello from Java!!!!!!!
2025-12-23T09:10:43.182Z  INFO 7 --- [deepapp_main] [cpp-worker-output] c.d.v.i.i.cpp.CppWorkerManager           : [C++ Worker]   Result: {"worker":"AAA0_0100_W","status":"success","data":"Hello from Java!!!!!!!","timestamp":1766481043}
2025-12-23T09:10:43.182Z  INFO 7 --- [deepapp_main] [cpp-worker-output] c.d.v.i.i.cpp.CppWorkerManager           : [C++ Worker] [GrpcWorkerClient] Response sent!
2025-12-23T09:10:43.220Z DEBUG 7 --- [deepapp_main] [grpc-default-executor-3] c.d.v.i.i.grpc.BaseGrpcClientService     : Received event 'response' from 'cpp-worker' to 'java-cpp-client'
2025-12-23T09:10:43.922Z  INFO 7 --- [deepapp_main] [http-nio-8080-exec-6] c.deepapp.vn.io.workers.CppWorkerClient  : Calling C++ worker: taskId=AAA0_0100_W, eventType=echo
2025-12-23T09:10:43.924Z  INFO 7 --- [deepapp_main] [http-nio-8080-exec-6] c.d.v.i.i.grpc.BaseGrpcClientService     : Sent event 'echo' from 'java-cpp-client' to 'cpp-worker' with requestId=java-cpp-client_req_7
2025-12-23T09:10:43.963Z  INFO 7 --- [deepapp_main] [cpp-worker-output] c.d.v.i.i.cpp.CppWorkerManager           : [C++ Worker] 
2025-12-23T09:10:43.964Z  INFO 7 --- [deepapp_main] [cpp-worker-output] c.d.v.i.i.cpp.CppWorkerManager           : [C++ Worker] [GrpcWorkerClient] Received event:
2025-12-23T09:10:43.964Z  INFO 7 --- [deepapp_main] [cpp-worker-output] c.d.v.i.i.cpp.CppWorkerManager           : [C++ Worker]   From: java-cpp-client
2025-12-23T09:10:43.964Z  INFO 7 --- [deepapp_main] [cpp-worker-output] c.d.v.i.i.cpp.CppWorkerManager           : [C++ Worker]   To: cpp-worker
2025-12-23T09:10:43.964Z  INFO 7 --- [deepapp_main] [cpp-worker-output] c.d.v.i.i.cpp.CppWorkerManager           : [C++ Worker]   Type: echo
2025-12-23T09:10:43.964Z  INFO 7 --- [deepapp_main] [cpp-worker-output] c.d.v.i.i.cpp.CppWorkerManager           : [C++ Worker]   Payload: Hello from Java!!!!!!!
2025-12-23T09:10:43.964Z  INFO 7 --- [deepapp_main] [cpp-worker-output] c.d.v.i.i.cpp.CppWorkerManager           : [C++ Worker]   TaskId (from metadata): AAA0_0100_W
2025-12-23T09:10:43.964Z  INFO 7 --- [deepapp_main] [cpp-worker-output] c.d.v.i.i.cpp.CppWorkerManager           : [C++ Worker] [AAA0_0100_Worker] Processing task:
2025-12-23T09:10:43.964Z  INFO 7 --- [deepapp_main] [cpp-worker-output] c.d.v.i.i.cpp.CppWorkerManager           : [C++ Worker]   Event Type: echo
2025-12-23T09:10:43.964Z  INFO 7 --- [deepapp_main] [cpp-worker-output] c.d.v.i.i.cpp.CppWorkerManager           : [C++ Worker]   Payload: Hello from Java!!!!!!!
2025-12-23T09:10:43.964Z  INFO 7 --- [deepapp_main] [cpp-worker-output] c.d.v.i.i.cpp.CppWorkerManager           : [C++ Worker]   Result: {"worker":"AAA0_0100_W","status":"success","data":"Hello from Java!!!!!!!","timestamp":1766481043}
2025-12-23T09:10:43.964Z  INFO 7 --- [deepapp_main] [cpp-worker-output] c.d.v.i.i.cpp.CppWorkerManager           : [C++ Worker] [GrpcWorkerClient] Response sent!
2025-12-23T09:10:44.002Z DEBUG 7 --- [deepapp_main] [grpc-default-executor-3] c.d.v.i.i.grpc.BaseGrpcClientService     : Received event 'response' from 'cpp-worker' to 'java-cpp-client'
2025-12-23T09:14:38.375Z  INFO 7 --- [deepapp_main] [http-nio-8080-exec-3] c.deepapp.vn.io.workers.CppWorkerClient  : Calling C++ worker: taskId=AAA0_0100_W, eventType=echo
2025-12-23T09:14:38.376Z  INFO 7 --- [deepapp_main] [http-nio-8080-exec-3] c.d.v.i.i.grpc.BaseGrpcClientService     : Sent event 'echo' from 'java-cpp-client' to 'cpp-worker' with requestId=java-cpp-client_req_8
2025-12-23T09:14:38.416Z  INFO 7 --- [deepapp_main] [cpp-worker-output] c.d.v.i.i.cpp.CppWorkerManager           : [C++ Worker] 
2025-12-23T09:14:38.417Z  INFO 7 --- [deepapp_main] [cpp-worker-output] c.d.v.i.i.cpp.CppWorkerManager           : [C++ Worker] [GrpcWorkerClient] Received event:
2025-12-23T09:14:38.417Z  INFO 7 --- [deepapp_main] [cpp-worker-output] c.d.v.i.i.cpp.CppWorkerManager           : [C++ Worker]   From: java-cpp-client
2025-12-23T09:14:38.417Z  INFO 7 --- [deepapp_main] [cpp-worker-output] c.d.v.i.i.cpp.CppWorkerManager           : [C++ Worker]   To: cpp-worker
2025-12-23T09:14:38.417Z  INFO 7 --- [deepapp_main] [cpp-worker-output] c.d.v.i.i.cpp.CppWorkerManager           : [C++ Worker]   Type: echo
2025-12-23T09:14:38.417Z  INFO 7 --- [deepapp_main] [cpp-worker-output] c.d.v.i.i.cpp.CppWorkerManager           : [C++ Worker]   Payload: Hello from Java!!!!!!!
2025-12-23T09:14:38.418Z  INFO 7 --- [deepapp_main] [cpp-worker-output] c.d.v.i.i.cpp.CppWorkerManager           : [C++ Worker]   TaskId (from metadata): AAA0_0100_W
2025-12-23T09:14:38.418Z  INFO 7 --- [deepapp_main] [cpp-worker-output] c.d.v.i.i.cpp.CppWorkerManager           : [C++ Worker] [AAA0_0100_Worker] Processing task:
2025-12-23T09:14:38.418Z  INFO 7 --- [deepapp_main] [cpp-worker-output] c.d.v.i.i.cpp.CppWorkerManager           : [C++ Worker]   Event Type: echo
2025-12-23T09:14:38.418Z  INFO 7 --- [deepapp_main] [cpp-worker-output] c.d.v.i.i.cpp.CppWorkerManager           : [C++ Worker]   Payload: Hello from Java!!!!!!!
2025-12-23T09:14:38.418Z  INFO 7 --- [deepapp_main] [cpp-worker-output] c.d.v.i.i.cpp.CppWorkerManager           : [C++ Worker]   Result: {"worker":"AAA0_0100_W","status":"success","data":"Hello from Java!!!!!!!","timestamp":1766481278}
2025-12-23T09:14:38.419Z  INFO 7 --- [deepapp_main] [cpp-worker-output] c.d.v.i.i.cpp.CppWorkerManager           : [C++ Worker] [GrpcWorkerClient] Response sent!
2025-12-23T09:14:38.456Z DEBUG 7 --- [deepapp_main] [grpc-default-executor-4] c.d.v.i.i.grpc.BaseGrpcClientService     : Received event 'response' from 'cpp-worker' to 'java-cpp-client'
2025-12-23T09:14:44.128Z  WARN 7 --- [deepapp_main] [http-nio-8080-exec-4] .w.s.m.s.DefaultHandlerExceptionResolver : Resolved [org.springframework.http.converter.HttpMessageNotReadableException: JSON parse error: Illegal unquoted character ((CTRL-CHAR, code 13)): has to be escaped using backslash to be included in string value]
2025-12-23T09:14:46.922Z  INFO 7 --- [deepapp_main] [http-nio-8080-exec-8] c.deepapp.vn.io.workers.CppWorkerClient  : Calling C++ worker: taskId=AAA0_0100_W, eventType=echo
2025-12-23T09:14:46.924Z  INFO 7 --- [deepapp_main] [http-nio-8080-exec-8] c.d.v.i.i.grpc.BaseGrpcClientService     : Sent event 'echo' from 'java-cpp-client' to 'cpp-worker' with requestId=java-cpp-client_req_9
2025-12-23T09:14:46.964Z  INFO 7 --- [deepapp_main] [cpp-worker-output] c.d.v.i.i.cpp.CppWorkerManager           : [C++ Worker] 
2025-12-23T09:14:46.964Z  INFO 7 --- [deepapp_main] [cpp-worker-output] c.d.v.i.i.cpp.CppWorkerManager           : [C++ Worker] [GrpcWorkerClient] Received event:
2025-12-23T09:14:46.964Z  INFO 7 --- [deepapp_main] [cpp-worker-output] c.d.v.i.i.cpp.CppWorkerManager           : [C++ Worker]   From: java-cpp-client
2025-12-23T09:14:46.964Z  INFO 7 --- [deepapp_main] [cpp-worker-output] c.d.v.i.i.cpp.CppWorkerManager           : [C++ Worker]   To: cpp-worker
2025-12-23T09:14:46.964Z  INFO 7 --- [deepapp_main] [cpp-worker-output] c.d.v.i.i.cpp.CppWorkerManager           : [C++ Worker]   Type: echo
2025-12-23T09:14:46.965Z  INFO 7 --- [deepapp_main] [cpp-worker-output] c.d.v.i.i.cpp.CppWorkerManager           : [C++ Worker]   Payload: Hello from Java Ông già!!
2025-12-23T09:14:46.965Z  INFO 7 --- [deepapp_main] [cpp-worker-output] c.d.v.i.i.cpp.CppWorkerManager           : [C++ Worker]   TaskId (from metadata): AAA0_0100_W
2025-12-23T09:14:46.965Z  INFO 7 --- [deepapp_main] [cpp-worker-output] c.d.v.i.i.cpp.CppWorkerManager           : [C++ Worker] [AAA0_0100_Worker] Processing task:
2025-12-23T09:14:46.965Z  INFO 7 --- [deepapp_main] [cpp-worker-output] c.d.v.i.i.cpp.CppWorkerManager           : [C++ Worker]   Event Type: echo
2025-12-23T09:14:46.965Z  INFO 7 --- [deepapp_main] [cpp-worker-output] c.d.v.i.i.cpp.CppWorkerManager           : [C++ Worker]   Payload: Hello from Java Ông già!!
2025-12-23T09:14:46.965Z  INFO 7 --- [deepapp_main] [cpp-worker-output] c.d.v.i.i.cpp.CppWorkerManager           : [C++ Worker]   Result: {"worker":"AAA0_0100_W","status":"success","data":"Hello from Java Ông già!!","timestamp":1766481286}
2025-12-23T09:14:46.965Z  INFO 7 --- [deepapp_main] [cpp-worker-output] c.d.v.i.i.cpp.CppWorkerManager           : [C++ Worker] [GrpcWorkerClient] Response sent!
2025-12-23T09:14:47.003Z DEBUG 7 --- [deepapp_main] [grpc-default-executor-4] c.d.v.i.i.grpc.BaseGrpcClientService     : Received event 'response' from 'cpp-worker' to 'java-cpp-client'
2025-12-23T09:17:03.109Z  INFO 7 --- [deepapp_main] [http-nio-8080-exec-9] c.deepapp.vn.io.workers.CppWorkerClient  : Calling C++ worker: taskId=AAA0_0100_W, eventType=echo
2025-12-23T09:17:03.111Z  INFO 7 --- [deepapp_main] [http-nio-8080-exec-9] c.d.v.i.i.grpc.BaseGrpcClientService     : Sent event 'echo' from 'java-cpp-client' to 'cpp-worker' with requestId=java-cpp-client_req_10
2025-12-23T09:17:03.150Z  INFO 7 --- [deepapp_main] [cpp-worker-output] c.d.v.i.i.cpp.CppWorkerManager           : [C++ Worker] 
2025-12-23T09:17:03.151Z  INFO 7 --- [deepapp_main] [cpp-worker-output] c.d.v.i.i.cpp.CppWorkerManager           : [C++ Worker] [GrpcWorkerClient] Received event:
2025-12-23T09:17:03.151Z  INFO 7 --- [deepapp_main] [cpp-worker-output] c.d.v.i.i.cpp.CppWorkerManager           : [C++ Worker]   From: java-cpp-client
2025-12-23T09:17:03.151Z  INFO 7 --- [deepapp_main] [cpp-worker-output] c.d.v.i.i.cpp.CppWorkerManager           : [C++ Worker]   To: cpp-worker
2025-12-23T09:17:03.151Z  INFO 7 --- [deepapp_main] [cpp-worker-output] c.d.v.i.i.cpp.CppWorkerManager           : [C++ Worker]   Type: echo
2025-12-23T09:17:03.151Z  INFO 7 --- [deepapp_main] [cpp-worker-output] c.d.v.i.i.cpp.CppWorkerManager           : [C++ Worker]   Payload: Hello from Java Ông già!!
2025-12-23T09:17:03.151Z  INFO 7 --- [deepapp_main] [cpp-worker-output] c.d.v.i.i.cpp.CppWorkerManager           : [C++ Worker]   TaskId (from metadata): AAA0_0100_W
2025-12-23T09:17:03.151Z  INFO 7 --- [deepapp_main] [cpp-worker-output] c.d.v.i.i.cpp.CppWorkerManager           : [C++ Worker] [AAA0_0100_Worker] Processing task:
2025-12-23T09:17:03.151Z  INFO 7 --- [deepapp_main] [cpp-worker-output] c.d.v.i.i.cpp.CppWorkerManager           : [C++ Worker]   Event Type: echo
2025-12-23T09:17:03.151Z  INFO 7 --- [deepapp_main] [cpp-worker-output] c.d.v.i.i.cpp.CppWorkerManager           : [C++ Worker]   Payload: Hello from Java Ông già!!
2025-12-23T09:17:03.151Z  INFO 7 --- [deepapp_main] [cpp-worker-output] c.d.v.i.i.cpp.CppWorkerManager           : [C++ Worker]   Result: {"worker":"AAA0_0100_W","status":"success","data":"Hello from Java Ông già!!","timestamp":1766481423}
2025-12-23T09:17:03.151Z  INFO 7 --- [deepapp_main] [cpp-worker-output] c.d.v.i.i.cpp.CppWorkerManager           : [C++ Worker] [GrpcWorkerClient] Response sent!
2025-12-23T09:17:03.189Z DEBUG 7 --- [deepapp_main] [grpc-default-executor-5] c.d.v.i.i.grpc.BaseGrpcClientService     : Received event 'response' from 'cpp-worker' to 'java-cpp-client'
2025-12-23T09:26:12.445Z  INFO 7 --- [deepapp_main] [http-nio-8080-exec-5] c.deepapp.vn.io.workers.CppWorkerClient  : Calling C++ worker: taskId=AAA0_0100_W, eventType=echo
2025-12-23T09:26:12.446Z  INFO 7 --- [deepapp_main] [http-nio-8080-exec-5] c.d.v.i.i.grpc.BaseGrpcClientService     : Sent event 'echo' from 'java-cpp-client' to 'cpp-worker' with requestId=java-cpp-client_req_11
2025-12-23T09:26:12.486Z  INFO 7 --- [deepapp_main] [cpp-worker-output] c.d.v.i.i.cpp.CppWorkerManager           : [C++ Worker] 
2025-12-23T09:26:12.487Z  INFO 7 --- [deepapp_main] [cpp-worker-output] c.d.v.i.i.cpp.CppWorkerManager           : [C++ Worker] [GrpcWorkerClient] Received event:
2025-12-23T09:26:12.487Z  INFO 7 --- [deepapp_main] [cpp-worker-output] c.d.v.i.i.cpp.CppWorkerManager           : [C++ Worker]   From: java-cpp-client
2025-12-23T09:26:12.487Z  INFO 7 --- [deepapp_main] [cpp-worker-output] c.d.v.i.i.cpp.CppWorkerManager           : [C++ Worker]   To: cpp-worker
2025-12-23T09:26:12.488Z  INFO 7 --- [deepapp_main] [cpp-worker-output] c.d.v.i.i.cpp.CppWorkerManager           : [C++ Worker]   Type: echo
2025-12-23T09:26:12.488Z  INFO 7 --- [deepapp_main] [cpp-worker-output] c.d.v.i.i.cpp.CppWorkerManager           : [C++ Worker]   Payload: Hello from Java Ông già!!
2025-12-23T09:26:12.489Z  INFO 7 --- [deepapp_main] [cpp-worker-output] c.d.v.i.i.cpp.CppWorkerManager           : [C++ Worker]   TaskId (from metadata): AAA0_0100_W
2025-12-23T09:26:12.489Z  INFO 7 --- [deepapp_main] [cpp-worker-output] c.d.v.i.i.cpp.CppWorkerManager           : [C++ Worker] [AAA0_0100_Worker] Processing task:
2025-12-23T09:26:12.489Z  INFO 7 --- [deepapp_main] [cpp-worker-output] c.d.v.i.i.cpp.CppWorkerManager           : [C++ Worker]   Event Type: echo
2025-12-23T09:26:12.490Z  INFO 7 --- [deepapp_main] [cpp-worker-output] c.d.v.i.i.cpp.CppWorkerManager           : [C++ Worker]   Payload: Hello from Java Ông già!!
2025-12-23T09:26:12.490Z  INFO 7 --- [deepapp_main] [cpp-worker-output] c.d.v.i.i.cpp.CppWorkerManager           : [C++ Worker]   Result: {"worker":"AAA0_0100_W","status":"success","data":"Hello from Java Ông già!!","timestamp":1766481972}
2025-12-23T09:26:12.490Z  INFO 7 --- [deepapp_main] [cpp-worker-output] c.d.v.i.i.cpp.CppWorkerManager           : [C++ Worker] [GrpcWorkerClient] Response sent!
2025-12-23T09:26:12.524Z DEBUG 7 --- [deepapp_main] [grpc-default-executor-6] c.d.v.i.i.grpc.BaseGrpcClientService     : Received event 'response' from 'cpp-worker' to 'java-cpp-client'
2025-12-23T09:37:10.216Z  INFO 7 --- [deepapp_main] [http-nio-8080-exec-9] c.deepapp.vn.io.workers.CppWorkerClient  : Calling C++ worker: taskId=AAA0_0100_W, eventType=echo
2025-12-23T09:37:10.217Z  INFO 7 --- [deepapp_main] [http-nio-8080-exec-9] c.d.v.i.i.grpc.BaseGrpcClientService     : Sent event 'echo' from 'java-cpp-client' to 'cpp-worker' with requestId=java-cpp-client_req_12
2025-12-23T09:37:10.259Z  INFO 7 --- [deepapp_main] [cpp-worker-output] c.d.v.i.i.cpp.CppWorkerManager           : [C++ Worker] 
2025-12-23T09:37:10.260Z  INFO 7 --- [deepapp_main] [cpp-worker-output] c.d.v.i.i.cpp.CppWorkerManager           : [C++ Worker] [GrpcWorkerClient] Received event:
2025-12-23T09:37:10.261Z  INFO 7 --- [deepapp_main] [cpp-worker-output] c.d.v.i.i.cpp.CppWorkerManager           : [C++ Worker]   From: java-cpp-client
2025-12-23T09:37:10.262Z  INFO 7 --- [deepapp_main] [cpp-worker-output] c.d.v.i.i.cpp.CppWorkerManager           : [C++ Worker]   To: cpp-worker
2025-12-23T09:37:10.262Z  INFO 7 --- [deepapp_main] [cpp-worker-output] c.d.v.i.i.cpp.CppWorkerManager           : [C++ Worker]   Type: echo
2025-12-23T09:37:10.262Z  INFO 7 --- [deepapp_main] [cpp-worker-output] c.d.v.i.i.cpp.CppWorkerManager           : [C++ Worker]   Payload: xsdadasd
2025-12-23T09:37:10.262Z  INFO 7 --- [deepapp_main] [cpp-worker-output] c.d.v.i.i.cpp.CppWorkerManager           : [C++ Worker]   TaskId (from metadata): AAA0_0100_W
2025-12-23T09:37:10.263Z  INFO 7 --- [deepapp_main] [cpp-worker-output] c.d.v.i.i.cpp.CppWorkerManager           : [C++ Worker] [AAA0_0100_Worker] Processing task:
2025-12-23T09:37:10.263Z  INFO 7 --- [deepapp_main] [cpp-worker-output] c.d.v.i.i.cpp.CppWorkerManager           : [C++ Worker]   Event Type: echo
2025-12-23T09:37:10.264Z  INFO 7 --- [deepapp_main] [cpp-worker-output] c.d.v.i.i.cpp.CppWorkerManager           : [C++ Worker]   Payload: xsdadasd
2025-12-23T09:37:10.264Z  INFO 7 --- [deepapp_main] [cpp-worker-output] c.d.v.i.i.cpp.CppWorkerManager           : [C++ Worker]   Result: {"worker":"AAA0_0100_W","status":"success","data":"xsdadasd","timestamp":1766482630}
2025-12-23T09:37:10.264Z  INFO 7 --- [deepapp_main] [cpp-worker-output] c.d.v.i.i.cpp.CppWorkerManager           : [C++ Worker] [GrpcWorkerClient] Response sent!
2025-12-23T09:37:10.299Z DEBUG 7 --- [deepapp_main] [grpc-default-executor-7] c.d.v.i.i.grpc.BaseGrpcClientService     : Received event 'response' from 'cpp-worker' to 'java-cpp-client'
2025-12-23T09:50:23.129Z ERROR 7 --- [deepapp_main] [grpc-default-executor-8] c.d.v.i.i.grpc.BaseGrpcClientService     : gRPC stream error for client 'java-ocr-client': UNAVAILABLE: Network closed for unknown reason

io.grpc.StatusRuntimeException: UNAVAILABLE: Network closed for unknown reason
	at io.grpc.Status.asRuntimeException(Status.java:537) ~[grpc-api-1.60.0.jar!/:1.60.0]
	at io.grpc.stub.ClientCalls$StreamObserverToCallListenerAdapter.onClose(ClientCalls.java:481) ~[grpc-stub-1.60.0.jar!/:1.60.0]
	at io.grpc.internal.DelayedClientCall$DelayedListener$3.run(DelayedClientCall.java:489) ~[grpc-core-1.60.0.jar!/:1.60.0]
	at io.grpc.internal.DelayedClientCall$DelayedListener.delayOrExecute(DelayedClientCall.java:453) ~[grpc-core-1.60.0.jar!/:1.60.0]
	at io.grpc.internal.DelayedClientCall$DelayedListener.onClose(DelayedClientCall.java:486) ~[grpc-core-1.60.0.jar!/:1.60.0]
	at io.grpc.internal.ClientCallImpl.closeObserver(ClientCallImpl.java:574) ~[grpc-core-1.60.0.jar!/:1.60.0]
	at io.grpc.internal.ClientCallImpl.access$300(ClientCallImpl.java:72) ~[grpc-core-1.60.0.jar!/:1.60.0]
	at io.grpc.internal.ClientCallImpl$ClientStreamListenerImpl$1StreamClosed.runInternal(ClientCallImpl.java:742) ~[grpc-core-1.60.0.jar!/:1.60.0]
	at io.grpc.internal.ClientCallImpl$ClientStreamListenerImpl$1StreamClosed.runInContext(ClientCallImpl.java:723) ~[grpc-core-1.60.0.jar!/:1.60.0]
	at io.grpc.internal.ContextRunnable.run(ContextRunnable.java:37) ~[grpc-core-1.60.0.jar!/:1.60.0]
	at io.grpc.internal.SerializingExecutor.run(SerializingExecutor.java:133) ~[grpc-core-1.60.0.jar!/:1.60.0]
	at java.base/java.util.concurrent.ThreadPoolExecutor.runWorker(Unknown Source) ~[na:na]
	at java.base/java.util.concurrent.ThreadPoolExecutor$Worker.run(Unknown Source) ~[na:na]
	at java.base/java.lang.Thread.run(Unknown Source) ~[na:na]

2025-12-23T09:55:33.089Z ERROR 7 --- [deepapp_main] [cpp-worker-error] c.d.v.i.i.cpp.CppWorkerManager           : [C++ Worker ERROR] [GrpcWorkerClient] Stream error: Socket closed
2025-12-23T09:55:33.089Z  INFO 7 --- [deepapp_main] [cpp-worker-output] c.d.v.i.i.cpp.CppWorkerManager           : [C++ Worker] [Main] Client stopped.
2025-12-23T09:58:18.912Z ERROR 7 --- [deepapp_main] [grpc-default-executor-10] c.d.v.i.i.grpc.BaseGrpcClientService     : gRPC stream error for client 'java-cpp-client': UNAVAILABLE: Network closed for unknown reason

io.grpc.StatusRuntimeException: UNAVAILABLE: Network closed for unknown reason
	at io.grpc.Status.asRuntimeException(Status.java:537) ~[grpc-api-1.60.0.jar!/:1.60.0]
	at io.grpc.stub.ClientCalls$StreamObserverToCallListenerAdapter.onClose(ClientCalls.java:481) ~[grpc-stub-1.60.0.jar!/:1.60.0]
	at io.grpc.internal.DelayedClientCall$DelayedListener$3.run(DelayedClientCall.java:489) ~[grpc-core-1.60.0.jar!/:1.60.0]
	at io.grpc.internal.DelayedClientCall$DelayedListener.delayOrExecute(DelayedClientCall.java:453) ~[grpc-core-1.60.0.jar!/:1.60.0]
	at io.grpc.internal.DelayedClientCall$DelayedListener.onClose(DelayedClientCall.java:486) ~[grpc-core-1.60.0.jar!/:1.60.0]
	at io.grpc.internal.ClientCallImpl.closeObserver(ClientCallImpl.java:574) ~[grpc-core-1.60.0.jar!/:1.60.0]
	at io.grpc.internal.ClientCallImpl.access$300(ClientCallImpl.java:72) ~[grpc-core-1.60.0.jar!/:1.60.0]
	at io.grpc.internal.ClientCallImpl$ClientStreamListenerImpl$1StreamClosed.runInternal(ClientCallImpl.java:742) ~[grpc-core-1.60.0.jar!/:1.60.0]
	at io.grpc.internal.ClientCallImpl$ClientStreamListenerImpl$1StreamClosed.runInContext(ClientCallImpl.java:723) ~[grpc-core-1.60.0.jar!/:1.60.0]
	at io.grpc.internal.ContextRunnable.run(ContextRunnable.java:37) ~[grpc-core-1.60.0.jar!/:1.60.0]
	at io.grpc.internal.SerializingExecutor.run(SerializingExecutor.java:133) ~[grpc-core-1.60.0.jar!/:1.60.0]
	at java.base/java.util.concurrent.ThreadPoolExecutor.runWorker(Unknown Source) ~[na:na]
	at java.base/java.util.concurrent.ThreadPoolExecutor$Worker.run(Unknown Source) ~[na:na]
	at java.base/java.lang.Thread.run(Unknown Source) ~[na:na]

2025-12-23T10:13:22.698Z  INFO 7 --- [deepapp_main] [http-nio-8080-exec-10] c.deepapp.vn.io.workers.CppWorkerClient  : Calling C++ worker: taskId=AAA0_0100_W, eventType=echo
2025-12-23T10:13:22.704Z  INFO 7 --- [deepapp_main] [http-nio-8080-exec-10] c.d.v.i.i.grpc.BaseGrpcClientService     : Sent event 'echo' from 'java-cpp-client' to 'cpp-worker' with requestId=java-cpp-client_req_13
2025-12-23T10:13:40.672Z  INFO 7 --- [deepapp_main] [main] c.deepapp.vn.io.DeepappMainApplication   : Starting DeepappMainApplication v0.0.1-SNAPSHOT using Java 17.0.17 with PID 7 (/app/app.jar started by root in /app)
2025-12-23T10:13:40.674Z DEBUG 7 --- [deepapp_main] [main] c.deepapp.vn.io.DeepappMainApplication   : Running with Spring Boot v4.0.1, Spring v7.0.2
2025-12-23T10:13:40.675Z  INFO 7 --- [deepapp_main] [main] c.deepapp.vn.io.DeepappMainApplication   : The following 1 profile is active: "docker"
2025-12-23T10:13:42.047Z  INFO 7 --- [deepapp_main] [main] o.s.boot.tomcat.TomcatWebServer          : Tomcat initialized with port 8080 (http)
2025-12-23T10:13:42.060Z  INFO 7 --- [deepapp_main] [main] o.apache.catalina.core.StandardService   : Starting service [Tomcat]
2025-12-23T10:13:42.060Z  INFO 7 --- [deepapp_main] [main] o.apache.catalina.core.StandardEngine    : Starting Servlet engine: [Apache Tomcat/11.0.15]
2025-12-23T10:13:42.086Z  INFO 7 --- [deepapp_main] [main] b.w.c.s.WebApplicationContextInitializer : Root WebApplicationContext: initialization completed in 1363 ms
2025-12-23T10:13:42.288Z  INFO 7 --- [deepapp_main] [main] c.deepapp.vn.io.workers.CppWorkerClient  : CppWorkerClient created with host=72.60.111.138, port=50051
2025-12-23T10:13:42.290Z  INFO 7 --- [deepapp_main] [main] c.d.v.i.i.grpc.BaseGrpcClientService     : Initializing gRPC client 'java-cpp-client' to 72.60.111.138:50051
2025-12-23T10:13:42.550Z  INFO 7 --- [deepapp_main] [main] c.d.v.i.i.grpc.BaseGrpcClientService     : Sent connection message for client 'java-cpp-client'
2025-12-23T10:13:42.550Z  INFO 7 --- [deepapp_main] [main] c.d.v.i.i.grpc.BaseGrpcClientService     : gRPC client 'java-cpp-client' initialized successfully
2025-12-23T10:13:42.550Z  INFO 7 --- [deepapp_main] [main] c.deepapp.vn.io.workers.CppWorkerClient  : C++ Worker Client initialized - target: cpp-worker
2025-12-23T10:13:42.556Z  INFO 7 --- [deepapp_main] [main] c.d.v.i.i.cpp.CppWorkerManager           : ========================================
2025-12-23T10:13:42.556Z  INFO 7 --- [deepapp_main] [main] c.d.v.i.i.cpp.CppWorkerManager           : C++ Worker Manager - Initialization
2025-12-23T10:13:42.556Z  INFO 7 --- [deepapp_main] [main] c.d.v.i.i.cpp.CppWorkerManager           : ========================================
2025-12-23T10:13:42.556Z  INFO 7 --- [deepapp_main] [main] c.d.v.i.i.cpp.CppWorkerManager           : Starting C++ worker process...
2025-12-23T10:13:42.556Z  INFO 7 --- [deepapp_main] [main] c.d.v.i.i.cpp.CppWorkerManager           :   gRPC Server: 72.60.111.138:50051
2025-12-23T10:13:42.556Z  INFO 7 --- [deepapp_main] [main] c.d.v.i.i.cpp.CppWorkerManager           :   Client ID: cpp-worker
2025-12-23T10:13:42.608Z  INFO 7 --- [deepapp_main] [cpp-worker-output] c.d.v.i.i.cpp.CppWorkerManager           : [C++ Worker] [AAA0_0100_Worker] Initialized
2025-12-23T10:13:42.608Z  INFO 7 --- [deepapp_main] [cpp-worker-output] c.d.v.i.i.cpp.CppWorkerManager           : [C++ Worker] [WorkerRegistry] Registered worker: AAA0_0100_W -> AAA0_0100_Worker
2025-12-23T10:13:42.608Z  INFO 7 --- [deepapp_main] [cpp-worker-output] c.d.v.i.i.cpp.CppWorkerManager           : [C++ Worker] [AAA0_0200_Worker] Initialized
2025-12-23T10:13:42.609Z  INFO 7 --- [deepapp_main] [cpp-worker-output] c.d.v.i.i.cpp.CppWorkerManager           : [C++ Worker] [WorkerRegistry] Registered worker: AAA0_0200_W -> AAA0_0200_Worker
2025-12-23T10:13:42.609Z  INFO 7 --- [deepapp_main] [cpp-worker-output] c.d.v.i.i.cpp.CppWorkerManager           : [C++ Worker] ========================================
2025-12-23T10:13:42.609Z  INFO 7 --- [deepapp_main] [cpp-worker-output] c.d.v.i.i.cpp.CppWorkerManager           : [C++ Worker] DeepApp C++ Worker Application
2025-12-23T10:13:42.609Z  INFO 7 --- [deepapp_main] [cpp-worker-output] c.d.v.i.i.cpp.CppWorkerManager           : [C++ Worker] ========================================
2025-12-23T10:13:42.609Z  INFO 7 --- [deepapp_main] [cpp-worker-output] c.d.v.i.i.cpp.CppWorkerManager           : [C++ Worker] [Main] Configuration:
2025-12-23T10:13:42.609Z  INFO 7 --- [deepapp_main] [cpp-worker-output] c.d.v.i.i.cpp.CppWorkerManager           : [C++ Worker]   Server: 72.60.111.138:50051
2025-12-23T10:13:42.609Z  INFO 7 --- [deepapp_main] [cpp-worker-output] c.d.v.i.i.cpp.CppWorkerManager           : [C++ Worker]   Client ID: cpp-worker
2025-12-23T10:13:42.609Z  INFO 7 --- [deepapp_main] [cpp-worker-output] c.d.v.i.i.cpp.CppWorkerManager           : [C++ Worker] 
2025-12-23T10:13:42.609Z  INFO 7 --- [deepapp_main] [cpp-worker-output] c.d.v.i.i.cpp.CppWorkerManager           : [C++ Worker] [Main] Worker Registry Status:
2025-12-23T10:13:42.610Z  INFO 7 --- [deepapp_main] [cpp-worker-output] c.d.v.i.i.cpp.CppWorkerManager           : [C++ Worker]   Total workers: 2
2025-12-23T10:13:42.610Z  INFO 7 --- [deepapp_main] [cpp-worker-output] c.d.v.i.i.cpp.CppWorkerManager           : [C++ Worker]   ✓ Registered workers:
2025-12-23T10:13:42.611Z  INFO 7 --- [deepapp_main] [cpp-worker-output] c.d.v.i.i.cpp.CppWorkerManager           : [C++ Worker]     - AAA0_0100_W (AAA0_0100_Worker)
2025-12-23T10:13:42.615Z  INFO 7 --- [deepapp_main] [cpp-worker-output] c.d.v.i.i.cpp.CppWorkerManager           : [C++ Worker]     - AAA0_0200_W (AAA0_0200_Worker)
2025-12-23T10:13:42.615Z  INFO 7 --- [deepapp_main] [cpp-worker-output] c.d.v.i.i.cpp.CppWorkerManager           : [C++ Worker] 
2025-12-23T10:13:42.616Z  INFO 7 --- [deepapp_main] [cpp-worker-output] c.d.v.i.i.cpp.CppWorkerManager           : [C++ Worker] [Main] Starting gRPC worker client...
2025-12-23T10:13:42.616Z  INFO 7 --- [deepapp_main] [cpp-worker-output] c.d.v.i.i.cpp.CppWorkerManager           : [C++ Worker] ========================================
2025-12-23T10:13:42.616Z  INFO 7 --- [deepapp_main] [cpp-worker-output] c.d.v.i.i.cpp.CppWorkerManager           : [C++ Worker] 
2025-12-23T10:13:42.616Z  INFO 7 --- [deepapp_main] [cpp-worker-output] c.d.v.i.i.cpp.CppWorkerManager           : [C++ Worker] [GrpcWorkerClient] Connecting to 72.60.111.138:50051 with client_id: cpp-worker
2025-12-23T10:13:42.660Z  INFO 7 --- [deepapp_main] [cpp-worker-output] c.d.v.i.i.cpp.CppWorkerManager           : [C++ Worker] [GrpcWorkerClient] Connected! Waiting for tasks...
2025-12-23T10:13:42.661Z  INFO 7 --- [deepapp_main] [cpp-worker-output] c.d.v.i.i.cpp.CppWorkerManager           : [C++ Worker] [GrpcWorkerClient] Registered 2 workers:
2025-12-23T10:13:42.661Z  INFO 7 --- [deepapp_main] [cpp-worker-output] c.d.v.i.i.cpp.CppWorkerManager           : [C++ Worker]   - AAA0_0100_W
2025-12-23T10:13:42.661Z  INFO 7 --- [deepapp_main] [cpp-worker-output] c.d.v.i.i.cpp.CppWorkerManager           : [C++ Worker]   - AAA0_0200_W
2025-12-23T10:13:42.699Z  INFO 7 --- [deepapp_main] [cpp-worker-output] c.d.v.i.i.cpp.CppWorkerManager           : [C++ Worker] 
2025-12-23T10:13:42.700Z  INFO 7 --- [deepapp_main] [cpp-worker-output] c.d.v.i.i.cpp.CppWorkerManager           : [C++ Worker] [GrpcWorkerClient] Received event:
2025-12-23T10:13:42.700Z  INFO 7 --- [deepapp_main] [cpp-worker-output] c.d.v.i.i.cpp.CppWorkerManager           : [C++ Worker]   From: server
2025-12-23T10:13:42.700Z  INFO 7 --- [deepapp_main] [cpp-worker-output] c.d.v.i.i.cpp.CppWorkerManager           : [C++ Worker]   To: cpp-worker
2025-12-23T10:13:42.700Z  INFO 7 --- [deepapp_main] [cpp-worker-output] c.d.v.i.i.cpp.CppWorkerManager           : [C++ Worker]   Type: connected
2025-12-23T10:13:42.700Z  INFO 7 --- [deepapp_main] [cpp-worker-output] c.d.v.i.i.cpp.CppWorkerManager           : [C++ Worker]   Payload: cpp-worker
2025-12-23T10:13:42.700Z  INFO 7 --- [deepapp_main] [cpp-worker-output] c.d.v.i.i.cpp.CppWorkerManager           : [C++ Worker]   TaskId (from targetId): cpp-worker
2025-12-23T10:13:42.700Z  INFO 7 --- [deepapp_main] [cpp-worker-output] c.d.v.i.i.cpp.CppWorkerManager           : [C++ Worker]   Result: {"error":"Worker not found: cpp-worker"}
2025-12-23T10:13:42.701Z  INFO 7 --- [deepapp_main] [cpp-worker-output] c.d.v.i.i.cpp.CppWorkerManager           : [C++ Worker] [GrpcWorkerClient] Response sent!
2025-12-23T10:13:42.920Z DEBUG 7 --- [deepapp_main] [grpc-default-executor-1] c.d.v.i.i.grpc.BaseGrpcClientService     : Received event 'connected' from 'server' to 'java-cpp-client'
2025-12-23T10:13:42.920Z  INFO 7 --- [deepapp_main] [grpc-default-executor-1] c.d.vn.io.workers.BaseWorkerClient       : Worker 'java-cpp-client' received event 'connected' from 'server'
2025-12-23T10:13:42.920Z  INFO 7 --- [deepapp_main] [grpc-default-executor-1] c.deepapp.vn.io.workers.CppWorkerClient  : C++ Worker event: connected - java-cpp-client
2025-12-23T10:13:44.590Z  INFO 7 --- [deepapp_main] [main] c.d.v.i.i.cpp.CppWorkerManager           : C++ worker process started successfully (PID: 56)
2025-12-23T10:13:44.590Z  INFO 7 --- [deepapp_main] [main] c.d.v.i.i.cpp.CppWorkerManager           : C++ Worker Manager initialized successfully
2025-12-23T10:13:44.590Z  INFO 7 --- [deepapp_main] [main] c.d.v.i.i.cpp.CppWorkerManager           : ========================================
2025-12-23T10:13:44.596Z  INFO 7 --- [deepapp_main] [main] c.deepapp.vn.io.workers.OcrWorkerClient  : OcrWorkerClient created with host=72.60.111.138, port=50051
2025-12-23T10:13:44.597Z  INFO 7 --- [deepapp_main] [main] c.d.v.i.i.grpc.BaseGrpcClientService     : Initializing gRPC client 'java-ocr-client' to 72.60.111.138:50051
2025-12-23T10:13:44.598Z  INFO 7 --- [deepapp_main] [main] c.d.v.i.i.grpc.BaseGrpcClientService     : Sent connection message for client 'java-ocr-client'
2025-12-23T10:13:44.599Z  INFO 7 --- [deepapp_main] [main] c.d.v.i.i.grpc.BaseGrpcClientService     : gRPC client 'java-ocr-client' initialized successfully
2025-12-23T10:13:44.599Z  INFO 7 --- [deepapp_main] [main] c.deepapp.vn.io.workers.OcrWorkerClient  : OCR Worker Client initialized - target: cpp-ocr-worker
2025-12-23T10:13:44.604Z  INFO 7 --- [deepapp_main] [main] c.deepapp.vn.io.workers.NerWorkerClient  : NerWorkerClient created with host=72.60.111.138, port=50051
2025-12-23T10:13:44.605Z  INFO 7 --- [deepapp_main] [main] c.d.v.i.i.grpc.BaseGrpcClientService     : Initializing gRPC client 'java-ner-client' to 72.60.111.138:50051
2025-12-23T10:13:44.607Z  INFO 7 --- [deepapp_main] [main] c.d.v.i.i.grpc.BaseGrpcClientService     : Sent connection message for client 'java-ner-client'
2025-12-23T10:13:44.607Z  INFO 7 --- [deepapp_main] [main] c.d.v.i.i.grpc.BaseGrpcClientService     : gRPC client 'java-ner-client' initialized successfully
2025-12-23T10:13:44.607Z  INFO 7 --- [deepapp_main] [main] c.deepapp.vn.io.workers.NerWorkerClient  : NER Worker Client initialized - target: cpp-ner-worker
2025-12-23T10:13:44.686Z DEBUG 7 --- [deepapp_main] [grpc-default-executor-1] c.d.v.i.i.grpc.BaseGrpcClientService     : Received event 'connected' from 'server' to 'java-ocr-client'
2025-12-23T10:13:44.686Z  INFO 7 --- [deepapp_main] [grpc-default-executor-1] c.d.vn.io.workers.BaseWorkerClient       : Worker 'java-ocr-client' received event 'connected' from 'server'
2025-12-23T10:13:44.686Z  INFO 7 --- [deepapp_main] [grpc-default-executor-1] c.deepapp.vn.io.workers.OcrWorkerClient  : OCR Worker event: connected - java-ocr-client
2025-12-23T10:13:44.693Z DEBUG 7 --- [deepapp_main] [grpc-default-executor-0] c.d.v.i.i.grpc.BaseGrpcClientService     : Received event 'connected' from 'server' to 'java-ner-client'
2025-12-23T10:13:44.694Z  INFO 7 --- [deepapp_main] [grpc-default-executor-0] c.d.vn.io.workers.BaseWorkerClient       : Worker 'java-ner-client' received event 'connected' from 'server'
2025-12-23T10:13:44.694Z  INFO 7 --- [deepapp_main] [grpc-default-executor-0] c.deepapp.vn.io.workers.NerWorkerClient  : NER Worker event: connected - java-ner-client
2025-12-23T10:13:45.491Z  INFO 7 --- [deepapp_main] [main] o.s.b.a.e.web.EndpointLinksResolver      : Exposing 3 endpoints beneath base path '/actuator'
2025-12-23T10:13:45.545Z  INFO 7 --- [deepapp_main] [main] o.s.boot.tomcat.TomcatWebServer          : Tomcat started on port 8080 (http) with context path '/'
2025-12-23T10:13:45.552Z  INFO 7 --- [deepapp_main] [main] c.deepapp.vn.io.DeepappMainApplication   : Started DeepappMainApplication in 5.546 seconds (process running for 6.14)
2025-12-23T10:13:47.051Z  INFO 7 --- [deepapp_main] [http-nio-8080-exec-1] o.a.c.c.C.[Tomcat].[localhost].[/]       : Initializing Spring DispatcherServlet 'dispatcherServlet'
2025-12-23T10:13:47.052Z  INFO 7 --- [deepapp_main] [http-nio-8080-exec-1] o.s.web.servlet.DispatcherServlet        : Initializing Servlet 'dispatcherServlet'
2025-12-23T10:13:47.053Z  INFO 7 --- [deepapp_main] [http-nio-8080-exec-1] o.s.web.servlet.DispatcherServlet        : Completed initialization in 1 ms
2025-12-23T10:13:47.139Z  INFO 7 --- [deepapp_main] [http-nio-8080-exec-1] c.deepapp.vn.io.workers.CppWorkerClient  : Calling C++ worker: taskId=AAA0_0100_W, eventType=echo
2025-12-23T10:13:47.144Z  INFO 7 --- [deepapp_main] [http-nio-8080-exec-1] c.d.v.i.i.grpc.BaseGrpcClientService     : Sent event 'echo' from 'java-cpp-client' to 'cpp-worker' with requestId=java-cpp-client_req_1
2025-12-23T10:13:47.182Z  INFO 7 --- [deepapp_main] [cpp-worker-output] c.d.v.i.i.cpp.CppWorkerManager           : [C++ Worker] 
2025-12-23T10:13:47.183Z  INFO 7 --- [deepapp_main] [cpp-worker-output] c.d.v.i.i.cpp.CppWorkerManager           : [C++ Worker] [GrpcWorkerClient] Received event:
2025-12-23T10:13:47.183Z  INFO 7 --- [deepapp_main] [cpp-worker-output] c.d.v.i.i.cpp.CppWorkerManager           : [C++ Worker]   From: java-cpp-client
2025-12-23T10:13:47.183Z  INFO 7 --- [deepapp_main] [cpp-worker-output] c.d.v.i.i.cpp.CppWorkerManager           : [C++ Worker]   To: cpp-worker
2025-12-23T10:13:47.183Z  INFO 7 --- [deepapp_main] [cpp-worker-output] c.d.v.i.i.cpp.CppWorkerManager           : [C++ Worker]   Type: echo
2025-12-23T10:13:47.183Z  INFO 7 --- [deepapp_main] [cpp-worker-output] c.d.v.i.i.cpp.CppWorkerManager           : [C++ Worker]   Payload: xsdadasd
2025-12-23T10:13:47.183Z  INFO 7 --- [deepapp_main] [cpp-worker-output] c.d.v.i.i.cpp.CppWorkerManager           : [C++ Worker]   TaskId (from metadata): AAA0_0100_W
2025-12-23T10:13:47.183Z  INFO 7 --- [deepapp_main] [cpp-worker-output] c.d.v.i.i.cpp.CppWorkerManager           : [C++ Worker] [AAA0_0100_Worker] Processing task:
2025-12-23T10:13:47.184Z  INFO 7 --- [deepapp_main] [cpp-worker-output] c.d.v.i.i.cpp.CppWorkerManager           : [C++ Worker]   Event Type: echo
2025-12-23T10:13:47.184Z  INFO 7 --- [deepapp_main] [cpp-worker-output] c.d.v.i.i.cpp.CppWorkerManager           : [C++ Worker]   Payload: xsdadasd
2025-12-23T10:13:47.184Z  INFO 7 --- [deepapp_main] [cpp-worker-output] c.d.v.i.i.cpp.CppWorkerManager           : [C++ Worker]   Result: {"worker":"AAA0_0100_W","status":"success","data":"xsdadasd","timestamp":1766484827}
2025-12-23T10:13:47.184Z  INFO 7 --- [deepapp_main] [cpp-worker-output] c.d.v.i.i.cpp.CppWorkerManager           : [C++ Worker] [GrpcWorkerClient] Response sent!
2025-12-23T10:13:47.222Z DEBUG 7 --- [deepapp_main] [grpc-default-executor-0] c.d.v.i.i.grpc.BaseGrpcClientService     : Received event 'response' from 'cpp-worker' to 'java-cpp-client'
2025-12-23T10:13:47.612Z  INFO 7 --- [deepapp_main] [http-nio-8080-exec-3] c.deepapp.vn.io.workers.CppWorkerClient  : Calling C++ worker: taskId=AAA0_0100_W, eventType=echo
2025-12-23T10:13:47.615Z  INFO 7 --- [deepapp_main] [http-nio-8080-exec-3] c.d.v.i.i.grpc.BaseGrpcClientService     : Sent event 'echo' from 'java-cpp-client' to 'cpp-worker' with requestId=java-cpp-client_req_2
2025-12-23T10:13:47.653Z  INFO 7 --- [deepapp_main] [cpp-worker-output] c.d.v.i.i.cpp.CppWorkerManager           : [C++ Worker] 
2025-12-23T10:13:47.654Z  INFO 7 --- [deepapp_main] [cpp-worker-output] c.d.v.i.i.cpp.CppWorkerManager           : [C++ Worker] [GrpcWorkerClient] Received event:
2025-12-23T10:13:47.654Z  INFO 7 --- [deepapp_main] [cpp-worker-output] c.d.v.i.i.cpp.CppWorkerManager           : [C++ Worker]   From: java-cpp-client
2025-12-23T10:13:47.654Z  INFO 7 --- [deepapp_main] [cpp-worker-output] c.d.v.i.i.cpp.CppWorkerManager           : [C++ Worker]   To: cpp-worker
2025-12-23T10:13:47.654Z  INFO 7 --- [deepapp_main] [cpp-worker-output] c.d.v.i.i.cpp.CppWorkerManager           : [C++ Worker]   Type: echo
2025-12-23T10:13:47.655Z  INFO 7 --- [deepapp_main] [cpp-worker-output] c.d.v.i.i.cpp.CppWorkerManager           : [C++ Worker]   Payload: xsdadasd
2025-12-23T10:13:47.655Z  INFO 7 --- [deepapp_main] [cpp-worker-output] c.d.v.i.i.cpp.CppWorkerManager           : [C++ Worker]   TaskId (from metadata): AAA0_0100_W
2025-12-23T10:13:47.655Z  INFO 7 --- [deepapp_main] [cpp-worker-output] c.d.v.i.i.cpp.CppWorkerManager           : [C++ Worker] [AAA0_0100_Worker] Processing task:
2025-12-23T10:13:47.656Z  INFO 7 --- [deepapp_main] [cpp-worker-output] c.d.v.i.i.cpp.CppWorkerManager           : [C++ Worker]   Event Type: echo
2025-12-23T10:13:47.656Z  INFO 7 --- [deepapp_main] [cpp-worker-output] c.d.v.i.i.cpp.CppWorkerManager           : [C++ Worker]   Payload: xsdadasd
2025-12-23T10:13:47.656Z  INFO 7 --- [deepapp_main] [cpp-worker-output] c.d.v.i.i.cpp.CppWorkerManager           : [C++ Worker]   Result: {"worker":"AAA0_0100_W","status":"success","data":"xsdadasd","timestamp":1766484827}
2025-12-23T10:13:47.656Z  INFO 7 --- [deepapp_main] [cpp-worker-output] c.d.v.i.i.cpp.CppWorkerManager           : [C++ Worker] [GrpcWorkerClient] Response sent!
2025-12-23T10:13:47.691Z DEBUG 7 --- [deepapp_main] [grpc-default-executor-0] c.d.v.i.i.grpc.BaseGrpcClientService     : Received event 'response' from 'cpp-worker' to 'java-cpp-client'
2025-12-23T10:13:49.255Z  INFO 7 --- [deepapp_main] [http-nio-8080-exec-4] c.deepapp.vn.io.workers.CppWorkerClient  : Calling C++ worker: taskId=AAA0_0100_W, eventType=echo
2025-12-23T10:13:49.256Z  INFO 7 --- [deepapp_main] [http-nio-8080-exec-4] c.d.v.i.i.grpc.BaseGrpcClientService     : Sent event 'echo' from 'java-cpp-client' to 'cpp-worker' with requestId=java-cpp-client_req_3
2025-12-23T10:13:49.294Z  INFO 7 --- [deepapp_main] [cpp-worker-output] c.d.v.i.i.cpp.CppWorkerManager           : [C++ Worker] 
2025-12-23T10:13:49.294Z  INFO 7 --- [deepapp_main] [cpp-worker-output] c.d.v.i.i.cpp.CppWorkerManager           : [C++ Worker] [GrpcWorkerClient] Received event:
2025-12-23T10:13:49.294Z  INFO 7 --- [deepapp_main] [cpp-worker-output] c.d.v.i.i.cpp.CppWorkerManager           : [C++ Worker]   From: java-cpp-client
2025-12-23T10:13:49.294Z  INFO 7 --- [deepapp_main] [cpp-worker-output] c.d.v.i.i.cpp.CppWorkerManager           : [C++ Worker]   To: cpp-worker
2025-12-23T10:13:49.294Z  INFO 7 --- [deepapp_main] [cpp-worker-output] c.d.v.i.i.cpp.CppWorkerManager           : [C++ Worker]   Type: echo
2025-12-23T10:13:49.295Z  INFO 7 --- [deepapp_main] [cpp-worker-output] c.d.v.i.i.cpp.CppWorkerManager           : [C++ Worker]   Payload: xsdadasd
2025-12-23T10:13:49.295Z  INFO 7 --- [deepapp_main] [cpp-worker-output] c.d.v.i.i.cpp.CppWorkerManager           : [C++ Worker]   TaskId (from metadata): AAA0_0100_W
2025-12-23T10:13:49.295Z  INFO 7 --- [deepapp_main] [cpp-worker-output] c.d.v.i.i.cpp.CppWorkerManager           : [C++ Worker] [AAA0_0100_Worker] Processing task:
2025-12-23T10:13:49.295Z  INFO 7 --- [deepapp_main] [cpp-worker-output] c.d.v.i.i.cpp.CppWorkerManager           : [C++ Worker]   Event Type: echo
2025-12-23T10:13:49.295Z  INFO 7 --- [deepapp_main] [cpp-worker-output] c.d.v.i.i.cpp.CppWorkerManager           : [C++ Worker]   Payload: xsdadasd
2025-12-23T10:13:49.295Z  INFO 7 --- [deepapp_main] [cpp-worker-output] c.d.v.i.i.cpp.CppWorkerManager           : [C++ Worker]   Result: {"worker":"AAA0_0100_W","status":"success","data":"xsdadasd","timestamp":1766484829}
2025-12-23T10:13:49.295Z  INFO 7 --- [deepapp_main] [cpp-worker-output] c.d.v.i.i.cpp.CppWorkerManager           : [C++ Worker] [GrpcWorkerClient] Response sent!
2025-12-23T10:13:49.331Z DEBUG 7 --- [deepapp_main] [grpc-default-executor-0] c.d.v.i.i.grpc.BaseGrpcClientService     : Received event 'response' from 'cpp-worker' to 'java-cpp-client'
2025-12-23T10:13:49.783Z  INFO 7 --- [deepapp_main] [http-nio-8080-exec-7] c.deepapp.vn.io.workers.CppWorkerClient  : Calling C++ worker: taskId=AAA0_0100_W, eventType=echo
2025-12-23T10:13:49.786Z  INFO 7 --- [deepapp_main] [http-nio-8080-exec-7] c.d.v.i.i.grpc.BaseGrpcClientService     : Sent event 'echo' from 'java-cpp-client' to 'cpp-worker' with requestId=java-cpp-client_req_4
2025-12-23T10:13:49.824Z  INFO 7 --- [deepapp_main] [cpp-worker-output] c.d.v.i.i.cpp.CppWorkerManager           : [C++ Worker] 
2025-12-23T10:13:49.825Z  INFO 7 --- [deepapp_main] [cpp-worker-output] c.d.v.i.i.cpp.CppWorkerManager           : [C++ Worker] [GrpcWorkerClient] Received event:
2025-12-23T10:13:49.825Z  INFO 7 --- [deepapp_main] [cpp-worker-output] c.d.v.i.i.cpp.CppWorkerManager           : [C++ Worker]   From: java-cpp-client
2025-12-23T10:13:49.825Z  INFO 7 --- [deepapp_main] [cpp-worker-output] c.d.v.i.i.cpp.CppWorkerManager           : [C++ Worker]   To: cpp-worker
2025-12-23T10:13:49.825Z  INFO 7 --- [deepapp_main] [cpp-worker-output] c.d.v.i.i.cpp.CppWorkerManager           : [C++ Worker]   Type: echo
2025-12-23T10:13:49.825Z  INFO 7 --- [deepapp_main] [cpp-worker-output] c.d.v.i.i.cpp.CppWorkerManager           : [C++ Worker]   Payload: xsdadasd
2025-12-23T10:13:49.825Z  INFO 7 --- [deepapp_main] [cpp-worker-output] c.d.v.i.i.cpp.CppWorkerManager           : [C++ Worker]   TaskId (from metadata): AAA0_0100_W
2025-12-23T10:13:49.825Z  INFO 7 --- [deepapp_main] [cpp-worker-output] c.d.v.i.i.cpp.CppWorkerManager           : [C++ Worker] [AAA0_0100_Worker] Processing task:
2025-12-23T10:13:49.825Z  INFO 7 --- [deepapp_main] [cpp-worker-output] c.d.v.i.i.cpp.CppWorkerManager           : [C++ Worker]   Event Type: echo
2025-12-23T10:13:49.825Z  INFO 7 --- [deepapp_main] [cpp-worker-output] c.d.v.i.i.cpp.CppWorkerManager           : [C++ Worker]   Payload: xsdadasd
2025-12-23T10:13:49.825Z  INFO 7 --- [deepapp_main] [cpp-worker-output] c.d.v.i.i.cpp.CppWorkerManager           : [C++ Worker]   Result: {"worker":"AAA0_0100_W","status":"success","data":"xsdadasd","timestamp":1766484829}
2025-12-23T10:13:49.825Z  INFO 7 --- [deepapp_main] [cpp-worker-output] c.d.v.i.i.cpp.CppWorkerManager           : [C++ Worker] [GrpcWorkerClient] Response sent!
2025-12-23T10:13:49.862Z DEBUG 7 --- [deepapp_main] [grpc-default-executor-0] c.d.v.i.i.grpc.BaseGrpcClientService     : Received event 'response' from 'cpp-worker' to 'java-cpp-client'
2025-12-23T10:13:50.567Z  INFO 7 --- [deepapp_main] [http-nio-8080-exec-8] c.deepapp.vn.io.workers.CppWorkerClient  : Calling C++ worker: taskId=AAA0_0100_W, eventType=echo
2025-12-23T10:13:50.570Z  INFO 7 --- [deepapp_main] [http-nio-8080-exec-8] c.d.v.i.i.grpc.BaseGrpcClientService     : Sent event 'echo' from 'java-cpp-client' to 'cpp-worker' with requestId=java-cpp-client_req_5
2025-12-23T10:13:50.608Z  INFO 7 --- [deepapp_main] [cpp-worker-output] c.d.v.i.i.cpp.CppWorkerManager           : [C++ Worker] 
2025-12-23T10:13:50.609Z  INFO 7 --- [deepapp_main] [cpp-worker-output] c.d.v.i.i.cpp.CppWorkerManager           : [C++ Worker] [GrpcWorkerClient] Received event:
2025-12-23T10:13:50.609Z  INFO 7 --- [deepapp_main] [cpp-worker-output] c.d.v.i.i.cpp.CppWorkerManager           : [C++ Worker]   From: java-cpp-client
2025-12-23T10:13:50.609Z  INFO 7 --- [deepapp_main] [cpp-worker-output] c.d.v.i.i.cpp.CppWorkerManager           : [C++ Worker]   To: cpp-worker
2025-12-23T10:13:50.609Z  INFO 7 --- [deepapp_main] [cpp-worker-output] c.d.v.i.i.cpp.CppWorkerManager           : [C++ Worker]   Type: echo
2025-12-23T10:13:50.609Z  INFO 7 --- [deepapp_main] [cpp-worker-output] c.d.v.i.i.cpp.CppWorkerManager           : [C++ Worker]   Payload: xsdadasd
2025-12-23T10:13:50.610Z  INFO 7 --- [deepapp_main] [cpp-worker-output] c.d.v.i.i.cpp.CppWorkerManager           : [C++ Worker]   TaskId (from metadata): AAA0_0100_W
2025-12-23T10:13:50.610Z  INFO 7 --- [deepapp_main] [cpp-worker-output] c.d.v.i.i.cpp.CppWorkerManager           : [C++ Worker] [AAA0_0100_Worker] Processing task:
2025-12-23T10:13:50.610Z  INFO 7 --- [deepapp_main] [cpp-worker-output] c.d.v.i.i.cpp.CppWorkerManager           : [C++ Worker]   Event Type: echo
2025-12-23T10:13:50.611Z  INFO 7 --- [deepapp_main] [cpp-worker-output] c.d.v.i.i.cpp.CppWorkerManager           : [C++ Worker]   Payload: xsdadasd
2025-12-23T10:13:50.611Z  INFO 7 --- [deepapp_main] [cpp-worker-output] c.d.v.i.i.cpp.CppWorkerManager           : [C++ Worker]   Result: {"worker":"AAA0_0100_W","status":"success","data":"xsdadasd","timestamp":1766484830}
2025-12-23T10:13:50.611Z  INFO 7 --- [deepapp_main] [cpp-worker-output] c.d.v.i.i.cpp.CppWorkerManager           : [C++ Worker] [GrpcWorkerClient] Response sent!
2025-12-23T10:13:50.647Z DEBUG 7 --- [deepapp_main] [grpc-default-executor-0] c.d.v.i.i.grpc.BaseGrpcClientService     : Received event 'response' from 'cpp-worker' to 'java-cpp-client'
2025-12-23T10:13:51.217Z  INFO 7 --- [deepapp_main] [http-nio-8080-exec-9] c.deepapp.vn.io.workers.CppWorkerClient  : Calling C++ worker: taskId=AAA0_0100_W, eventType=echo
2025-12-23T10:13:51.219Z  INFO 7 --- [deepapp_main] [http-nio-8080-exec-9] c.d.v.i.i.grpc.BaseGrpcClientService     : Sent event 'echo' from 'java-cpp-client' to 'cpp-worker' with requestId=java-cpp-client_req_6
2025-12-23T10:13:51.257Z  INFO 7 --- [deepapp_main] [cpp-worker-output] c.d.v.i.i.cpp.CppWorkerManager           : [C++ Worker] 
2025-12-23T10:13:51.257Z  INFO 7 --- [deepapp_main] [cpp-worker-output] c.d.v.i.i.cpp.CppWorkerManager           : [C++ Worker] [GrpcWorkerClient] Received event:
2025-12-23T10:13:51.258Z  INFO 7 --- [deepapp_main] [cpp-worker-output] c.d.v.i.i.cpp.CppWorkerManager           : [C++ Worker]   From: java-cpp-client
2025-12-23T10:13:51.258Z  INFO 7 --- [deepapp_main] [cpp-worker-output] c.d.v.i.i.cpp.CppWorkerManager           : [C++ Worker]   To: cpp-worker
2025-12-23T10:13:51.258Z  INFO 7 --- [deepapp_main] [cpp-worker-output] c.d.v.i.i.cpp.CppWorkerManager           : [C++ Worker]   Type: echo
2025-12-23T10:13:51.258Z  INFO 7 --- [deepapp_main] [cpp-worker-output] c.d.v.i.i.cpp.CppWorkerManager           : [C++ Worker]   Payload: xsdadasd
2025-12-23T10:13:51.258Z  INFO 7 --- [deepapp_main] [cpp-worker-output] c.d.v.i.i.cpp.CppWorkerManager           : [C++ Worker]   TaskId (from metadata): AAA0_0100_W
2025-12-23T10:13:51.258Z  INFO 7 --- [deepapp_main] [cpp-worker-output] c.d.v.i.i.cpp.CppWorkerManager           : [C++ Worker] [AAA0_0100_Worker] Processing task:
2025-12-23T10:13:51.258Z  INFO 7 --- [deepapp_main] [cpp-worker-output] c.d.v.i.i.cpp.CppWorkerManager           : [C++ Worker]   Event Type: echo
2025-12-23T10:13:51.259Z  INFO 7 --- [deepapp_main] [cpp-worker-output] c.d.v.i.i.cpp.CppWorkerManager           : [C++ Worker]   Payload: xsdadasd
2025-12-23T10:13:51.259Z  INFO 7 --- [deepapp_main] [cpp-worker-output] c.d.v.i.i.cpp.CppWorkerManager           : [C++ Worker]   Result: {"worker":"AAA0_0100_W","status":"success","data":"xsdadasd","timestamp":1766484831}
2025-12-23T10:13:51.259Z  INFO 7 --- [deepapp_main] [cpp-worker-output] c.d.v.i.i.cpp.CppWorkerManager           : [C++ Worker] [GrpcWorkerClient] Response sent!
2025-12-23T10:13:51.295Z DEBUG 7 --- [deepapp_main] [grpc-default-executor-0] c.d.v.i.i.grpc.BaseGrpcClientService     : Received event 'response' from 'cpp-worker' to 'java-cpp-client'
2025-12-23T10:19:47.509Z ERROR 7 --- [deepapp_main] [grpc-default-executor-3] c.d.v.i.i.grpc.BaseGrpcClientService     : gRPC stream error for client 'java-ocr-client': UNAVAILABLE: Network closed for unknown reason

io.grpc.StatusRuntimeException: UNAVAILABLE: Network closed for unknown reason
	at io.grpc.Status.asRuntimeException(Status.java:537) ~[grpc-api-1.60.0.jar!/:1.60.0]
	at io.grpc.stub.ClientCalls$StreamObserverToCallListenerAdapter.onClose(ClientCalls.java:481) ~[grpc-stub-1.60.0.jar!/:1.60.0]
	at io.grpc.internal.DelayedClientCall$DelayedListener$3.run(DelayedClientCall.java:489) ~[grpc-core-1.60.0.jar!/:1.60.0]
	at io.grpc.internal.DelayedClientCall$DelayedListener.delayOrExecute(DelayedClientCall.java:453) ~[grpc-core-1.60.0.jar!/:1.60.0]
	at io.grpc.internal.DelayedClientCall$DelayedListener.onClose(DelayedClientCall.java:486) ~[grpc-core-1.60.0.jar!/:1.60.0]
	at io.grpc.internal.ClientCallImpl.closeObserver(ClientCallImpl.java:574) ~[grpc-core-1.60.0.jar!/:1.60.0]
	at io.grpc.internal.ClientCallImpl.access$300(ClientCallImpl.java:72) ~[grpc-core-1.60.0.jar!/:1.60.0]
	at io.grpc.internal.ClientCallImpl$ClientStreamListenerImpl$1StreamClosed.runInternal(ClientCallImpl.java:742) ~[grpc-core-1.60.0.jar!/:1.60.0]
	at io.grpc.internal.ClientCallImpl$ClientStreamListenerImpl$1StreamClosed.runInContext(ClientCallImpl.java:723) ~[grpc-core-1.60.0.jar!/:1.60.0]
	at io.grpc.internal.ContextRunnable.run(ContextRunnable.java:37) ~[grpc-core-1.60.0.jar!/:1.60.0]
	at io.grpc.internal.SerializingExecutor.run(SerializingExecutor.java:133) ~[grpc-core-1.60.0.jar!/:1.60.0]
	at java.base/java.util.concurrent.ThreadPoolExecutor.runWorker(Unknown Source) ~[na:na]
	at java.base/java.util.concurrent.ThreadPoolExecutor$Worker.run(Unknown Source) ~[na:na]
	at java.base/java.lang.Thread.run(Unknown Source) ~[na:na]

2025-12-23T10:23:55.714Z  INFO 7 --- [deepapp_main] [main] c.deepapp.vn.io.DeepappMainApplication   : Starting DeepappMainApplication v0.0.1-SNAPSHOT using Java 17.0.17 with PID 7 (/app/app.jar started by root in /app)
2025-12-23T10:23:55.717Z DEBUG 7 --- [deepapp_main] [main] c.deepapp.vn.io.DeepappMainApplication   : Running with Spring Boot v4.0.1, Spring v7.0.2
2025-12-23T10:23:55.717Z  INFO 7 --- [deepapp_main] [main] c.deepapp.vn.io.DeepappMainApplication   : The following 1 profile is active: "docker"
2025-12-23T10:23:57.124Z  INFO 7 --- [deepapp_main] [main] o.s.boot.tomcat.TomcatWebServer          : Tomcat initialized with port 8080 (http)
2025-12-23T10:23:57.136Z  INFO 7 --- [deepapp_main] [main] o.apache.catalina.core.StandardService   : Starting service [Tomcat]
2025-12-23T10:23:57.137Z  INFO 7 --- [deepapp_main] [main] o.apache.catalina.core.StandardEngine    : Starting Servlet engine: [Apache Tomcat/11.0.15]
2025-12-23T10:23:57.164Z  INFO 7 --- [deepapp_main] [main] b.w.c.s.WebApplicationContextInitializer : Root WebApplicationContext: initialization completed in 1381 ms
2025-12-23T10:23:57.317Z  INFO 7 --- [deepapp_main] [main] c.deepapp.vn.io.workers.CppWorkerClient  : CppWorkerClient created with host=72.60.111.138, port=50051
2025-12-23T10:23:57.319Z  INFO 7 --- [deepapp_main] [main] c.d.v.i.i.grpc.BaseGrpcClientService     : Initializing gRPC client 'java-cpp-client' to 72.60.111.138:50051
2025-12-23T10:23:57.547Z  INFO 7 --- [deepapp_main] [main] c.d.v.i.i.grpc.BaseGrpcClientService     : Sent connection message for client 'java-cpp-client'
2025-12-23T10:23:57.548Z  INFO 7 --- [deepapp_main] [main] c.d.v.i.i.grpc.BaseGrpcClientService     : gRPC client 'java-cpp-client' initialized successfully
2025-12-23T10:23:57.548Z  INFO 7 --- [deepapp_main] [main] c.deepapp.vn.io.workers.CppWorkerClient  : C++ Worker Client initialized - target: cpp-worker
2025-12-23T10:23:57.554Z  INFO 7 --- [deepapp_main] [main] c.d.v.i.i.cpp.CppWorkerManager           : ========================================
2025-12-23T10:23:57.554Z  INFO 7 --- [deepapp_main] [main] c.d.v.i.i.cpp.CppWorkerManager           : C++ Worker Manager - Initialization
2025-12-23T10:23:57.554Z  INFO 7 --- [deepapp_main] [main] c.d.v.i.i.cpp.CppWorkerManager           : ========================================
2025-12-23T10:23:57.554Z  INFO 7 --- [deepapp_main] [main] c.d.v.i.i.cpp.CppWorkerManager           : Starting C++ worker process...
2025-12-23T10:23:57.554Z  INFO 7 --- [deepapp_main] [main] c.d.v.i.i.cpp.CppWorkerManager           :   gRPC Server: 72.60.111.138:50051
2025-12-23T10:23:57.554Z  INFO 7 --- [deepapp_main] [main] c.d.v.i.i.cpp.CppWorkerManager           :   Client ID: cpp-worker
2025-12-23T10:23:57.609Z  INFO 7 --- [deepapp_main] [cpp-worker-output] c.d.v.i.i.cpp.CppWorkerManager           : [C++ Worker] [AAA0_0100_Worker] Initialized
2025-12-23T10:23:57.610Z  INFO 7 --- [deepapp_main] [cpp-worker-output] c.d.v.i.i.cpp.CppWorkerManager           : [C++ Worker] [WorkerRegistry] Registered worker: AAA0_0100_W -> AAA0_0100_Worker
2025-12-23T10:23:57.610Z  INFO 7 --- [deepapp_main] [cpp-worker-output] c.d.v.i.i.cpp.CppWorkerManager           : [C++ Worker] [AAA0_0200_Worker] Initialized
2025-12-23T10:23:57.611Z  INFO 7 --- [deepapp_main] [cpp-worker-output] c.d.v.i.i.cpp.CppWorkerManager           : [C++ Worker] [WorkerRegistry] Registered worker: AAA0_0200_W -> AAA0_0200_Worker
2025-12-23T10:23:57.612Z  INFO 7 --- [deepapp_main] [cpp-worker-output] c.d.v.i.i.cpp.CppWorkerManager           : [C++ Worker] ========================================
2025-12-23T10:23:57.612Z  INFO 7 --- [deepapp_main] [cpp-worker-output] c.d.v.i.i.cpp.CppWorkerManager           : [C++ Worker] DeepApp C++ Worker Application
2025-12-23T10:23:57.612Z  INFO 7 --- [deepapp_main] [cpp-worker-output] c.d.v.i.i.cpp.CppWorkerManager           : [C++ Worker] ========================================
2025-12-23T10:23:57.613Z  INFO 7 --- [deepapp_main] [cpp-worker-output] c.d.v.i.i.cpp.CppWorkerManager           : [C++ Worker] [Main] Configuration:
2025-12-23T10:23:57.613Z  INFO 7 --- [deepapp_main] [cpp-worker-output] c.d.v.i.i.cpp.CppWorkerManager           : [C++ Worker]   Server: 72.60.111.138:50051
2025-12-23T10:23:57.613Z  INFO 7 --- [deepapp_main] [cpp-worker-output] c.d.v.i.i.cpp.CppWorkerManager           : [C++ Worker]   Client ID: cpp-worker
2025-12-23T10:23:57.613Z  INFO 7 --- [deepapp_main] [cpp-worker-output] c.d.v.i.i.cpp.CppWorkerManager           : [C++ Worker] 
2025-12-23T10:23:57.614Z  INFO 7 --- [deepapp_main] [cpp-worker-output] c.d.v.i.i.cpp.CppWorkerManager           : [C++ Worker] [Main] Worker Registry Status:
2025-12-23T10:23:57.614Z  INFO 7 --- [deepapp_main] [cpp-worker-output] c.d.v.i.i.cpp.CppWorkerManager           : [C++ Worker]   Total workers: 2
2025-12-23T10:23:57.615Z  INFO 7 --- [deepapp_main] [cpp-worker-output] c.d.v.i.i.cpp.CppWorkerManager           : [C++ Worker]   ✓ Registered workers:
2025-12-23T10:23:57.616Z  INFO 7 --- [deepapp_main] [cpp-worker-output] c.d.v.i.i.cpp.CppWorkerManager           : [C++ Worker]     - AAA0_0100_W (AAA0_0100_Worker)
2025-12-23T10:23:57.616Z  INFO 7 --- [deepapp_main] [cpp-worker-output] c.d.v.i.i.cpp.CppWorkerManager           : [C++ Worker]     - AAA0_0200_W (AAA0_0200_Worker)
2025-12-23T10:23:57.617Z  INFO 7 --- [deepapp_main] [cpp-worker-output] c.d.v.i.i.cpp.CppWorkerManager           : [C++ Worker] 
2025-12-23T10:23:57.617Z  INFO 7 --- [deepapp_main] [cpp-worker-output] c.d.v.i.i.cpp.CppWorkerManager           : [C++ Worker] [Main] Starting gRPC worker client...
2025-12-23T10:23:57.618Z  INFO 7 --- [deepapp_main] [cpp-worker-output] c.d.v.i.i.cpp.CppWorkerManager           : [C++ Worker] ========================================
2025-12-23T10:23:57.618Z  INFO 7 --- [deepapp_main] [cpp-worker-output] c.d.v.i.i.cpp.CppWorkerManager           : [C++ Worker] 
2025-12-23T10:23:57.618Z  INFO 7 --- [deepapp_main] [cpp-worker-output] c.d.v.i.i.cpp.CppWorkerManager           : [C++ Worker] [GrpcWorkerClient] Connecting to 72.60.111.138:50051 with client_id: cpp-worker
2025-12-23T10:23:57.649Z  INFO 7 --- [deepapp_main] [cpp-worker-output] c.d.v.i.i.cpp.CppWorkerManager           : [C++ Worker] [GrpcWorkerClient] Connected! Waiting for tasks...
2025-12-23T10:23:57.650Z  INFO 7 --- [deepapp_main] [cpp-worker-output] c.d.v.i.i.cpp.CppWorkerManager           : [C++ Worker] [GrpcWorkerClient] Registered 2 workers:
2025-12-23T10:23:57.651Z  INFO 7 --- [deepapp_main] [cpp-worker-output] c.d.v.i.i.cpp.CppWorkerManager           : [C++ Worker]   - AAA0_0100_W
2025-12-23T10:23:57.651Z  INFO 7 --- [deepapp_main] [cpp-worker-output] c.d.v.i.i.cpp.CppWorkerManager           : [C++ Worker]   - AAA0_0200_W
2025-12-23T10:23:57.688Z  INFO 7 --- [deepapp_main] [cpp-worker-output] c.d.v.i.i.cpp.CppWorkerManager           : [C++ Worker] 
2025-12-23T10:23:57.689Z  INFO 7 --- [deepapp_main] [cpp-worker-output] c.d.v.i.i.cpp.CppWorkerManager           : [C++ Worker] [GrpcWorkerClient] Received event:
2025-12-23T10:23:57.689Z  INFO 7 --- [deepapp_main] [cpp-worker-output] c.d.v.i.i.cpp.CppWorkerManager           : [C++ Worker]   From: server
2025-12-23T10:23:57.689Z  INFO 7 --- [deepapp_main] [cpp-worker-output] c.d.v.i.i.cpp.CppWorkerManager           : [C++ Worker]   To: cpp-worker
2025-12-23T10:23:57.689Z  INFO 7 --- [deepapp_main] [cpp-worker-output] c.d.v.i.i.cpp.CppWorkerManager           : [C++ Worker]   Type: connected
2025-12-23T10:23:57.689Z  INFO 7 --- [deepapp_main] [cpp-worker-output] c.d.v.i.i.cpp.CppWorkerManager           : [C++ Worker]   Payload: cpp-worker
2025-12-23T10:23:57.689Z  INFO 7 --- [deepapp_main] [cpp-worker-output] c.d.v.i.i.cpp.CppWorkerManager           : [C++ Worker]   TaskId (from targetId): cpp-worker
2025-12-23T10:23:57.689Z  INFO 7 --- [deepapp_main] [cpp-worker-output] c.d.v.i.i.cpp.CppWorkerManager           : [C++ Worker]   Result: {"error":"Worker not found: cpp-worker"}
2025-12-23T10:23:57.689Z  INFO 7 --- [deepapp_main] [cpp-worker-output] c.d.v.i.i.cpp.CppWorkerManager           : [C++ Worker] [GrpcWorkerClient] Response sent!
2025-12-23T10:23:57.876Z DEBUG 7 --- [deepapp_main] [grpc-default-executor-1] c.d.v.i.i.grpc.BaseGrpcClientService     : Received event 'connected' from 'server' to 'java-cpp-client'
2025-12-23T10:23:57.876Z  INFO 7 --- [deepapp_main] [grpc-default-executor-1] c.d.vn.io.workers.BaseWorkerClient       : Worker 'java-cpp-client' received event 'connected' from 'server'
2025-12-23T10:23:57.876Z  INFO 7 --- [deepapp_main] [grpc-default-executor-1] c.deepapp.vn.io.workers.CppWorkerClient  : C++ Worker event: connected - java-cpp-client
2025-12-23T10:23:59.610Z  INFO 7 --- [deepapp_main] [main] c.d.v.i.i.cpp.CppWorkerManager           : C++ worker process started successfully (PID: 58)
2025-12-23T10:23:59.611Z  INFO 7 --- [deepapp_main] [main] c.d.v.i.i.cpp.CppWorkerManager           : C++ Worker Manager initialized successfully
2025-12-23T10:23:59.611Z  INFO 7 --- [deepapp_main] [main] c.d.v.i.i.cpp.CppWorkerManager           : ========================================
2025-12-23T10:23:59.617Z  INFO 7 --- [deepapp_main] [main] c.deepapp.vn.io.workers.OcrWorkerClient  : OcrWorkerClient created with host=72.60.111.138, port=50051
2025-12-23T10:23:59.618Z  INFO 7 --- [deepapp_main] [main] c.d.v.i.i.grpc.BaseGrpcClientService     : Initializing gRPC client 'java-ocr-client' to 72.60.111.138:50051
2025-12-23T10:23:59.620Z  INFO 7 --- [deepapp_main] [main] c.d.v.i.i.grpc.BaseGrpcClientService     : Sent connection message for client 'java-ocr-client'
2025-12-23T10:23:59.621Z  INFO 7 --- [deepapp_main] [main] c.d.v.i.i.grpc.BaseGrpcClientService     : gRPC client 'java-ocr-client' initialized successfully
2025-12-23T10:23:59.621Z  INFO 7 --- [deepapp_main] [main] c.deepapp.vn.io.workers.OcrWorkerClient  : OCR Worker Client initialized - target: cpp-ocr-worker
2025-12-23T10:23:59.626Z  INFO 7 --- [deepapp_main] [main] c.deepapp.vn.io.workers.NerWorkerClient  : NerWorkerClient created with host=72.60.111.138, port=50051
2025-12-23T10:23:59.627Z  INFO 7 --- [deepapp_main] [main] c.d.v.i.i.grpc.BaseGrpcClientService     : Initializing gRPC client 'java-ner-client' to 72.60.111.138:50051
2025-12-23T10:23:59.629Z  INFO 7 --- [deepapp_main] [main] c.d.v.i.i.grpc.BaseGrpcClientService     : Sent connection message for client 'java-ner-client'
2025-12-23T10:23:59.629Z  INFO 7 --- [deepapp_main] [main] c.d.v.i.i.grpc.BaseGrpcClientService     : gRPC client 'java-ner-client' initialized successfully
2025-12-23T10:23:59.630Z  INFO 7 --- [deepapp_main] [main] c.deepapp.vn.io.workers.NerWorkerClient  : NER Worker Client initialized - target: cpp-ner-worker
2025-12-23T10:23:59.707Z DEBUG 7 --- [deepapp_main] [grpc-default-executor-1] c.d.v.i.i.grpc.BaseGrpcClientService     : Received event 'connected' from 'server' to 'java-ocr-client'
2025-12-23T10:23:59.707Z  INFO 7 --- [deepapp_main] [grpc-default-executor-1] c.d.vn.io.workers.BaseWorkerClient       : Worker 'java-ocr-client' received event 'connected' from 'server'
2025-12-23T10:23:59.708Z  INFO 7 --- [deepapp_main] [grpc-default-executor-1] c.deepapp.vn.io.workers.OcrWorkerClient  : OCR Worker event: connected - java-ocr-client
2025-12-23T10:23:59.711Z DEBUG 7 --- [deepapp_main] [grpc-default-executor-0] c.d.v.i.i.grpc.BaseGrpcClientService     : Received event 'connected' from 'server' to 'java-ner-client'
2025-12-23T10:23:59.712Z  INFO 7 --- [deepapp_main] [grpc-default-executor-0] c.d.vn.io.workers.BaseWorkerClient       : Worker 'java-ner-client' received event 'connected' from 'server'
2025-12-23T10:23:59.712Z  INFO 7 --- [deepapp_main] [grpc-default-executor-0] c.deepapp.vn.io.workers.NerWorkerClient  : NER Worker event: connected - java-ner-client
2025-12-23T10:24:00.430Z  INFO 7 --- [deepapp_main] [main] o.s.b.a.e.web.EndpointLinksResolver      : Exposing 3 endpoints beneath base path '/actuator'
2025-12-23T10:24:00.474Z  INFO 7 --- [deepapp_main] [main] o.s.boot.tomcat.TomcatWebServer          : Tomcat started on port 8080 (http) with context path '/'
2025-12-23T10:24:00.483Z  INFO 7 --- [deepapp_main] [main] c.deepapp.vn.io.DeepappMainApplication   : Started DeepappMainApplication in 5.282 seconds (process running for 5.722)
2025-12-23T10:24:01.056Z  INFO 7 --- [deepapp_main] [http-nio-8080-exec-1] o.a.c.c.C.[Tomcat].[localhost].[/]       : Initializing Spring DispatcherServlet 'dispatcherServlet'
2025-12-23T10:24:01.056Z  INFO 7 --- [deepapp_main] [http-nio-8080-exec-1] o.s.web.servlet.DispatcherServlet        : Initializing Servlet 'dispatcherServlet'
2025-12-23T10:24:01.058Z  INFO 7 --- [deepapp_main] [http-nio-8080-exec-1] o.s.web.servlet.DispatcherServlet        : Completed initialization in 2 ms
2025-12-23T10:25:50.671Z  INFO 7 --- [deepapp_main] [main] c.deepapp.vn.io.DeepappMainApplication   : Starting DeepappMainApplication v0.0.1-SNAPSHOT using Java 17.0.17 with PID 7 (/app/app.jar started by root in /app)
2025-12-23T10:25:50.674Z DEBUG 7 --- [deepapp_main] [main] c.deepapp.vn.io.DeepappMainApplication   : Running with Spring Boot v4.0.1, Spring v7.0.2
2025-12-23T10:25:50.675Z  INFO 7 --- [deepapp_main] [main] c.deepapp.vn.io.DeepappMainApplication   : The following 1 profile is active: "docker"
2025-12-23T10:25:51.850Z  INFO 7 --- [deepapp_main] [main] o.s.boot.tomcat.TomcatWebServer          : Tomcat initialized with port 8080 (http)
2025-12-23T10:25:51.862Z  INFO 7 --- [deepapp_main] [main] o.apache.catalina.core.StandardService   : Starting service [Tomcat]
2025-12-23T10:25:51.863Z  INFO 7 --- [deepapp_main] [main] o.apache.catalina.core.StandardEngine    : Starting Servlet engine: [Apache Tomcat/11.0.15]
2025-12-23T10:25:51.892Z  INFO 7 --- [deepapp_main] [main] b.w.c.s.WebApplicationContextInitializer : Root WebApplicationContext: initialization completed in 1171 ms
2025-12-23T10:25:52.075Z  INFO 7 --- [deepapp_main] [main] c.deepapp.vn.io.workers.CppWorkerClient  : CppWorkerClient created with host=72.60.111.138, port=50051
2025-12-23T10:25:52.078Z  INFO 7 --- [deepapp_main] [main] c.d.v.i.i.grpc.BaseGrpcClientService     : Initializing gRPC client 'java-cpp-client' to 72.60.111.138:50051
2025-12-23T10:25:52.310Z  INFO 7 --- [deepapp_main] [main] c.d.v.i.i.grpc.BaseGrpcClientService     : Sent connection message for client 'java-cpp-client'
2025-12-23T10:25:52.310Z  INFO 7 --- [deepapp_main] [main] c.d.v.i.i.grpc.BaseGrpcClientService     : gRPC client 'java-cpp-client' initialized successfully
2025-12-23T10:25:52.310Z  INFO 7 --- [deepapp_main] [main] c.deepapp.vn.io.workers.CppWorkerClient  : C++ Worker Client initialized - target: cpp-worker
2025-12-23T10:25:52.315Z  INFO 7 --- [deepapp_main] [main] c.d.v.i.i.cpp.CppWorkerManager           : ========================================
2025-12-23T10:25:52.315Z  INFO 7 --- [deepapp_main] [main] c.d.v.i.i.cpp.CppWorkerManager           : C++ Worker Manager - Initialization
2025-12-23T10:25:52.315Z  INFO 7 --- [deepapp_main] [main] c.d.v.i.i.cpp.CppWorkerManager           : ========================================
2025-12-23T10:25:52.315Z  INFO 7 --- [deepapp_main] [main] c.d.v.i.i.cpp.CppWorkerManager           : Starting C++ worker process...
2025-12-23T10:25:52.315Z  INFO 7 --- [deepapp_main] [main] c.d.v.i.i.cpp.CppWorkerManager           :   gRPC Server: 72.60.111.138:50051
2025-12-23T10:25:52.315Z  INFO 7 --- [deepapp_main] [main] c.d.v.i.i.cpp.CppWorkerManager           :   Client ID: cpp-worker
2025-12-23T10:25:52.358Z  INFO 7 --- [deepapp_main] [cpp-worker-output] c.d.v.i.i.cpp.CppWorkerManager           : [C++ Worker] [AAA0_0100_Worker] Initialized
2025-12-23T10:25:52.358Z  INFO 7 --- [deepapp_main] [cpp-worker-output] c.d.v.i.i.cpp.CppWorkerManager           : [C++ Worker] [WorkerRegistry] Registered worker: AAA0_0100_W -> AAA0_0100_Worker
2025-12-23T10:25:52.358Z  INFO 7 --- [deepapp_main] [cpp-worker-output] c.d.v.i.i.cpp.CppWorkerManager           : [C++ Worker] [AAA0_0200_Worker] Initialized
2025-12-23T10:25:52.359Z  INFO 7 --- [deepapp_main] [cpp-worker-output] c.d.v.i.i.cpp.CppWorkerManager           : [C++ Worker] [WorkerRegistry] Registered worker: AAA0_0200_W -> AAA0_0200_Worker
2025-12-23T10:25:52.359Z  INFO 7 --- [deepapp_main] [cpp-worker-output] c.d.v.i.i.cpp.CppWorkerManager           : [C++ Worker] ========================================
2025-12-23T10:25:52.359Z  INFO 7 --- [deepapp_main] [cpp-worker-output] c.d.v.i.i.cpp.CppWorkerManager           : [C++ Worker] DeepApp C++ Worker Application
2025-12-23T10:25:52.359Z  INFO 7 --- [deepapp_main] [cpp-worker-output] c.d.v.i.i.cpp.CppWorkerManager           : [C++ Worker] ========================================
2025-12-23T10:25:52.359Z  INFO 7 --- [deepapp_main] [cpp-worker-output] c.d.v.i.i.cpp.CppWorkerManager           : [C++ Worker] [Main] Configuration:
2025-12-23T10:25:52.359Z  INFO 7 --- [deepapp_main] [cpp-worker-output] c.d.v.i.i.cpp.CppWorkerManager           : [C++ Worker]   Server: 72.60.111.138:50051
2025-12-23T10:25:52.359Z  INFO 7 --- [deepapp_main] [cpp-worker-output] c.d.v.i.i.cpp.CppWorkerManager           : [C++ Worker]   Client ID: cpp-worker
2025-12-23T10:25:52.359Z  INFO 7 --- [deepapp_main] [cpp-worker-output] c.d.v.i.i.cpp.CppWorkerManager           : [C++ Worker] 
2025-12-23T10:25:52.359Z  INFO 7 --- [deepapp_main] [cpp-worker-output] c.d.v.i.i.cpp.CppWorkerManager           : [C++ Worker] [Main] Worker Registry Status:
2025-12-23T10:25:52.359Z  INFO 7 --- [deepapp_main] [cpp-worker-output] c.d.v.i.i.cpp.CppWorkerManager           : [C++ Worker]   Total workers: 2
2025-12-23T10:25:52.359Z  INFO 7 --- [deepapp_main] [cpp-worker-output] c.d.v.i.i.cpp.CppWorkerManager           : [C++ Worker]   ✓ Registered workers:
2025-12-23T10:25:52.360Z  INFO 7 --- [deepapp_main] [cpp-worker-output] c.d.v.i.i.cpp.CppWorkerManager           : [C++ Worker]     - AAA0_0100_W (AAA0_0100_Worker)
2025-12-23T10:25:52.360Z  INFO 7 --- [deepapp_main] [cpp-worker-output] c.d.v.i.i.cpp.CppWorkerManager           : [C++ Worker]     - AAA0_0200_W (AAA0_0200_Worker)
2025-12-23T10:25:52.360Z  INFO 7 --- [deepapp_main] [cpp-worker-output] c.d.v.i.i.cpp.CppWorkerManager           : [C++ Worker] 
2025-12-23T10:25:52.360Z  INFO 7 --- [deepapp_main] [cpp-worker-output] c.d.v.i.i.cpp.CppWorkerManager           : [C++ Worker] [Main] Starting gRPC worker client...
2025-12-23T10:25:52.360Z  INFO 7 --- [deepapp_main] [cpp-worker-output] c.d.v.i.i.cpp.CppWorkerManager           : [C++ Worker] ========================================
2025-12-23T10:25:52.360Z  INFO 7 --- [deepapp_main] [cpp-worker-output] c.d.v.i.i.cpp.CppWorkerManager           : [C++ Worker] 
2025-12-23T10:25:52.360Z  INFO 7 --- [deepapp_main] [cpp-worker-output] c.d.v.i.i.cpp.CppWorkerManager           : [C++ Worker] [GrpcWorkerClient] Connecting to 72.60.111.138:50051 with client_id: cpp-worker
2025-12-23T10:25:52.394Z  INFO 7 --- [deepapp_main] [cpp-worker-output] c.d.v.i.i.cpp.CppWorkerManager           : [C++ Worker] [GrpcWorkerClient] Connected! Waiting for tasks...
2025-12-23T10:25:52.395Z  INFO 7 --- [deepapp_main] [cpp-worker-output] c.d.v.i.i.cpp.CppWorkerManager           : [C++ Worker] [GrpcWorkerClient] Registered 2 workers:
2025-12-23T10:25:52.396Z  INFO 7 --- [deepapp_main] [cpp-worker-output] c.d.v.i.i.cpp.CppWorkerManager           : [C++ Worker]   - AAA0_0100_W
2025-12-23T10:25:52.396Z  INFO 7 --- [deepapp_main] [cpp-worker-output] c.d.v.i.i.cpp.CppWorkerManager           : [C++ Worker]   - AAA0_0200_W
2025-12-23T10:25:52.433Z  INFO 7 --- [deepapp_main] [cpp-worker-output] c.d.v.i.i.cpp.CppWorkerManager           : [C++ Worker] 
2025-12-23T10:25:52.433Z  INFO 7 --- [deepapp_main] [cpp-worker-output] c.d.v.i.i.cpp.CppWorkerManager           : [C++ Worker] [GrpcWorkerClient] Received event:
2025-12-23T10:25:52.433Z  INFO 7 --- [deepapp_main] [cpp-worker-output] c.d.v.i.i.cpp.CppWorkerManager           : [C++ Worker]   From: server
2025-12-23T10:25:52.433Z  INFO 7 --- [deepapp_main] [cpp-worker-output] c.d.v.i.i.cpp.CppWorkerManager           : [C++ Worker]   To: cpp-worker
2025-12-23T10:25:52.433Z  INFO 7 --- [deepapp_main] [cpp-worker-output] c.d.v.i.i.cpp.CppWorkerManager           : [C++ Worker]   Type: connected
2025-12-23T10:25:52.433Z  INFO 7 --- [deepapp_main] [cpp-worker-output] c.d.v.i.i.cpp.CppWorkerManager           : [C++ Worker]   Payload: cpp-worker
2025-12-23T10:25:52.433Z  INFO 7 --- [deepapp_main] [cpp-worker-output] c.d.v.i.i.cpp.CppWorkerManager           : [C++ Worker]   TaskId (from targetId): cpp-worker
2025-12-23T10:25:52.433Z  INFO 7 --- [deepapp_main] [cpp-worker-output] c.d.v.i.i.cpp.CppWorkerManager           : [C++ Worker]   Result: {"error":"Worker not found: cpp-worker"}
2025-12-23T10:25:52.433Z  INFO 7 --- [deepapp_main] [cpp-worker-output] c.d.v.i.i.cpp.CppWorkerManager           : [C++ Worker] [GrpcWorkerClient] Response sent!
2025-12-23T10:25:52.599Z DEBUG 7 --- [deepapp_main] [grpc-default-executor-1] c.d.v.i.i.grpc.BaseGrpcClientService     : Received event 'connected' from 'server' to 'java-cpp-client'
2025-12-23T10:25:52.600Z  INFO 7 --- [deepapp_main] [grpc-default-executor-1] c.d.vn.io.workers.BaseWorkerClient       : Worker 'java-cpp-client' received event 'connected' from 'server'
2025-12-23T10:25:52.600Z  INFO 7 --- [deepapp_main] [grpc-default-executor-1] c.deepapp.vn.io.workers.CppWorkerClient  : C++ Worker event: connected - java-cpp-client
2025-12-23T10:25:54.358Z  INFO 7 --- [deepapp_main] [main] c.d.v.i.i.cpp.CppWorkerManager           : C++ worker process started successfully (PID: 56)
2025-12-23T10:25:54.360Z  INFO 7 --- [deepapp_main] [main] c.d.v.i.i.cpp.CppWorkerManager           : C++ Worker Manager initialized successfully
2025-12-23T10:25:54.361Z  INFO 7 --- [deepapp_main] [main] c.d.v.i.i.cpp.CppWorkerManager           : ========================================
2025-12-23T10:25:54.370Z  INFO 7 --- [deepapp_main] [main] c.deepapp.vn.io.workers.OcrWorkerClient  : OcrWorkerClient created with host=72.60.111.138, port=50051
2025-12-23T10:25:54.371Z  INFO 7 --- [deepapp_main] [main] c.d.v.i.i.grpc.BaseGrpcClientService     : Initializing gRPC client 'java-ocr-client' to 72.60.111.138:50051
2025-12-23T10:25:54.372Z  INFO 7 --- [deepapp_main] [main] c.d.v.i.i.grpc.BaseGrpcClientService     : Sent connection message for client 'java-ocr-client'
2025-12-23T10:25:54.372Z  INFO 7 --- [deepapp_main] [main] c.d.v.i.i.grpc.BaseGrpcClientService     : gRPC client 'java-ocr-client' initialized successfully
2025-12-23T10:25:54.372Z  INFO 7 --- [deepapp_main] [main] c.deepapp.vn.io.workers.OcrWorkerClient  : OCR Worker Client initialized - target: cpp-ocr-worker
2025-12-23T10:25:54.379Z  INFO 7 --- [deepapp_main] [main] c.deepapp.vn.io.workers.NerWorkerClient  : NerWorkerClient created with host=72.60.111.138, port=50051
2025-12-23T10:25:54.380Z  INFO 7 --- [deepapp_main] [main] c.d.v.i.i.grpc.BaseGrpcClientService     : Initializing gRPC client 'java-ner-client' to 72.60.111.138:50051
2025-12-23T10:25:54.382Z  INFO 7 --- [deepapp_main] [main] c.d.v.i.i.grpc.BaseGrpcClientService     : Sent connection message for client 'java-ner-client'
2025-12-23T10:25:54.383Z  INFO 7 --- [deepapp_main] [main] c.d.v.i.i.grpc.BaseGrpcClientService     : gRPC client 'java-ner-client' initialized successfully
2025-12-23T10:25:54.383Z  INFO 7 --- [deepapp_main] [main] c.deepapp.vn.io.workers.NerWorkerClient  : NER Worker Client initialized - target: cpp-ner-worker
2025-12-23T10:25:54.461Z DEBUG 7 --- [deepapp_main] [grpc-default-executor-0] c.d.v.i.i.grpc.BaseGrpcClientService     : Received event 'connected' from 'server' to 'java-ocr-client'
2025-12-23T10:25:54.461Z  INFO 7 --- [deepapp_main] [grpc-default-executor-0] c.d.vn.io.workers.BaseWorkerClient       : Worker 'java-ocr-client' received event 'connected' from 'server'
2025-12-23T10:25:54.461Z  INFO 7 --- [deepapp_main] [grpc-default-executor-0] c.deepapp.vn.io.workers.OcrWorkerClient  : OCR Worker event: connected - java-ocr-client
2025-12-23T10:25:54.469Z DEBUG 7 --- [deepapp_main] [grpc-default-executor-1] c.d.v.i.i.grpc.BaseGrpcClientService     : Received event 'connected' from 'server' to 'java-ner-client'
2025-12-23T10:25:54.470Z  INFO 7 --- [deepapp_main] [grpc-default-executor-1] c.d.vn.io.workers.BaseWorkerClient       : Worker 'java-ner-client' received event 'connected' from 'server'
2025-12-23T10:25:54.470Z  INFO 7 --- [deepapp_main] [grpc-default-executor-1] c.deepapp.vn.io.workers.NerWorkerClient  : NER Worker event: connected - java-ner-client
2025-12-23T10:25:55.080Z  INFO 7 --- [deepapp_main] [main] o.s.b.a.e.web.EndpointLinksResolver      : Exposing 3 endpoints beneath base path '/actuator'
2025-12-23T10:25:55.133Z  INFO 7 --- [deepapp_main] [main] o.s.boot.tomcat.TomcatWebServer          : Tomcat started on port 8080 (http) with context path '/'
2025-12-23T10:25:55.142Z  INFO 7 --- [deepapp_main] [main] c.deepapp.vn.io.DeepappMainApplication   : Started DeepappMainApplication in 5.024 seconds (process running for 5.465)
2025-12-23T10:25:55.176Z  INFO 7 --- [deepapp_main] [http-nio-8080-exec-1] o.a.c.c.C.[Tomcat].[localhost].[/]       : Initializing Spring DispatcherServlet 'dispatcherServlet'
2025-12-23T10:25:55.177Z  INFO 7 --- [deepapp_main] [http-nio-8080-exec-1] o.s.web.servlet.DispatcherServlet        : Initializing Servlet 'dispatcherServlet'
2025-12-23T10:25:55.178Z  INFO 7 --- [deepapp_main] [http-nio-8080-exec-1] o.s.web.servlet.DispatcherServlet        : Completed initialization in 1 ms
2025-12-23T10:29:42.497Z  INFO 7 --- [deepapp_main] [main] c.deepapp.vn.io.DeepappMainApplication   : Starting DeepappMainApplication v0.0.1-SNAPSHOT using Java 17.0.17 with PID 7 (/app/app.jar started by root in /app)
2025-12-23T10:29:42.499Z DEBUG 7 --- [deepapp_main] [main] c.deepapp.vn.io.DeepappMainApplication   : Running with Spring Boot v4.0.1, Spring v7.0.2
2025-12-23T10:29:42.500Z  INFO 7 --- [deepapp_main] [main] c.deepapp.vn.io.DeepappMainApplication   : The following 1 profile is active: "docker"
2025-12-23T10:29:43.636Z  INFO 7 --- [deepapp_main] [main] o.s.boot.tomcat.TomcatWebServer          : Tomcat initialized with port 8080 (http)
2025-12-23T10:29:43.653Z  INFO 7 --- [deepapp_main] [main] o.apache.catalina.core.StandardService   : Starting service [Tomcat]
2025-12-23T10:29:43.654Z  INFO 7 --- [deepapp_main] [main] o.apache.catalina.core.StandardEngine    : Starting Servlet engine: [Apache Tomcat/11.0.15]
2025-12-23T10:29:43.684Z  INFO 7 --- [deepapp_main] [main] b.w.c.s.WebApplicationContextInitializer : Root WebApplicationContext: initialization completed in 1143 ms
2025-12-23T10:29:43.910Z  INFO 7 --- [deepapp_main] [main] c.deepapp.vn.io.workers.CppWorkerClient  : CppWorkerClient created with host=72.60.111.138, port=50051
2025-12-23T10:29:43.912Z  INFO 7 --- [deepapp_main] [main] c.d.v.i.i.grpc.BaseGrpcClientService     : Initializing gRPC client 'java-cpp-client' to 72.60.111.138:50051
2025-12-23T10:29:44.120Z  INFO 7 --- [deepapp_main] [main] c.d.v.i.i.grpc.BaseGrpcClientService     : Sent connection message for client 'java-cpp-client'
2025-12-23T10:29:44.120Z  INFO 7 --- [deepapp_main] [main] c.d.v.i.i.grpc.BaseGrpcClientService     : gRPC client 'java-cpp-client' initialized successfully
2025-12-23T10:29:44.120Z  INFO 7 --- [deepapp_main] [main] c.deepapp.vn.io.workers.CppWorkerClient  : C++ Worker Client initialized - target: cpp-worker
2025-12-23T10:29:44.125Z  INFO 7 --- [deepapp_main] [main] c.d.v.i.i.cpp.CppWorkerManager           : ========================================
2025-12-23T10:29:44.126Z  INFO 7 --- [deepapp_main] [main] c.d.v.i.i.cpp.CppWorkerManager           : C++ Worker Manager - Initialization
2025-12-23T10:29:44.127Z  INFO 7 --- [deepapp_main] [main] c.d.v.i.i.cpp.CppWorkerManager           : ========================================
2025-12-23T10:29:44.127Z  INFO 7 --- [deepapp_main] [main] c.d.v.i.i.cpp.CppWorkerManager           : Starting C++ worker process...
2025-12-23T10:29:44.127Z  INFO 7 --- [deepapp_main] [main] c.d.v.i.i.cpp.CppWorkerManager           :   gRPC Server: 72.60.111.138:50051
2025-12-23T10:29:44.127Z  INFO 7 --- [deepapp_main] [main] c.d.v.i.i.cpp.CppWorkerManager           :   Client ID: cpp-worker
2025-12-23T10:29:44.172Z  INFO 7 --- [deepapp_main] [cpp-worker-output] c.d.v.i.i.cpp.CppWorkerManager           : [C++ Worker] [AAA0_0100_Worker] Initialized
2025-12-23T10:29:44.173Z  INFO 7 --- [deepapp_main] [cpp-worker-output] c.d.v.i.i.cpp.CppWorkerManager           : [C++ Worker] [WorkerRegistry] Registered worker: AAA0_0100_W -> AAA0_0100_Worker
2025-12-23T10:29:44.173Z  INFO 7 --- [deepapp_main] [cpp-worker-output] c.d.v.i.i.cpp.CppWorkerManager           : [C++ Worker] [AAA0_0200_Worker] Initialized
2025-12-23T10:29:44.173Z  INFO 7 --- [deepapp_main] [cpp-worker-output] c.d.v.i.i.cpp.CppWorkerManager           : [C++ Worker] [WorkerRegistry] Registered worker: AAA0_0200_W -> AAA0_0200_Worker
2025-12-23T10:29:44.173Z  INFO 7 --- [deepapp_main] [cpp-worker-output] c.d.v.i.i.cpp.CppWorkerManager           : [C++ Worker] ========================================
2025-12-23T10:29:44.173Z  INFO 7 --- [deepapp_main] [cpp-worker-output] c.d.v.i.i.cpp.CppWorkerManager           : [C++ Worker] DeepApp C++ Worker Application
2025-12-23T10:29:44.173Z  INFO 7 --- [deepapp_main] [cpp-worker-output] c.d.v.i.i.cpp.CppWorkerManager           : [C++ Worker] ========================================
2025-12-23T10:29:44.173Z  INFO 7 --- [deepapp_main] [cpp-worker-output] c.d.v.i.i.cpp.CppWorkerManager           : [C++ Worker] [Main] Configuration:
2025-12-23T10:29:44.173Z  INFO 7 --- [deepapp_main] [cpp-worker-output] c.d.v.i.i.cpp.CppWorkerManager           : [C++ Worker]   Server: 72.60.111.138:50051
2025-12-23T10:29:44.173Z  INFO 7 --- [deepapp_main] [cpp-worker-output] c.d.v.i.i.cpp.CppWorkerManager           : [C++ Worker]   Client ID: cpp-worker
2025-12-23T10:29:44.174Z  INFO 7 --- [deepapp_main] [cpp-worker-output] c.d.v.i.i.cpp.CppWorkerManager           : [C++ Worker] 
2025-12-23T10:29:44.174Z  INFO 7 --- [deepapp_main] [cpp-worker-output] c.d.v.i.i.cpp.CppWorkerManager           : [C++ Worker] [Main] Worker Registry Status:
2025-12-23T10:29:44.174Z  INFO 7 --- [deepapp_main] [cpp-worker-output] c.d.v.i.i.cpp.CppWorkerManager           : [C++ Worker]   Total workers: 2
2025-12-23T10:29:44.174Z  INFO 7 --- [deepapp_main] [cpp-worker-output] c.d.v.i.i.cpp.CppWorkerManager           : [C++ Worker]   ✓ Registered workers:
2025-12-23T10:29:44.175Z  INFO 7 --- [deepapp_main] [cpp-worker-output] c.d.v.i.i.cpp.CppWorkerManager           : [C++ Worker]     - AAA0_0100_W (AAA0_0100_Worker)
2025-12-23T10:29:44.175Z  INFO 7 --- [deepapp_main] [cpp-worker-output] c.d.v.i.i.cpp.CppWorkerManager           : [C++ Worker]     - AAA0_0200_W (AAA0_0200_Worker)
2025-12-23T10:29:44.175Z  INFO 7 --- [deepapp_main] [cpp-worker-output] c.d.v.i.i.cpp.CppWorkerManager           : [C++ Worker] 
2025-12-23T10:29:44.176Z  INFO 7 --- [deepapp_main] [cpp-worker-output] c.d.v.i.i.cpp.CppWorkerManager           : [C++ Worker] [Main] Starting gRPC worker client...
2025-12-23T10:29:44.176Z  INFO 7 --- [deepapp_main] [cpp-worker-output] c.d.v.i.i.cpp.CppWorkerManager           : [C++ Worker] ========================================
2025-12-23T10:29:44.176Z  INFO 7 --- [deepapp_main] [cpp-worker-output] c.d.v.i.i.cpp.CppWorkerManager           : [C++ Worker] 
2025-12-23T10:29:44.176Z  INFO 7 --- [deepapp_main] [cpp-worker-output] c.d.v.i.i.cpp.CppWorkerManager           : [C++ Worker] [GrpcWorkerClient] Connecting to 72.60.111.138:50051 with client_id: cpp-worker
2025-12-23T10:29:44.221Z  INFO 7 --- [deepapp_main] [cpp-worker-output] c.d.v.i.i.cpp.CppWorkerManager           : [C++ Worker] [GrpcWorkerClient] Connected! Waiting for tasks...
2025-12-23T10:29:44.221Z  INFO 7 --- [deepapp_main] [cpp-worker-output] c.d.v.i.i.cpp.CppWorkerManager           : [C++ Worker] [GrpcWorkerClient] Registered 2 workers:
2025-12-23T10:29:44.222Z  INFO 7 --- [deepapp_main] [cpp-worker-output] c.d.v.i.i.cpp.CppWorkerManager           : [C++ Worker]   - AAA0_0100_W
2025-12-23T10:29:44.222Z  INFO 7 --- [deepapp_main] [cpp-worker-output] c.d.v.i.i.cpp.CppWorkerManager           : [C++ Worker]   - AAA0_0200_W
2025-12-23T10:29:44.262Z  INFO 7 --- [deepapp_main] [cpp-worker-output] c.d.v.i.i.cpp.CppWorkerManager           : [C++ Worker] 
2025-12-23T10:29:44.262Z  INFO 7 --- [deepapp_main] [cpp-worker-output] c.d.v.i.i.cpp.CppWorkerManager           : [C++ Worker] [GrpcWorkerClient] Received event:
2025-12-23T10:29:44.262Z  INFO 7 --- [deepapp_main] [cpp-worker-output] c.d.v.i.i.cpp.CppWorkerManager           : [C++ Worker]   From: server
2025-12-23T10:29:44.262Z  INFO 7 --- [deepapp_main] [cpp-worker-output] c.d.v.i.i.cpp.CppWorkerManager           : [C++ Worker]   To: cpp-worker
2025-12-23T10:29:44.262Z  INFO 7 --- [deepapp_main] [cpp-worker-output] c.d.v.i.i.cpp.CppWorkerManager           : [C++ Worker]   Type: connected
2025-12-23T10:29:44.262Z  INFO 7 --- [deepapp_main] [cpp-worker-output] c.d.v.i.i.cpp.CppWorkerManager           : [C++ Worker]   Payload: cpp-worker
2025-12-23T10:29:44.262Z  INFO 7 --- [deepapp_main] [cpp-worker-output] c.d.v.i.i.cpp.CppWorkerManager           : [C++ Worker]   TaskId (from targetId): cpp-worker
2025-12-23T10:29:44.263Z  INFO 7 --- [deepapp_main] [cpp-worker-output] c.d.v.i.i.cpp.CppWorkerManager           : [C++ Worker]   Result: {"error":"Worker not found: cpp-worker"}
2025-12-23T10:29:44.263Z  INFO 7 --- [deepapp_main] [cpp-worker-output] c.d.v.i.i.cpp.CppWorkerManager           : [C++ Worker] [GrpcWorkerClient] Response sent!
2025-12-23T10:29:44.423Z DEBUG 7 --- [deepapp_main] [grpc-default-executor-2] c.d.v.i.i.grpc.BaseGrpcClientService     : Received event 'connected' from 'server' to 'java-cpp-client'
2025-12-23T10:29:44.424Z  INFO 7 --- [deepapp_main] [grpc-default-executor-2] c.d.vn.io.workers.BaseWorkerClient       : Worker 'java-cpp-client' received event 'connected' from 'server'
2025-12-23T10:29:44.424Z  INFO 7 --- [deepapp_main] [grpc-default-executor-2] c.deepapp.vn.io.workers.CppWorkerClient  : C++ Worker event: connected - java-cpp-client
2025-12-23T10:29:46.167Z  INFO 7 --- [deepapp_main] [main] c.d.v.i.i.cpp.CppWorkerManager           : C++ worker process started successfully (PID: 55)
2025-12-23T10:29:46.167Z  INFO 7 --- [deepapp_main] [main] c.d.v.i.i.cpp.CppWorkerManager           : C++ Worker Manager initialized successfully
2025-12-23T10:29:46.167Z  INFO 7 --- [deepapp_main] [main] c.d.v.i.i.cpp.CppWorkerManager           : ========================================
2025-12-23T10:29:46.173Z  INFO 7 --- [deepapp_main] [main] c.deepapp.vn.io.workers.OcrWorkerClient  : OcrWorkerClient created with host=72.60.111.138, port=50051
2025-12-23T10:29:46.187Z  INFO 7 --- [deepapp_main] [main] c.d.v.i.i.grpc.BaseGrpcClientService     : Initializing gRPC client 'java-ocr-client' to 72.60.111.138:50051
2025-12-23T10:29:46.188Z  INFO 7 --- [deepapp_main] [main] c.d.v.i.i.grpc.BaseGrpcClientService     : Sent connection message for client 'java-ocr-client'
2025-12-23T10:29:46.188Z  INFO 7 --- [deepapp_main] [main] c.d.v.i.i.grpc.BaseGrpcClientService     : gRPC client 'java-ocr-client' initialized successfully
2025-12-23T10:29:46.188Z  INFO 7 --- [deepapp_main] [main] c.deepapp.vn.io.workers.OcrWorkerClient  : OCR Worker Client initialized - target: cpp-ocr-worker
2025-12-23T10:29:46.193Z  INFO 7 --- [deepapp_main] [main] c.deepapp.vn.io.workers.NerWorkerClient  : NerWorkerClient created with host=72.60.111.138, port=50051
2025-12-23T10:29:46.195Z  INFO 7 --- [deepapp_main] [main] c.d.v.i.i.grpc.BaseGrpcClientService     : Initializing gRPC client 'java-ner-client' to 72.60.111.138:50051
2025-12-23T10:29:46.196Z  INFO 7 --- [deepapp_main] [main] c.d.v.i.i.grpc.BaseGrpcClientService     : Sent connection message for client 'java-ner-client'
2025-12-23T10:29:46.196Z  INFO 7 --- [deepapp_main] [main] c.d.v.i.i.grpc.BaseGrpcClientService     : gRPC client 'java-ner-client' initialized successfully
2025-12-23T10:29:46.197Z  INFO 7 --- [deepapp_main] [main] c.deepapp.vn.io.workers.NerWorkerClient  : NER Worker Client initialized - target: cpp-ner-worker
2025-12-23T10:29:46.298Z DEBUG 7 --- [deepapp_main] [grpc-default-executor-2] c.d.v.i.i.grpc.BaseGrpcClientService     : Received event 'connected' from 'server' to 'java-ner-client'
2025-12-23T10:29:46.298Z DEBUG 7 --- [deepapp_main] [grpc-default-executor-0] c.d.v.i.i.grpc.BaseGrpcClientService     : Received event 'connected' from 'server' to 'java-ocr-client'
2025-12-23T10:29:46.299Z  INFO 7 --- [deepapp_main] [grpc-default-executor-2] c.d.vn.io.workers.BaseWorkerClient       : Worker 'java-ner-client' received event 'connected' from 'server'
2025-12-23T10:29:46.299Z  INFO 7 --- [deepapp_main] [grpc-default-executor-0] c.d.vn.io.workers.BaseWorkerClient       : Worker 'java-ocr-client' received event 'connected' from 'server'
2025-12-23T10:29:46.300Z  INFO 7 --- [deepapp_main] [grpc-default-executor-2] c.deepapp.vn.io.workers.NerWorkerClient  : NER Worker event: connected - java-ner-client
2025-12-23T10:29:46.300Z  INFO 7 --- [deepapp_main] [grpc-default-executor-0] c.deepapp.vn.io.workers.OcrWorkerClient  : OCR Worker event: connected - java-ocr-client
2025-12-23T10:29:46.912Z  INFO 7 --- [deepapp_main] [main] o.s.v.b.OptionalValidatorFactoryBean     : Failed to set up a Bean Validation provider: jakarta.validation.NoProviderFoundException: Unable to create a Configuration, because no Jakarta Validation provider could be found. Add a provider like Hibernate Validator (RI) to your classpath.
2025-12-23T10:29:47.269Z  INFO 7 --- [deepapp_main] [main] o.s.b.a.e.web.EndpointLinksResolver      : Exposing 3 endpoints beneath base path '/actuator'
2025-12-23T10:29:47.322Z  INFO 7 --- [deepapp_main] [main] o.s.boot.tomcat.TomcatWebServer          : Tomcat started on port 8080 (http) with context path '/'
2025-12-23T10:29:47.331Z  INFO 7 --- [deepapp_main] [main] c.deepapp.vn.io.DeepappMainApplication   : Started DeepappMainApplication in 5.302 seconds (process running for 5.733)
2025-12-23T10:29:49.822Z  INFO 7 --- [deepapp_main] [http-nio-8080-exec-1] o.a.c.c.C.[Tomcat].[localhost].[/]       : Initializing Spring DispatcherServlet 'dispatcherServlet'
2025-12-23T10:29:49.822Z  INFO 7 --- [deepapp_main] [http-nio-8080-exec-1] o.s.web.servlet.DispatcherServlet        : Initializing Servlet 'dispatcherServlet'
2025-12-23T10:29:49.824Z  INFO 7 --- [deepapp_main] [http-nio-8080-exec-1] o.s.web.servlet.DispatcherServlet        : Completed initialization in 2 ms
2025-12-23T10:29:50.195Z  INFO 7 --- [deepapp_main] [http-nio-8080-exec-1] o.springdoc.api.AbstractOpenApiResource  : Init duration for springdoc-openapi is: 314 ms
2025-12-23T10:30:35.963Z  INFO 7 --- [deepapp_main] [http-nio-8080-exec-8] c.deepapp.vn.io.workers.CppWorkerClient  : Calling C++ worker: taskId=AAA0_0100_W, eventType=process
2025-12-23T10:30:35.968Z  INFO 7 --- [deepapp_main] [http-nio-8080-exec-8] c.d.v.i.i.grpc.BaseGrpcClientService     : Sent event 'process' from 'java-cpp-client' to 'cpp-worker' with requestId=java-cpp-client_req_1
2025-12-23T10:30:36.008Z  INFO 7 --- [deepapp_main] [cpp-worker-output] c.d.v.i.i.cpp.CppWorkerManager           : [C++ Worker] 
2025-12-23T10:30:36.008Z  INFO 7 --- [deepapp_main] [cpp-worker-output] c.d.v.i.i.cpp.CppWorkerManager           : [C++ Worker] [GrpcWorkerClient] Received event:
2025-12-23T10:30:36.008Z  INFO 7 --- [deepapp_main] [cpp-worker-output] c.d.v.i.i.cpp.CppWorkerManager           : [C++ Worker]   From: java-cpp-client
2025-12-23T10:30:36.008Z  INFO 7 --- [deepapp_main] [cpp-worker-output] c.d.v.i.i.cpp.CppWorkerManager           : [C++ Worker]   To: cpp-worker
2025-12-23T10:30:36.008Z  INFO 7 --- [deepapp_main] [cpp-worker-output] c.d.v.i.i.cpp.CppWorkerManager           : [C++ Worker]   Type: process
2025-12-23T10:30:36.009Z  INFO 7 --- [deepapp_main] [cpp-worker-output] c.d.v.i.i.cpp.CppWorkerManager           : [C++ Worker]   Payload: {"user":"Anonymous","email":"demo@deepapp.io","data":""}
2025-12-23T10:30:36.009Z  INFO 7 --- [deepapp_main] [cpp-worker-output] c.d.v.i.i.cpp.CppWorkerManager           : [C++ Worker]   TaskId (from metadata): AAA0_0100_W
2025-12-23T10:30:36.009Z  INFO 7 --- [deepapp_main] [cpp-worker-output] c.d.v.i.i.cpp.CppWorkerManager           : [C++ Worker] [AAA0_0100_Worker] Processing task:
2025-12-23T10:30:36.010Z  INFO 7 --- [deepapp_main] [cpp-worker-output] c.d.v.i.i.cpp.CppWorkerManager           : [C++ Worker]   Event Type: process
2025-12-23T10:30:36.010Z  INFO 7 --- [deepapp_main] [cpp-worker-output] c.d.v.i.i.cpp.CppWorkerManager           : [C++ Worker]   Payload: {"user":"Anonymous","email":"demo@deepapp.io","data":""}
2025-12-23T10:30:36.010Z  INFO 7 --- [deepapp_main] [cpp-worker-output] c.d.v.i.i.cpp.CppWorkerManager           : [C++ Worker]   Result: {"worker":"AAA0_0100_W","status":"processed","data":"{"USER":"ANONYMOUS","EMAIL":"DEMO@DEEPAPP.IO","DATA":""}","timestamp":1766485836}
2025-12-23T10:30:36.011Z  INFO 7 --- [deepapp_main] [cpp-worker-output] c.d.v.i.i.cpp.CppWorkerManager           : [C++ Worker] [GrpcWorkerClient] Response sent!
2025-12-23T10:30:36.050Z DEBUG 7 --- [deepapp_main] [grpc-default-executor-2] c.d.v.i.i.grpc.BaseGrpcClientService     : Received event 'response' from 'cpp-worker' to 'java-cpp-client'
2025-12-23T10:30:39.451Z  INFO 7 --- [deepapp_main] [http-nio-8080-exec-2] c.deepapp.vn.io.workers.CppWorkerClient  : Calling C++ worker: taskId=AAA0_0100_W, eventType=process
2025-12-23T10:30:39.452Z  INFO 7 --- [deepapp_main] [http-nio-8080-exec-2] c.d.v.i.i.grpc.BaseGrpcClientService     : Sent event 'process' from 'java-cpp-client' to 'cpp-worker' with requestId=java-cpp-client_req_2
2025-12-23T10:30:39.491Z  INFO 7 --- [deepapp_main] [cpp-worker-output] c.d.v.i.i.cpp.CppWorkerManager           : [C++ Worker] 
2025-12-23T10:30:39.492Z  INFO 7 --- [deepapp_main] [cpp-worker-output] c.d.v.i.i.cpp.CppWorkerManager           : [C++ Worker] [GrpcWorkerClient] Received event:
2025-12-23T10:30:39.492Z  INFO 7 --- [deepapp_main] [cpp-worker-output] c.d.v.i.i.cpp.CppWorkerManager           : [C++ Worker]   From: java-cpp-client
2025-12-23T10:30:39.492Z  INFO 7 --- [deepapp_main] [cpp-worker-output] c.d.v.i.i.cpp.CppWorkerManager           : [C++ Worker]   To: cpp-worker
2025-12-23T10:30:39.492Z  INFO 7 --- [deepapp_main] [cpp-worker-output] c.d.v.i.i.cpp.CppWorkerManager           : [C++ Worker]   Type: process
2025-12-23T10:30:39.492Z  INFO 7 --- [deepapp_main] [cpp-worker-output] c.d.v.i.i.cpp.CppWorkerManager           : [C++ Worker]   Payload: {"user":"Anonymous","email":"demo@deepapp.io","data":""}
2025-12-23T10:30:39.492Z  INFO 7 --- [deepapp_main] [cpp-worker-output] c.d.v.i.i.cpp.CppWorkerManager           : [C++ Worker]   TaskId (from metadata): AAA0_0100_W
2025-12-23T10:30:39.492Z  INFO 7 --- [deepapp_main] [cpp-worker-output] c.d.v.i.i.cpp.CppWorkerManager           : [C++ Worker] [AAA0_0100_Worker] Processing task:
2025-12-23T10:30:39.492Z  INFO 7 --- [deepapp_main] [cpp-worker-output] c.d.v.i.i.cpp.CppWorkerManager           : [C++ Worker]   Event Type: process
2025-12-23T10:30:39.492Z  INFO 7 --- [deepapp_main] [cpp-worker-output] c.d.v.i.i.cpp.CppWorkerManager           : [C++ Worker]   Payload: {"user":"Anonymous","email":"demo@deepapp.io","data":""}
2025-12-23T10:30:39.492Z  INFO 7 --- [deepapp_main] [cpp-worker-output] c.d.v.i.i.cpp.CppWorkerManager           : [C++ Worker]   Result: {"worker":"AAA0_0100_W","status":"processed","data":"{"USER":"ANONYMOUS","EMAIL":"DEMO@DEEPAPP.IO","DATA":""}","timestamp":1766485839}
2025-12-23T10:30:39.492Z  INFO 7 --- [deepapp_main] [cpp-worker-output] c.d.v.i.i.cpp.CppWorkerManager           : [C++ Worker] [GrpcWorkerClient] Response sent!
2025-12-23T10:30:39.531Z DEBUG 7 --- [deepapp_main] [grpc-default-executor-2] c.d.v.i.i.grpc.BaseGrpcClientService     : Received event 'response' from 'cpp-worker' to 'java-cpp-client'
2025-12-23T10:30:53.116Z  INFO 7 --- [deepapp_main] [http-nio-8080-exec-3] c.deepapp.vn.io.workers.CppWorkerClient  : Calling C++ worker: taskId=AAA0_0100_W, eventType=process
2025-12-23T10:30:53.118Z  INFO 7 --- [deepapp_main] [http-nio-8080-exec-3] c.d.v.i.i.grpc.BaseGrpcClientService     : Sent event 'process' from 'java-cpp-client' to 'cpp-worker' with requestId=java-cpp-client_req_3
2025-12-23T10:30:53.158Z  INFO 7 --- [deepapp_main] [cpp-worker-output] c.d.v.i.i.cpp.CppWorkerManager           : [C++ Worker] 
2025-12-23T10:30:53.158Z  INFO 7 --- [deepapp_main] [cpp-worker-output] c.d.v.i.i.cpp.CppWorkerManager           : [C++ Worker] [GrpcWorkerClient] Received event:
2025-12-23T10:30:53.159Z  INFO 7 --- [deepapp_main] [cpp-worker-output] c.d.v.i.i.cpp.CppWorkerManager           : [C++ Worker]   From: java-cpp-client
2025-12-23T10:30:53.159Z  INFO 7 --- [deepapp_main] [cpp-worker-output] c.d.v.i.i.cpp.CppWorkerManager           : [C++ Worker]   To: cpp-worker
2025-12-23T10:30:53.159Z  INFO 7 --- [deepapp_main] [cpp-worker-output] c.d.v.i.i.cpp.CppWorkerManager           : [C++ Worker]   Type: process
2025-12-23T10:30:53.160Z  INFO 7 --- [deepapp_main] [cpp-worker-output] c.d.v.i.i.cpp.CppWorkerManager           : [C++ Worker]   Payload: {"user":"Anonymous","email":"demo@deepapp.io","data":""}
2025-12-23T10:30:53.161Z  INFO 7 --- [deepapp_main] [cpp-worker-output] c.d.v.i.i.cpp.CppWorkerManager           : [C++ Worker]   TaskId (from metadata): AAA0_0100_W
2025-12-23T10:30:53.161Z  INFO 7 --- [deepapp_main] [cpp-worker-output] c.d.v.i.i.cpp.CppWorkerManager           : [C++ Worker] [AAA0_0100_Worker] Processing task:
2025-12-23T10:30:53.162Z  INFO 7 --- [deepapp_main] [cpp-worker-output] c.d.v.i.i.cpp.CppWorkerManager           : [C++ Worker]   Event Type: process
2025-12-23T10:30:53.162Z  INFO 7 --- [deepapp_main] [cpp-worker-output] c.d.v.i.i.cpp.CppWorkerManager           : [C++ Worker]   Payload: {"user":"Anonymous","email":"demo@deepapp.io","data":""}
2025-12-23T10:30:53.163Z  INFO 7 --- [deepapp_main] [cpp-worker-output] c.d.v.i.i.cpp.CppWorkerManager           : [C++ Worker]   Result: {"worker":"AAA0_0100_W","status":"processed","data":"{"USER":"ANONYMOUS","EMAIL":"DEMO@DEEPAPP.IO","DATA":""}","timestamp":1766485853}
2025-12-23T10:30:53.164Z  INFO 7 --- [deepapp_main] [cpp-worker-output] c.d.v.i.i.cpp.CppWorkerManager           : [C++ Worker] [GrpcWorkerClient] Response sent!
2025-12-23T10:30:53.201Z DEBUG 7 --- [deepapp_main] [grpc-default-executor-2] c.d.v.i.i.grpc.BaseGrpcClientService     : Received event 'response' from 'cpp-worker' to 'java-cpp-client'
2025-12-23T10:31:12.079Z  INFO 7 --- [deepapp_main] [http-nio-8080-exec-6] c.deepapp.vn.io.workers.CppWorkerClient  : Calling C++ worker: taskId=AAA0_0100_W, eventType=process
2025-12-23T10:31:12.081Z  INFO 7 --- [deepapp_main] [http-nio-8080-exec-6] c.d.v.i.i.grpc.BaseGrpcClientService     : Sent event 'process' from 'java-cpp-client' to 'cpp-worker' with requestId=java-cpp-client_req_4
2025-12-23T10:31:12.121Z  INFO 7 --- [deepapp_main] [cpp-worker-output] c.d.v.i.i.cpp.CppWorkerManager           : [C++ Worker] 
2025-12-23T10:31:12.121Z  INFO 7 --- [deepapp_main] [cpp-worker-output] c.d.v.i.i.cpp.CppWorkerManager           : [C++ Worker] [GrpcWorkerClient] Received event:
2025-12-23T10:31:12.121Z  INFO 7 --- [deepapp_main] [cpp-worker-output] c.d.v.i.i.cpp.CppWorkerManager           : [C++ Worker]   From: java-cpp-client
2025-12-23T10:31:12.121Z  INFO 7 --- [deepapp_main] [cpp-worker-output] c.d.v.i.i.cpp.CppWorkerManager           : [C++ Worker]   To: cpp-worker
2025-12-23T10:31:12.121Z  INFO 7 --- [deepapp_main] [cpp-worker-output] c.d.v.i.i.cpp.CppWorkerManager           : [C++ Worker]   Type: process
2025-12-23T10:31:12.121Z  INFO 7 --- [deepapp_main] [cpp-worker-output] c.d.v.i.i.cpp.CppWorkerManager           : [C++ Worker]   Payload: {"user":"Anonymous","email":"demo@deepapp.io","data":""}
2025-12-23T10:31:12.121Z  INFO 7 --- [deepapp_main] [cpp-worker-output] c.d.v.i.i.cpp.CppWorkerManager           : [C++ Worker]   TaskId (from metadata): AAA0_0100_W
2025-12-23T10:31:12.121Z  INFO 7 --- [deepapp_main] [cpp-worker-output] c.d.v.i.i.cpp.CppWorkerManager           : [C++ Worker] [AAA0_0100_Worker] Processing task:
2025-12-23T10:31:12.121Z  INFO 7 --- [deepapp_main] [cpp-worker-output] c.d.v.i.i.cpp.CppWorkerManager           : [C++ Worker]   Event Type: process
2025-12-23T10:31:12.121Z  INFO 7 --- [deepapp_main] [cpp-worker-output] c.d.v.i.i.cpp.CppWorkerManager           : [C++ Worker]   Payload: {"user":"Anonymous","email":"demo@deepapp.io","data":""}
2025-12-23T10:31:12.121Z  INFO 7 --- [deepapp_main] [cpp-worker-output] c.d.v.i.i.cpp.CppWorkerManager           : [C++ Worker]   Result: {"worker":"AAA0_0100_W","status":"processed","data":"{"USER":"ANONYMOUS","EMAIL":"DEMO@DEEPAPP.IO","DATA":""}","timestamp":1766485872}
2025-12-23T10:31:12.122Z  INFO 7 --- [deepapp_main] [cpp-worker-output] c.d.v.i.i.cpp.CppWorkerManager           : [C++ Worker] [GrpcWorkerClient] Response sent!
2025-12-23T10:31:12.159Z DEBUG 7 --- [deepapp_main] [grpc-default-executor-2] c.d.v.i.i.grpc.BaseGrpcClientService     : Received event 'response' from 'cpp-worker' to 'java-cpp-client'
2025-12-23T10:31:36.119Z  INFO 7 --- [deepapp_main] [http-nio-8080-exec-3] c.deepapp.vn.io.workers.CppWorkerClient  : Calling C++ worker: taskId=AAA0_0100_W, eventType=string
2025-12-23T10:31:36.120Z  INFO 7 --- [deepapp_main] [http-nio-8080-exec-3] c.d.v.i.i.grpc.BaseGrpcClientService     : Sent event 'string' from 'java-cpp-client' to 'cpp-worker' with requestId=java-cpp-client_req_5
2025-12-23T10:31:36.158Z  INFO 7 --- [deepapp_main] [cpp-worker-output] c.d.v.i.i.cpp.CppWorkerManager           : [C++ Worker] 
2025-12-23T10:31:36.159Z  INFO 7 --- [deepapp_main] [cpp-worker-output] c.d.v.i.i.cpp.CppWorkerManager           : [C++ Worker] [GrpcWorkerClient] Received event:
2025-12-23T10:31:36.159Z  INFO 7 --- [deepapp_main] [cpp-worker-output] c.d.v.i.i.cpp.CppWorkerManager           : [C++ Worker]   From: java-cpp-client
2025-12-23T10:31:36.159Z  INFO 7 --- [deepapp_main] [cpp-worker-output] c.d.v.i.i.cpp.CppWorkerManager           : [C++ Worker]   To: cpp-worker
2025-12-23T10:31:36.159Z  INFO 7 --- [deepapp_main] [cpp-worker-output] c.d.v.i.i.cpp.CppWorkerManager           : [C++ Worker]   Type: string
2025-12-23T10:31:36.159Z  INFO 7 --- [deepapp_main] [cpp-worker-output] c.d.v.i.i.cpp.CppWorkerManager           : [C++ Worker]   Payload: hehee
2025-12-23T10:31:36.159Z  INFO 7 --- [deepapp_main] [cpp-worker-output] c.d.v.i.i.cpp.CppWorkerManager           : [C++ Worker]   TaskId (from metadata): AAA0_0100_W
2025-12-23T10:31:36.159Z  INFO 7 --- [deepapp_main] [cpp-worker-output] c.d.v.i.i.cpp.CppWorkerManager           : [C++ Worker] [AAA0_0100_Worker] Processing task:
2025-12-23T10:31:36.159Z  INFO 7 --- [deepapp_main] [cpp-worker-output] c.d.v.i.i.cpp.CppWorkerManager           : [C++ Worker]   Event Type: string
2025-12-23T10:31:36.159Z  INFO 7 --- [deepapp_main] [cpp-worker-output] c.d.v.i.i.cpp.CppWorkerManager           : [C++ Worker]   Payload: hehee
2025-12-23T10:31:36.159Z  INFO 7 --- [deepapp_main] [cpp-worker-output] c.d.v.i.i.cpp.CppWorkerManager           : [C++ Worker]   Result: {"worker":"AAA0_0100_W","status":"unknown_event","data":"Event type 'string' not supported","timestamp":1766485896}
2025-12-23T10:31:36.159Z  INFO 7 --- [deepapp_main] [cpp-worker-output] c.d.v.i.i.cpp.CppWorkerManager           : [C++ Worker] [GrpcWorkerClient] Response sent!
2025-12-23T10:31:36.199Z DEBUG 7 --- [deepapp_main] [grpc-default-executor-2] c.d.v.i.i.grpc.BaseGrpcClientService     : Received event 'response' from 'cpp-worker' to 'java-cpp-client'
2025-12-23T10:31:43.485Z  INFO 7 --- [deepapp_main] [http-nio-8080-exec-4] c.deepapp.vn.io.workers.CppWorkerClient  : Calling C++ worker: taskId=AAA0_0100_W, eventType=call
2025-12-23T10:31:43.487Z  INFO 7 --- [deepapp_main] [http-nio-8080-exec-4] c.d.v.i.i.grpc.BaseGrpcClientService     : Sent event 'call' from 'java-cpp-client' to 'cpp-worker' with requestId=java-cpp-client_req_6
2025-12-23T10:31:43.525Z  INFO 7 --- [deepapp_main] [cpp-worker-output] c.d.v.i.i.cpp.CppWorkerManager           : [C++ Worker] 
2025-12-23T10:31:43.525Z  INFO 7 --- [deepapp_main] [cpp-worker-output] c.d.v.i.i.cpp.CppWorkerManager           : [C++ Worker] [GrpcWorkerClient] Received event:
2025-12-23T10:31:43.526Z  INFO 7 --- [deepapp_main] [cpp-worker-output] c.d.v.i.i.cpp.CppWorkerManager           : [C++ Worker]   From: java-cpp-client
2025-12-23T10:31:43.526Z  INFO 7 --- [deepapp_main] [cpp-worker-output] c.d.v.i.i.cpp.CppWorkerManager           : [C++ Worker]   To: cpp-worker
2025-12-23T10:31:43.526Z  INFO 7 --- [deepapp_main] [cpp-worker-output] c.d.v.i.i.cpp.CppWorkerManager           : [C++ Worker]   Type: call
2025-12-23T10:31:43.526Z  INFO 7 --- [deepapp_main] [cpp-worker-output] c.d.v.i.i.cpp.CppWorkerManager           : [C++ Worker]   Payload: hehee
2025-12-23T10:31:43.526Z  INFO 7 --- [deepapp_main] [cpp-worker-output] c.d.v.i.i.cpp.CppWorkerManager           : [C++ Worker]   TaskId (from metadata): AAA0_0100_W
2025-12-23T10:31:43.526Z  INFO 7 --- [deepapp_main] [cpp-worker-output] c.d.v.i.i.cpp.CppWorkerManager           : [C++ Worker] [AAA0_0100_Worker] Processing task:
2025-12-23T10:31:43.526Z  INFO 7 --- [deepapp_main] [cpp-worker-output] c.d.v.i.i.cpp.CppWorkerManager           : [C++ Worker]   Event Type: call
2025-12-23T10:31:43.526Z  INFO 7 --- [deepapp_main] [cpp-worker-output] c.d.v.i.i.cpp.CppWorkerManager           : [C++ Worker]   Payload: hehee
2025-12-23T10:31:43.526Z  INFO 7 --- [deepapp_main] [cpp-worker-output] c.d.v.i.i.cpp.CppWorkerManager           : [C++ Worker]   Result: {"worker":"AAA0_0100_W","status":"unknown_event","data":"Event type 'call' not supported","timestamp":1766485903}
2025-12-23T10:31:43.526Z  INFO 7 --- [deepapp_main] [cpp-worker-output] c.d.v.i.i.cpp.CppWorkerManager           : [C++ Worker] [GrpcWorkerClient] Response sent!
2025-12-23T10:31:43.565Z DEBUG 7 --- [deepapp_main] [grpc-default-executor-2] c.d.v.i.i.grpc.BaseGrpcClientService     : Received event 'response' from 'cpp-worker' to 'java-cpp-client'
2025-12-23T10:32:02.252Z  INFO 7 --- [deepapp_main] [http-nio-8080-exec-10] c.deepapp.vn.io.workers.CppWorkerClient  : Calling C++ worker: taskId=AAA0_0100_W, eventType=echo
2025-12-23T10:32:02.253Z  INFO 7 --- [deepapp_main] [http-nio-8080-exec-10] c.d.v.i.i.grpc.BaseGrpcClientService     : Sent event 'echo' from 'java-cpp-client' to 'cpp-worker' with requestId=java-cpp-client_req_7
2025-12-23T10:32:02.292Z  INFO 7 --- [deepapp_main] [cpp-worker-output] c.d.v.i.i.cpp.CppWorkerManager           : [C++ Worker] 
2025-12-23T10:32:02.292Z  INFO 7 --- [deepapp_main] [cpp-worker-output] c.d.v.i.i.cpp.CppWorkerManager           : [C++ Worker] [GrpcWorkerClient] Received event:
2025-12-23T10:32:02.293Z  INFO 7 --- [deepapp_main] [cpp-worker-output] c.d.v.i.i.cpp.CppWorkerManager           : [C++ Worker]   From: java-cpp-client
2025-12-23T10:32:02.293Z  INFO 7 --- [deepapp_main] [cpp-worker-output] c.d.v.i.i.cpp.CppWorkerManager           : [C++ Worker]   To: cpp-worker
2025-12-23T10:32:02.293Z  INFO 7 --- [deepapp_main] [cpp-worker-output] c.d.v.i.i.cpp.CppWorkerManager           : [C++ Worker]   Type: echo
2025-12-23T10:32:02.293Z  INFO 7 --- [deepapp_main] [cpp-worker-output] c.d.v.i.i.cpp.CppWorkerManager           : [C++ Worker]   Payload: hehee
2025-12-23T10:32:02.293Z  INFO 7 --- [deepapp_main] [cpp-worker-output] c.d.v.i.i.cpp.CppWorkerManager           : [C++ Worker]   TaskId (from metadata): AAA0_0100_W
2025-12-23T10:32:02.293Z  INFO 7 --- [deepapp_main] [cpp-worker-output] c.d.v.i.i.cpp.CppWorkerManager           : [C++ Worker] [AAA0_0100_Worker] Processing task:
2025-12-23T10:32:02.293Z  INFO 7 --- [deepapp_main] [cpp-worker-output] c.d.v.i.i.cpp.CppWorkerManager           : [C++ Worker]   Event Type: echo
2025-12-23T10:32:02.293Z  INFO 7 --- [deepapp_main] [cpp-worker-output] c.d.v.i.i.cpp.CppWorkerManager           : [C++ Worker]   Payload: hehee
2025-12-23T10:32:02.293Z  INFO 7 --- [deepapp_main] [cpp-worker-output] c.d.v.i.i.cpp.CppWorkerManager           : [C++ Worker]   Result: {"worker":"AAA0_0100_W","status":"success","data":"hehee","timestamp":1766485922}
2025-12-23T10:32:02.293Z  INFO 7 --- [deepapp_main] [cpp-worker-output] c.d.v.i.i.cpp.CppWorkerManager           : [C++ Worker] [GrpcWorkerClient] Response sent!
2025-12-23T10:32:02.332Z DEBUG 7 --- [deepapp_main] [grpc-default-executor-2] c.d.v.i.i.grpc.BaseGrpcClientService     : Received event 'response' from 'cpp-worker' to 'java-cpp-client'
